-- phpMyAdmin SQL Dump
-- version 5.2.0
-- https://www.phpmyadmin.net/
--
-- Host: 127.0.0.1
-- Generation Time: Dec 13, 2023 at 06:50 AM
-- Server version: 10.4.27-MariaDB
-- PHP Version: 7.4.33

SET SQL_MODE = "NO_AUTO_VALUE_ON_ZERO";
START TRANSACTION;
SET time_zone = "+00:00";


/*!40101 SET @OLD_CHARACTER_SET_CLIENT=@@CHARACTER_SET_CLIENT */;
/*!40101 SET @OLD_CHARACTER_SET_RESULTS=@@CHARACTER_SET_RESULTS */;
/*!40101 SET @OLD_COLLATION_CONNECTION=@@COLLATION_CONNECTION */;
/*!40101 SET NAMES utf8mb4 */;

--
-- Database: `dmc`
--

-- --------------------------------------------------------

--
-- Table structure for table `api_task`
--

CREATE TABLE `api_task` (
  `id` bigint(20) NOT NULL,
  `title` varchar(200) NOT NULL,
  `completed` tinyint(1) DEFAULT NULL
) ENGINE=InnoDB DEFAULT CHARSET=utf8mb4 COLLATE=utf8mb4_general_ci;

--
-- Dumping data for table `api_task`
--

INSERT INTO `api_task` (`id`, `title`, `completed`) VALUES
(1, '1 Product', 0),
(2, '2 Product', 0),
(3, '3 Product', 0);

-- --------------------------------------------------------

--
-- Table structure for table `attendance_report_attendancereport`
--

CREATE TABLE `attendance_report_attendancereport` (
  `ID` int(11) NOT NULL,
  `username` varchar(100) DEFAULT NULL,
  `InTime` datetime(6) DEFAULT NULL,
  `OutTime` datetime(6) DEFAULT NULL,
  `total_work_minutes` int(11) DEFAULT NULL,
  `cumalative_work_minutes` int(11) DEFAULT NULL,
  `device_id_id` varchar(100) NOT NULL,
  `employee_id_id` varchar(100) DEFAULT NULL,
  `group_id_id` int(11) NOT NULL
) ENGINE=InnoDB DEFAULT CHARSET=utf8mb4 COLLATE=utf8mb4_general_ci;

--
-- Dumping data for table `attendance_report_attendancereport`
--

INSERT INTO `attendance_report_attendancereport` (`ID`, `username`, `InTime`, `OutTime`, `total_work_minutes`, `cumalative_work_minutes`, `device_id_id`, `employee_id_id`, `group_id_id`) VALUES
(1, 'Prince\r', '2023-12-10 16:11:09.000000', '2023-12-10 16:11:09.000000', 0, 0, 'DmcGate14', 'DMC77', 2),
(2, 'MAMUN\r', '2023-12-10 13:20:23.000000', '2023-12-10 13:20:23.000000', 0, 0, 'DmcGate14', 'DMC69', 2),
(3, 'Mr.Tanim\r', '2023-12-10 13:20:25.000000', '2023-12-10 13:20:25.000000', 0, 0, 'DmcGate14', 'DMC78', 2),
(4, 'Mr.Tanim\r', '2023-12-10 13:20:29.000000', '2023-12-10 13:20:29.000000', 0, 0, 'DmcGate14', 'DMC78', 2),
(5, 'Mr.Tanim\r', '2023-12-10 13:20:32.000000', '2023-12-10 13:20:32.000000', 0, 0, 'DmcGate14', 'DMC78', 2),
(6, 'MAMUN\r', '2023-12-10 13:20:34.000000', '2023-12-10 13:20:34.000000', 0, 0, 'DmcGate14', 'DMC69', 2),
(7, 'MAMUN\r', '2023-12-10 13:20:39.000000', '2023-12-10 13:20:39.000000', 0, 0, 'DmcGate14', 'DMC69', 2),
(8, 'Prince\r', '2023-12-10 13:20:40.000000', '2023-12-10 13:20:40.000000', 0, 0, 'DmcGate14', 'DMC77', 2),
(9, 'MAMUN\r', '2023-12-10 13:20:41.000000', '2023-12-10 13:20:41.000000', 0, 0, 'DmcGate14', 'DMC69', 2),
(10, 'Mr.Tanim\r', '2023-12-10 13:20:43.000000', '2023-12-10 13:20:43.000000', 0, 0, 'DmcGate14', 'DMC78', 2),
(11, 'MAMUN\r', '2023-12-10 13:20:46.000000', '2023-12-10 13:20:46.000000', 0, 0, 'DmcGate14', 'DMC69', 2),
(12, 'Mr.Tanim\r', '2023-12-10 13:20:49.000000', '2023-12-10 13:20:49.000000', 0, 0, 'DmcGate14', 'DMC78', 2),
(13, 'Mr.Tanim\r', '2023-12-10 13:20:52.000000', '2023-12-10 13:20:52.000000', 0, 0, 'DmcGate14', 'DMC78', 2),
(14, 'Mr.Tanim\r', '2023-12-10 13:20:55.000000', '2023-12-10 13:20:55.000000', 0, 0, 'DmcGate14', 'DMC78', 2),
(15, 'MAMUN\r', '2023-12-10 13:20:58.000000', '2023-12-10 13:20:58.000000', 0, 0, 'DmcGate14', 'DMC69', 2),
(16, 'Mr.Tanim\r', '2023-12-10 13:20:59.000000', '2023-12-10 13:20:59.000000', 0, 0, 'DmcGate14', 'DMC78', 2),
(17, 'Mr.Tanim\r', '2023-12-10 13:21:02.000000', '2023-12-10 13:21:02.000000', 0, 0, 'DmcGate14', 'DMC78', 2),
(18, 'MAMUN\r', '2023-12-10 13:21:07.000000', '2023-12-10 13:21:07.000000', 0, 0, 'DmcGate14', 'DMC69', 2),
(19, 'MAMUN\r', '2023-12-10 13:21:10.000000', '2023-12-10 13:21:10.000000', 0, 0, 'DmcGate14', 'DMC69', 2),
(20, 'Mr.Tanim\r', '2023-12-10 13:21:14.000000', '2023-12-10 13:21:14.000000', 0, 0, 'DmcGate14', 'DMC78', 2),
(21, 'Mr.Tanim\r', '2023-12-10 13:21:27.000000', '2023-12-10 13:21:27.000000', 0, 0, 'DmcGate14', 'DMC78', 2),
(22, 'Mr.Tanim\r', '2023-12-10 13:21:30.000000', '2023-12-10 13:21:30.000000', 0, 0, 'DmcGate14', 'DMC78', 2),
(23, 'Mr.Tanim\r', '2023-12-10 13:21:33.000000', '2023-12-10 13:21:33.000000', 0, 0, 'DmcGate14', 'DMC78', 2),
(24, 'Mr.Tanim\r', '2023-12-10 13:21:37.000000', '2023-12-10 13:21:37.000000', 0, 0, 'DmcGate14', 'DMC78', 2),
(25, 'MAMUN\r', '2023-12-10 13:22:08.000000', '2023-12-10 13:22:08.000000', 0, 0, 'DmcGate14', 'DMC69', 2),
(26, 'MAMUN\r', '2023-12-10 13:22:09.000000', '2023-12-10 13:22:09.000000', 0, 0, 'DmcGate14', 'DMC69', 2),
(27, 'Prince\r', '2023-12-10 13:22:38.000000', '2023-12-10 13:22:38.000000', 0, 0, 'DmcGate14', 'DMC77', 2),
(28, 'MAMUN\r', '2023-12-10 13:22:58.000000', '2023-12-10 13:22:58.000000', 0, 0, 'DmcGate14', 'DMC69', 2),
(29, 'Prince\r', '2023-12-10 13:23:08.000000', '2023-12-10 13:23:08.000000', 0, 0, 'DmcGate14', 'DMC77', 2),
(30, 'Prince\r', '2023-12-10 13:23:15.000000', '2023-12-10 13:23:15.000000', 0, 0, 'DmcGate14', 'DMC77', 2),
(31, 'MAMUN\r', '2023-12-10 13:24:04.000000', '2023-12-10 13:24:04.000000', 0, 0, 'DmcGate14', 'DMC69', 2),
(32, 'jiaur\r', '2023-12-10 13:24:12.000000', '2023-12-10 13:24:12.000000', 0, 0, 'DmcGate14', 'DMC60', 2),
(33, 'jiaur\r', '2023-12-10 13:26:01.000000', '2023-12-10 13:26:01.000000', 0, 0, 'DmcGate14', 'DMC60', 2),
(34, 'jiaur\r', '2023-12-10 13:26:04.000000', '2023-12-10 13:26:04.000000', 0, 0, 'DmcGate14', 'DMC60', 2),
(35, 'jiaur\r', '2023-12-10 13:26:07.000000', '2023-12-10 13:26:07.000000', 0, 0, 'DmcGate14', 'DMC60', 2),
(36, 'Prince\r', '2023-12-10 13:28:52.000000', '2023-12-10 13:28:52.000000', 0, 0, 'DmcGate14', 'DMC77', 2),
(37, 'Prince\r', '2023-12-10 13:28:56.000000', '2023-12-10 13:28:56.000000', 0, 0, 'DmcGate14', 'DMC77', 2),
(38, 'Prince\r', '2023-12-10 13:28:59.000000', '2023-12-10 13:28:59.000000', 0, 0, 'DmcGate14', 'DMC77', 2),
(39, 'Prince\r', '2023-12-10 13:29:02.000000', '2023-12-10 13:29:02.000000', 0, 0, 'DmcGate14', 'DMC77', 2),
(40, 'Prince\r', '2023-12-10 13:29:06.000000', '2023-12-10 13:29:06.000000', 0, 0, 'DmcGate14', 'DMC77', 2),
(41, 'Prince\r', '2023-12-10 13:29:12.000000', '2023-12-10 13:29:12.000000', 0, 0, 'DmcGate14', 'DMC77', 2),
(42, 'Prince\r', '2023-12-10 13:29:15.000000', '2023-12-10 13:29:15.000000', 0, 0, 'DmcGate14', 'DMC77', 2),
(43, 'Prince\r', '2023-12-10 13:29:18.000000', '2023-12-10 13:29:18.000000', 0, 0, 'DmcGate14', 'DMC77', 2),
(44, 'Nazmul\r', '2023-12-10 13:30:58.000000', '2023-12-10 13:30:58.000000', 0, 0, 'DmcGate14', 'DMC79', 2),
(45, 'Prince\r', '2023-12-10 13:31:32.000000', '2023-12-10 13:31:32.000000', 0, 0, 'DmcGate14', 'DMC77', 2),
(46, 'NAYEMURRAHMAN\r', '2023-12-10 13:40:16.000000', '2023-12-10 13:40:16.000000', 0, 0, 'DmcGate14', 'DMC70', 2),
(47, 'NAYEMURRAHMAN\r', '2023-12-10 13:40:26.000000', '2023-12-10 13:40:26.000000', 0, 0, 'DmcGate14', 'DMC70', 2),
(48, 'Mr.Tanim\r', '2023-12-10 13:42:15.000000', '2023-12-10 13:42:15.000000', 0, 0, 'DmcGate14', 'DMC78', 2),
(49, 'jiaur\r', '2023-12-10 13:44:06.000000', '2023-12-10 13:44:06.000000', 0, 0, 'DmcGate14', 'DMC60', 2),
(50, 'Azad\r', '2023-12-10 13:56:16.000000', '2023-12-10 13:56:16.000000', 0, 0, 'DmcGate14', 'DMC75', 2),
(51, 'MAMUN\r', '2023-12-10 14:05:46.000000', '2023-12-10 14:05:46.000000', 0, 0, 'DmcGate14', 'DMC69', 2),
(52, 'Azad\r', '2023-12-10 14:09:47.000000', '2023-12-10 14:09:47.000000', 0, 0, 'DmcGate14', 'DMC75', 2),
(53, 'rezvi\r', '2023-12-10 14:24:04.000000', '2023-12-10 14:24:04.000000', 0, 0, 'DmcGate14', '1', 2),
(54, 'rezvi\r', '2023-12-10 14:27:50.000000', '2023-12-10 14:27:50.000000', 0, 0, 'DmcGate14', '1', 2),
(55, 'MAMUN\r', '2023-12-10 14:28:00.000000', '2023-12-10 14:28:00.000000', 0, 0, 'DmcGate14', 'DMC69', 2),
(56, 'rezvi\r', '2023-12-10 14:28:11.000000', '2023-12-10 14:28:11.000000', 0, 0, 'DmcGate14', '1', 2),
(57, 'rezvi\r', '2023-12-10 14:28:15.000000', '2023-12-10 14:28:15.000000', 0, 0, 'DmcGate14', '1', 2),
(58, 'rezvi\r', '2023-12-10 14:28:18.000000', '2023-12-10 14:28:18.000000', 0, 0, 'DmcGate14', '1', 2),
(59, 'rezvi\r', '2023-12-10 14:28:24.000000', '2023-12-10 14:28:24.000000', 0, 0, 'DmcGate14', '1', 2),
(60, 'rezvi\r', '2023-12-10 14:31:14.000000', '2023-12-10 14:31:14.000000', 0, 0, 'DmcGate14', '1', 2),
(61, 'rezvi\r', '2023-12-10 14:31:28.000000', '2023-12-10 14:31:28.000000', 0, 0, 'DmcGate14', '1', 2),
(62, 'rezvi\r', '2023-12-10 14:31:34.000000', '2023-12-10 14:31:34.000000', 0, 0, 'DmcGate14', '1', 2),
(63, 'rezvi\r', '2023-12-10 14:31:41.000000', '2023-12-10 14:31:41.000000', 0, 0, 'DmcGate14', '1', 2),
(64, 'rezvi\r', '2023-12-10 14:31:44.000000', '2023-12-10 14:31:44.000000', 0, 0, 'DmcGate14', '1', 2),
(65, 'rezvi\r', '2023-12-10 14:32:06.000000', '2023-12-10 14:32:06.000000', 0, 0, 'DmcGate14', '1', 2),
(66, 'NAYEMURRAHMAN\r', '2023-12-10 14:32:12.000000', '2023-12-10 14:32:12.000000', 0, 0, 'DmcGate14', 'DMC70', 2),
(67, 'NAYEMURRAHMAN\r', '2023-12-10 14:53:47.000000', '2023-12-10 14:53:47.000000', 0, 0, 'DmcGate14', 'DMC70', 2),
(68, 'NAYEMURRAHMAN\r', '2023-12-10 14:53:55.000000', '2023-12-10 14:53:55.000000', 0, 0, 'DmcGate14', 'DMC70', 2),
(69, 'NAYEMURRAHMAN\r', '2023-12-10 14:53:59.000000', '2023-12-10 14:53:59.000000', 0, 0, 'DmcGate14', 'DMC70', 2),
(70, 'Prince\r', '2023-12-10 14:54:11.000000', '2023-12-10 14:54:11.000000', 0, 0, 'DmcGate14', 'DMC77', 2),
(71, 'Prince\r', '2023-12-10 15:17:02.000000', '2023-12-10 15:17:02.000000', 0, 0, 'DmcGate14', 'DMC77', 2),
(72, 'Prince\r', '2023-12-10 15:17:06.000000', '2023-12-10 15:17:06.000000', 0, 0, 'DmcGate14', 'DMC77', 2),
(73, 'Prince\r', '2023-12-10 15:17:09.000000', '2023-12-10 15:17:09.000000', 0, 0, 'DmcGate14', 'DMC77', 2),
(74, 'Prince\r', '2023-12-10 15:17:12.000000', '2023-12-10 15:17:12.000000', 0, 0, 'DmcGate14', 'DMC77', 2),
(75, 'Prince\r', '2023-12-10 15:17:16.000000', '2023-12-10 15:17:16.000000', 0, 0, 'DmcGate14', 'DMC77', 2),
(76, 'jamiul\r', '2023-12-10 15:33:54.000000', '2023-12-10 15:33:54.000000', 0, 0, 'DmcGate14', 'DMC66', 2),
(77, 'jamiul\r', '2023-12-10 15:33:57.000000', '2023-12-10 15:33:57.000000', 0, 0, 'DmcGate14', 'DMC66', 2),
(78, 'jamiul\r', '2023-12-10 15:40:48.000000', '2023-12-10 15:40:48.000000', 0, 0, 'DmcGate14', 'DMC66', 2),
(79, 'jamiul\r', '2023-12-10 15:41:16.000000', '2023-12-10 15:41:16.000000', 0, 0, 'DmcGate14', 'DMC66', 2),
(80, 'jamiul\r', '2023-12-10 15:59:05.000000', '2023-12-10 15:59:05.000000', 0, 0, 'DmcGate14', 'DMC66', 2),
(81, 'Urmi Hera\r', '2023-12-10 16:09:41.000000', '2023-12-10 16:09:41.000000', 0, 0, 'DmcGate14', 'DMC40', 2),
(82, 'Prince\r', '2023-12-10 16:11:09.000000', '2023-12-10 16:11:09.000000', 0, 0, 'DmcGate14', 'DMC77', 2),
(83, 'MAMUN\r', '2023-12-10 13:20:23.000000', '2023-12-10 13:20:23.000000', 0, 0, 'DmcGate1', 'DMC69', 2),
(84, 'Mr.Tanim\r', '2023-12-10 13:20:25.000000', '2023-12-10 13:20:25.000000', 0, 0, 'DmcGate1', 'DMC78', 2),
(85, 'Mr.Tanim\r', '2023-12-10 13:20:29.000000', '2023-12-10 13:20:29.000000', 0, 0, 'DmcGate1', 'DMC78', 2),
(86, 'Mr.Tanim\r', '2023-12-10 13:20:32.000000', '2023-12-10 13:20:32.000000', 0, 0, 'DmcGate1', 'DMC78', 2),
(87, 'MAMUN\r', '2023-12-10 13:20:34.000000', '2023-12-10 13:20:34.000000', 0, 0, 'DmcGate1', 'DMC69', 2),
(88, 'MAMUN\r', '2023-12-10 13:20:39.000000', '2023-12-10 13:20:39.000000', 0, 0, 'DmcGate1', 'DMC69', 2),
(89, 'Prince\r', '2023-12-10 13:20:40.000000', '2023-12-10 13:20:40.000000', 0, 0, 'DmcGate1', 'DMC77', 2),
(90, 'MAMUN\r', '2023-12-10 13:20:41.000000', '2023-12-10 13:20:41.000000', 0, 0, 'DmcGate1', 'DMC69', 2),
(91, 'Mr.Tanim\r', '2023-12-10 13:20:43.000000', '2023-12-10 13:20:43.000000', 0, 0, 'DmcGate1', 'DMC78', 2),
(92, 'MAMUN\r', '2023-12-10 13:20:46.000000', '2023-12-10 13:20:46.000000', 0, 0, 'DmcGate1', 'DMC69', 2),
(93, 'Mr.Tanim\r', '2023-12-10 13:20:49.000000', '2023-12-10 13:20:49.000000', 0, 0, 'DmcGate1', 'DMC78', 2),
(94, 'Mr.Tanim\r', '2023-12-10 13:20:52.000000', '2023-12-10 13:20:52.000000', 0, 0, 'DmcGate1', 'DMC78', 2),
(95, 'Mr.Tanim\r', '2023-12-10 13:20:55.000000', '2023-12-10 13:20:55.000000', 0, 0, 'DmcGate1', 'DMC78', 2),
(96, 'MAMUN\r', '2023-12-10 13:20:58.000000', '2023-12-10 13:20:58.000000', 0, 0, 'DmcGate1', 'DMC69', 2),
(97, 'Mr.Tanim\r', '2023-12-10 13:20:59.000000', '2023-12-10 13:20:59.000000', 0, 0, 'DmcGate1', 'DMC78', 2),
(98, 'Mr.Tanim\r', '2023-12-10 13:21:02.000000', '2023-12-10 13:21:02.000000', 0, 0, 'DmcGate1', 'DMC78', 2),
(99, 'MAMUN\r', '2023-12-10 13:21:07.000000', '2023-12-10 13:21:07.000000', 0, 0, 'DmcGate1', 'DMC69', 2),
(100, 'MAMUN\r', '2023-12-10 13:21:10.000000', '2023-12-10 13:21:10.000000', 0, 0, 'DmcGate1', 'DMC69', 2),
(101, 'Mr.Tanim\r', '2023-12-10 13:21:14.000000', '2023-12-10 13:21:14.000000', 0, 0, 'DmcGate1', 'DMC78', 2),
(102, 'Mr.Tanim\r', '2023-12-10 13:21:27.000000', '2023-12-10 13:21:27.000000', 0, 0, 'DmcGate1', 'DMC78', 2),
(103, 'Mr.Tanim\r', '2023-12-10 13:21:30.000000', '2023-12-10 13:21:30.000000', 0, 0, 'DmcGate1', 'DMC78', 2),
(104, 'Mr.Tanim\r', '2023-12-10 13:21:33.000000', '2023-12-10 13:21:33.000000', 0, 0, 'DmcGate1', 'DMC78', 2),
(105, 'Mr.Tanim\r', '2023-12-10 13:21:37.000000', '2023-12-10 13:21:37.000000', 0, 0, 'DmcGate1', 'DMC78', 2),
(106, 'MAMUN\r', '2023-12-10 13:22:08.000000', '2023-12-10 13:22:08.000000', 0, 0, 'DmcGate1', 'DMC69', 2),
(107, 'MAMUN\r', '2023-12-10 13:22:09.000000', '2023-12-10 13:22:09.000000', 0, 0, 'DmcGate1', 'DMC69', 2),
(108, 'Prince\r', '2023-12-10 13:22:38.000000', '2023-12-10 13:22:38.000000', 0, 0, 'DmcGate1', 'DMC77', 2),
(109, 'MAMUN\r', '2023-12-10 13:22:58.000000', '2023-12-10 13:22:58.000000', 0, 0, 'DmcGate1', 'DMC69', 2),
(110, 'Prince\r', '2023-12-10 13:23:08.000000', '2023-12-10 13:23:08.000000', 0, 0, 'DmcGate1', 'DMC77', 2),
(111, 'Prince\r', '2023-12-10 13:23:15.000000', '2023-12-10 13:23:15.000000', 0, 0, 'DmcGate1', 'DMC77', 2),
(112, 'MAMUN\r', '2023-12-10 13:24:04.000000', '2023-12-10 13:24:04.000000', 0, 0, 'DmcGate1', 'DMC69', 2),
(113, 'jiaur\r', '2023-12-10 13:24:12.000000', '2023-12-10 13:24:12.000000', 0, 0, 'DmcGate1', 'DMC60', 2),
(114, 'jiaur\r', '2023-12-10 13:26:01.000000', '2023-12-10 13:26:01.000000', 0, 0, 'DmcGate1', 'DMC60', 2),
(115, 'jiaur\r', '2023-12-10 13:26:04.000000', '2023-12-10 13:26:04.000000', 0, 0, 'DmcGate1', 'DMC60', 2),
(116, 'jiaur\r', '2023-12-10 13:26:07.000000', '2023-12-10 13:26:07.000000', 0, 0, 'DmcGate1', 'DMC60', 2),
(117, 'Prince\r', '2023-12-10 13:28:52.000000', '2023-12-10 13:28:52.000000', 0, 0, 'DmcGate1', 'DMC77', 2),
(118, 'Prince\r', '2023-12-10 13:28:56.000000', '2023-12-10 13:28:56.000000', 0, 0, 'DmcGate1', 'DMC77', 2),
(119, 'Prince\r', '2023-12-10 13:28:59.000000', '2023-12-10 13:28:59.000000', 0, 0, 'DmcGate1', 'DMC77', 2),
(120, 'Prince\r', '2023-12-10 13:29:02.000000', '2023-12-10 13:29:02.000000', 0, 0, 'DmcGate1', 'DMC77', 2),
(121, 'Prince\r', '2023-12-10 13:29:06.000000', '2023-12-10 13:29:06.000000', 0, 0, 'DmcGate1', 'DMC77', 2),
(122, 'Prince\r', '2023-12-10 13:29:12.000000', '2023-12-10 13:29:12.000000', 0, 0, 'DmcGate1', 'DMC77', 2),
(123, 'Prince\r', '2023-12-10 13:29:15.000000', '2023-12-10 13:29:15.000000', 0, 0, 'DmcGate1', 'DMC77', 2),
(124, 'Prince\r', '2023-12-10 13:29:18.000000', '2023-12-10 13:29:18.000000', 0, 0, 'DmcGate1', 'DMC77', 2),
(125, 'Nazmul\r', '2023-12-10 13:30:58.000000', '2023-12-10 13:30:58.000000', 0, 0, 'DmcGate1', 'DMC79', 2),
(126, 'Prince\r', '2023-12-10 13:31:32.000000', '2023-12-10 13:31:32.000000', 0, 0, 'DmcGate1', 'DMC77', 2),
(127, 'NAYEMURRAHMAN\r', '2023-12-10 13:40:16.000000', '2023-12-10 13:40:16.000000', 0, 0, 'DmcGate1', 'DMC70', 2),
(128, 'NAYEMURRAHMAN\r', '2023-12-10 13:40:26.000000', '2023-12-10 13:40:26.000000', 0, 0, 'DmcGate1', 'DMC70', 2),
(129, 'Mr.Tanim\r', '2023-12-10 13:42:15.000000', '2023-12-10 13:42:15.000000', 0, 0, 'DmcGate1', 'DMC78', 2),
(130, 'jiaur\r', '2023-12-10 13:44:06.000000', '2023-12-10 13:44:06.000000', 0, 0, 'DmcGate1', 'DMC60', 2),
(131, 'Azad\r', '2023-12-10 13:56:16.000000', '2023-12-10 13:56:16.000000', 0, 0, 'DmcGate1', 'DMC75', 2),
(132, 'MAMUN\r', '2023-12-10 14:05:46.000000', '2023-12-10 14:05:46.000000', 0, 0, 'DmcGate1', 'DMC69', 2),
(133, 'Azad\r', '2023-12-10 14:09:47.000000', '2023-12-10 14:09:47.000000', 0, 0, 'DmcGate1', 'DMC75', 2),
(134, 'rezvi\r', '2023-12-10 14:24:04.000000', '2023-12-10 14:24:04.000000', 0, 0, 'DmcGate1', '1', 2),
(135, 'rezvi\r', '2023-12-10 14:27:50.000000', '2023-12-10 14:27:50.000000', 0, 0, 'DmcGate1', '1', 2),
(136, 'MAMUN\r', '2023-12-10 14:28:00.000000', '2023-12-10 14:28:00.000000', 0, 0, 'DmcGate1', 'DMC69', 2),
(137, 'rezvi\r', '2023-12-10 14:28:11.000000', '2023-12-10 14:28:11.000000', 0, 0, 'DmcGate1', '1', 2),
(138, 'rezvi\r', '2023-12-10 14:28:15.000000', '2023-12-10 14:28:15.000000', 0, 0, 'DmcGate1', '1', 2),
(139, 'rezvi\r', '2023-12-10 14:28:18.000000', '2023-12-10 14:28:18.000000', 0, 0, 'DmcGate1', '1', 2),
(140, 'rezvi\r', '2023-12-10 14:28:24.000000', '2023-12-10 14:28:24.000000', 0, 0, 'DmcGate1', '1', 2),
(141, 'rezvi\r', '2023-12-10 14:31:14.000000', '2023-12-10 14:31:14.000000', 0, 0, 'DmcGate1', '1', 2),
(142, 'rezvi\r', '2023-12-10 14:31:28.000000', '2023-12-10 14:31:28.000000', 0, 0, 'DmcGate1', '1', 2),
(143, 'rezvi\r', '2023-12-10 14:31:34.000000', '2023-12-10 14:31:34.000000', 0, 0, 'DmcGate1', '1', 2),
(144, 'rezvi\r', '2023-12-10 14:31:41.000000', '2023-12-10 14:31:41.000000', 0, 0, 'DmcGate1', '1', 2),
(145, 'rezvi\r', '2023-12-10 14:31:44.000000', '2023-12-10 14:31:44.000000', 0, 0, 'DmcGate1', '1', 2),
(146, 'rezvi\r', '2023-12-10 14:32:06.000000', '2023-12-10 14:32:06.000000', 0, 0, 'DmcGate1', '1', 2),
(147, 'NAYEMURRAHMAN\r', '2023-12-10 14:32:12.000000', '2023-12-10 14:32:12.000000', 0, 0, 'DmcGate1', 'DMC70', 2),
(148, 'NAYEMURRAHMAN\r', '2023-12-10 14:53:47.000000', '2023-12-10 14:53:47.000000', 0, 0, 'DmcGate1', 'DMC70', 2),
(149, 'NAYEMURRAHMAN\r', '2023-12-10 14:53:55.000000', '2023-12-10 14:53:55.000000', 0, 0, 'DmcGate1', 'DMC70', 2),
(150, 'NAYEMURRAHMAN\r', '2023-12-10 14:53:59.000000', '2023-12-10 14:53:59.000000', 0, 0, 'DmcGate1', 'DMC70', 2),
(151, 'Prince\r', '2023-12-10 14:54:11.000000', '2023-12-10 14:54:11.000000', 0, 0, 'DmcGate1', 'DMC77', 2),
(152, 'Prince\r', '2023-12-10 15:17:02.000000', '2023-12-10 15:17:02.000000', 0, 0, 'DmcGate1', 'DMC77', 2),
(153, 'Prince\r', '2023-12-10 15:17:06.000000', '2023-12-10 15:17:06.000000', 0, 0, 'DmcGate1', 'DMC77', 2),
(154, 'Prince\r', '2023-12-10 15:17:09.000000', '2023-12-10 15:17:09.000000', 0, 0, 'DmcGate1', 'DMC77', 2),
(155, 'Prince\r', '2023-12-10 15:17:12.000000', '2023-12-10 15:17:12.000000', 0, 0, 'DmcGate1', 'DMC77', 2),
(156, 'Prince\r', '2023-12-10 15:17:16.000000', '2023-12-10 15:17:16.000000', 0, 0, 'DmcGate1', 'DMC77', 2),
(157, 'jamiul\r', '2023-12-10 15:33:54.000000', '2023-12-10 15:33:54.000000', 0, 0, 'DmcGate1', 'DMC66', 2),
(158, 'jamiul\r', '2023-12-10 15:33:57.000000', '2023-12-10 15:33:57.000000', 0, 0, 'DmcGate1', 'DMC66', 2),
(159, 'jamiul\r', '2023-12-10 15:40:48.000000', '2023-12-10 15:40:48.000000', 0, 0, 'DmcGate1', 'DMC66', 2),
(160, 'jamiul\r', '2023-12-10 15:41:16.000000', '2023-12-10 15:41:16.000000', 0, 0, 'DmcGate1', 'DMC66', 2),
(161, 'jamiul\r', '2023-12-10 15:59:05.000000', '2023-12-10 15:59:05.000000', 0, 0, 'DmcGate1', 'DMC66', 2),
(162, 'Urmi Hera\r', '2023-12-10 16:09:41.000000', '2023-12-10 16:09:41.000000', 0, 0, 'DmcGate1', 'DMC40', 2),
(163, 'Prince\r', '2023-12-10 16:11:09.000000', '2023-12-10 16:11:09.000000', 0, 0, 'DmcGate1', 'DMC77', 2),
(164, 'Urmi Hera\r', '2023-12-10 16:16:13.000000', '2023-12-10 16:16:13.000000', 0, 0, 'DmcGate14', 'DMC40', 2),
(165, 'Azad\r', '2023-12-10 16:16:37.000000', '2023-12-10 16:16:37.000000', 0, 0, 'DmcGate14', 'DMC75', 2),
(166, 'Prince\r', '2023-12-10 16:18:20.000000', '2023-12-10 16:18:20.000000', 0, 0, 'DmcGate14', 'DMC77', 2),
(167, 'jiaur\r', '2023-12-10 16:20:58.000000', '2023-12-10 16:20:58.000000', 0, 0, 'DmcGate14', 'DMC60', 2),
(168, 'Nazmul\r', '2023-12-10 16:25:23.000000', '2023-12-10 16:25:23.000000', 0, 0, 'DmcGate14', 'DMC79', 2),
(170, 'Prince\r', '2023-12-10 16:51:39.000000', '2023-12-10 16:51:39.000000', 0, 0, 'DmcGate14', 'DMC77', 2),
(171, 'Prince\r', '2023-12-10 16:51:42.000000', '2023-12-10 16:51:42.000000', 0, 0, 'DmcGate14', 'DMC77', 2),
(172, 'Prince\r', '2023-12-10 16:51:45.000000', '2023-12-10 16:51:45.000000', 0, 0, 'DmcGate14', 'DMC77', 2),
(173, 'Urmi Hera\r', '2023-12-10 16:56:22.000000', '2023-12-10 16:56:22.000000', 0, 0, 'DmcGate14', 'DMC40', 2),
(174, 'Urmi Hera\r', '2023-12-10 16:56:25.000000', '2023-12-10 16:56:25.000000', 0, 0, 'DmcGate14', 'DMC40', 2),
(175, 'jiaur\r', '2023-12-10 17:01:36.000000', '2023-12-10 17:01:36.000000', 0, 0, 'DmcGate14', 'DMC60', 2),
(176, 'jiaur\r', '2023-12-10 17:05:19.000000', '2023-12-10 17:05:19.000000', 0, 0, 'DmcGate14', 'DMC60', 2),
(177, 'Prince\r', '2023-12-10 17:05:23.000000', '2023-12-10 17:05:23.000000', 0, 0, 'DmcGate14', 'DMC77', 2),
(178, 'Prince\r', '2023-12-10 17:05:27.000000', '2023-12-10 17:05:27.000000', 0, 0, 'DmcGate14', 'DMC77', 2),
(179, 'Prince\r', '2023-12-10 17:05:33.000000', '2023-12-10 17:05:33.000000', 0, 0, 'DmcGate14', 'DMC77', 2),
(180, 'Prince\r', '2023-12-10 17:05:36.000000', '2023-12-10 17:05:36.000000', 0, 0, 'DmcGate14', 'DMC77', 2),
(181, 'Prince\r', '2023-12-10 17:07:15.000000', '2023-12-10 17:07:15.000000', 0, 0, 'DmcGate14', 'DMC77', 2),
(182, 'Nazmul\r', '2023-12-10 17:17:31.000000', '2023-12-10 17:17:31.000000', 0, 0, 'DmcGate14', 'DMC79', 2),
(183, 'Urmi Hera\r', '2023-12-10 17:23:59.000000', '2023-12-10 17:23:59.000000', 0, 0, 'DmcGate14', 'DMC40', 2),
(184, 'MAMUN\r', '2023-12-10 17:25:00.000000', '2023-12-10 17:25:00.000000', 0, 0, 'DmcGate14', 'DMC69', 2),
(185, 'Mihal\r', '2023-12-10 17:25:29.000000', '2023-12-10 17:25:29.000000', 0, 0, 'DmcGate14', 'DMC76', 2),
(186, 'Azad\r', '2023-12-10 17:25:37.000000', '2023-12-10 17:25:37.000000', 0, 0, 'DmcGate14', 'DMC75', 2),
(187, 'Nazmul\r', '2023-12-10 17:26:03.000000', '2023-12-10 17:26:03.000000', 0, 0, 'DmcGate14', 'DMC79', 2),
(188, 'Nazmul\r', '2023-12-10 17:26:06.000000', '2023-12-10 17:26:06.000000', 0, 0, 'DmcGate14', 'DMC79', 2),
(189, 'Prince\r', '2023-12-10 17:32:19.000000', '2023-12-10 17:32:19.000000', 0, 0, 'DmcGate14', 'DMC77', 2),
(190, 'Prince\r', '2023-12-10 17:32:24.000000', '2023-12-10 17:32:24.000000', 0, 0, 'DmcGate14', 'DMC77', 2),
(191, 'Prince\r', '2023-12-10 17:34:13.000000', '2023-12-10 17:34:13.000000', 0, 0, 'DmcGate14', 'DMC77', 2),
(192, 'Prince\r', '2023-12-10 17:34:20.000000', '2023-12-10 17:34:20.000000', 0, 0, 'DmcGate14', 'DMC77', 2),
(193, 'Prince\r', '2023-12-10 17:34:25.000000', '2023-12-10 17:34:25.000000', 0, 0, 'DmcGate14', 'DMC77', 2),
(194, 'Prince\r', '2023-12-10 17:34:35.000000', '2023-12-10 17:34:35.000000', 0, 0, 'DmcGate14', 'DMC77', 2),
(195, 'Prince\r', '2023-12-10 17:34:50.000000', '2023-12-10 17:34:50.000000', 0, 0, 'DmcGate14', 'DMC77', 2),
(196, 'Prince\r', '2023-12-10 17:35:31.000000', '2023-12-10 17:35:31.000000', 0, 0, 'DmcGate14', 'DMC77', 2),
(197, 'Urmi Hera\r', '2023-12-10 17:36:55.000000', '2023-12-10 17:36:55.000000', 0, 0, 'DmcGate14', 'DMC40', 2),
(198, 'Nazmul\r', '2023-12-10 17:45:29.000000', '2023-12-10 17:45:29.000000', 0, 0, 'DmcGate14', 'DMC79', 2),
(199, 'MAMUN\r', '2023-12-10 18:02:22.000000', '2023-12-10 18:02:22.000000', 0, 0, 'DmcGate14', 'DMC69', 2),
(200, 'jamiul\r', '2023-12-10 18:04:27.000000', '2023-12-10 18:04:27.000000', 0, 0, 'DmcGate14', 'DMC66', 2),
(201, 'Azad\r', '2023-12-10 18:04:40.000000', '2023-12-10 18:04:40.000000', 0, 0, 'DmcGate14', 'DMC75', 2),
(202, 'Mihal\r', '2023-12-10 18:09:44.000000', '2023-12-10 18:09:44.000000', 0, 0, 'DmcGate14', 'DMC76', 2),
(203, 'Azad\r', '2023-12-10 18:12:45.000000', '2023-12-10 18:12:45.000000', 0, 0, 'DmcGate14', 'DMC75', 2),
(204, 'Mihal\r', '2023-12-10 18:12:47.000000', '2023-12-10 18:12:47.000000', 0, 0, 'DmcGate14', 'DMC76', 2),
(205, 'Urmi Hera\r', '2023-12-10 18:23:28.000000', '2023-12-10 18:23:28.000000', 0, 0, 'DmcGate14', 'DMC40', 2),
(206, 'Mihal\r', '2023-12-10 18:24:26.000000', '2023-12-10 18:24:26.000000', 0, 0, 'DmcGate14', 'DMC76', 2),
(207, 'Mihal\r', '2023-12-10 18:26:27.000000', '2023-12-10 18:26:27.000000', 0, 0, 'DmcGate14', 'DMC76', 2),
(208, 'Nazmul\r', '2023-12-10 18:28:23.000000', '2023-12-10 18:28:23.000000', 0, 0, 'DmcGate14', 'DMC79', 2),
(209, 'Urmi Hera\r', '2023-12-10 18:40:00.000000', '2023-12-10 18:40:00.000000', 0, 0, 'DmcGate1', 'DMC40', 2),
(210, 'Azad\r', '2023-12-11 08:41:30.000000', '2023-12-11 08:41:30.000000', 0, 0, 'DmcGate14', 'DMC75', 2),
(211, 'Azad\r', '2023-12-11 08:42:51.000000', '2023-12-11 08:42:51.000000', 0, 0, 'DmcGate14', 'DMC75', 2),
(212, 'jiaur\r', '2023-12-11 08:55:40.000000', '2023-12-11 08:55:40.000000', 0, 0, 'DmcGate14', 'DMC60', 2),
(213, 'Azad\r', '2023-12-11 09:04:15.000000', '2023-12-11 09:04:15.000000', 0, 0, 'DmcGate14', 'DMC75', 2),
(214, 'NAYEMURRAHMAN\r', '2023-12-11 09:14:22.000000', '2023-12-11 09:14:22.000000', 0, 0, 'DmcGate14', 'DMC70', 2),
(215, 'Prince\r', '2023-12-11 09:14:29.000000', '2023-12-11 09:14:29.000000', 0, 0, 'DmcGate14', 'DMC77', 2),
(216, 'Prince\r', '2023-12-11 09:15:50.000000', '2023-12-11 09:15:50.000000', 0, 0, 'DmcGate14', 'DMC77', 2),
(217, 'Mihal\r', '2023-12-11 09:21:41.000000', '2023-12-11 09:21:41.000000', 0, 0, 'DmcGate14', 'DMC76', 2),
(218, 'Prince\r', '2023-12-11 09:52:40.000000', '2023-12-11 09:52:40.000000', 0, 0, 'DmcGate14', 'DMC77', 2),
(219, 'Prince\r', '2023-12-11 10:01:04.000000', '2023-12-11 10:01:04.000000', 0, 0, 'DmcGate14', 'DMC77', 2),
(220, 'jiaur\r', '2023-12-11 10:07:33.000000', '2023-12-11 10:07:33.000000', 0, 0, 'DmcGate14', 'DMC60', 2),
(221, 'Azad\r', '2023-12-11 10:14:37.000000', '2023-12-11 10:14:37.000000', 0, 0, 'DmcGate14', 'DMC75', 2),
(222, 'Azad\r', '2023-12-11 10:23:59.000000', '2023-12-11 10:23:59.000000', 0, 0, 'DmcGate14', 'DMC75', 2),
(223, 'Azad\r', '2023-12-11 10:25:11.000000', '2023-12-11 10:25:11.000000', 0, 0, 'DmcGate1', 'DMC75', 2),
(224, 'Nazmul\r', '2023-12-11 10:27:06.000000', '2023-12-11 10:27:06.000000', 0, 0, 'DmcGate14', 'DMC79', 2),
(225, 'Mihal\r', '2023-12-11 10:41:57.000000', '2023-12-11 10:41:57.000000', 0, 0, 'DmcGate14', 'DMC76', 2),
(226, 'Mihal\r', '2023-12-11 11:15:43.000000', '2023-12-11 11:15:43.000000', 0, 0, 'DmcGate14', 'DMC76', 2),
(227, 'MAMUN\r', '2023-12-11 11:27:20.000000', '2023-12-11 11:27:20.000000', 0, 0, 'DmcGate14', 'DMC69', 2),
(228, 'Urmi Hera\r', '2023-12-11 11:27:43.000000', '2023-12-11 11:27:43.000000', 0, 0, 'DmcGate14', 'DMC40', 2),
(229, 'Urmi Hera\r', '2023-12-11 11:28:30.000000', '2023-12-11 11:28:30.000000', 0, 0, 'DmcGate14', 'DMC40', 2),
(230, 'Urmi Hera\r', '2023-12-11 11:30:06.000000', '2023-12-11 11:30:06.000000', 0, 0, 'DmcGate14', 'DMC40', 2),
(231, 'Urmi Hera\r', '2023-12-11 11:30:46.000000', '2023-12-11 11:30:46.000000', 0, 0, 'DmcGate14', 'DMC40', 2),
(232, 'Azad\r', '2023-12-11 11:34:20.000000', '2023-12-11 11:34:20.000000', 0, 0, 'DmcGate14', 'DMC75', 2),
(233, 'NAYEMURRAHMAN\r', '2023-12-11 12:10:15.000000', '2023-12-11 12:10:15.000000', 0, 0, 'DmcGate14', 'DMC70', 2),
(234, 'NAYEMURRAHMAN\r', '2023-12-11 12:10:20.000000', '2023-12-11 12:10:20.000000', 0, 0, 'DmcGate14', 'DMC70', 2),
(235, 'Prince\r', '2023-12-11 12:20:17.000000', '2023-12-11 12:20:17.000000', 0, 0, 'DmcGate14', 'DMC77', 2),
(236, 'Urmi Hera\r', '2023-12-11 13:02:57.000000', '2023-12-11 13:02:57.000000', 0, 0, 'DmcGate14', 'DMC40', 2),
(237, 'Urmi Hera\r', '2023-12-11 13:03:39.000000', '2023-12-11 13:03:39.000000', 0, 0, 'DmcGate14', 'DMC40', 2),
(238, 'Urmi Hera\r', '2023-12-11 13:04:07.000000', '2023-12-11 13:04:07.000000', 0, 0, 'DmcGate14', 'DMC40', 2),
(239, 'MAMUN\r', '2023-12-11 13:31:33.000000', '2023-12-11 13:31:33.000000', 0, 0, 'DmcGate14', 'DMC69', 2),
(240, 'MAMUN\r', '2023-12-11 13:31:41.000000', '2023-12-11 13:31:41.000000', 0, 0, 'DmcGate14', 'DMC69', 2),
(241, 'MAMUN\r', '2023-12-11 13:37:14.000000', '2023-12-11 13:37:14.000000', 0, 0, 'DmcGate14', 'DMC69', 2),
(242, 'MAMUN\r', '2023-12-11 13:37:19.000000', '2023-12-11 13:37:19.000000', 0, 0, 'DmcGate14', 'DMC69', 2),
(243, 'MAMUN\r', '2023-12-11 13:37:22.000000', '2023-12-11 13:37:22.000000', 0, 0, 'DmcGate14', 'DMC69', 2),
(244, 'MAMUN\r', '2023-12-11 13:37:26.000000', '2023-12-11 13:37:26.000000', 0, 0, 'DmcGate14', 'DMC69', 2),
(245, 'NAYEMURRAHMAN\r', '2023-12-11 13:42:43.000000', '2023-12-11 13:42:43.000000', 0, 0, 'DmcGate14', 'DMC70', 2),
(246, 'MAMUN\r', '2023-12-11 13:43:55.000000', '2023-12-11 13:43:55.000000', 0, 0, 'DmcGate14', 'DMC69', 2),
(247, 'Mirazuddin\r', '2023-12-11 13:44:10.000000', '2023-12-11 13:44:10.000000', 0, 0, 'DmcGate14', 'DMC74', 2),
(248, 'Mihal\r', '2023-12-11 13:49:50.000000', '2023-12-11 13:49:50.000000', 0, 0, 'DmcGate14', 'DMC76', 2),
(249, 'Urmi Hera\r', '2023-12-11 14:13:53.000000', '2023-12-11 14:13:53.000000', 0, 0, 'DmcGate14', 'DMC40', 2),
(250, 'Azad\r', '2023-12-11 14:22:47.000000', '2023-12-11 14:22:47.000000', 0, 0, 'DmcGate14', 'DMC75', 2),
(251, 'Nazmul\r', '2023-12-11 14:23:00.000000', '2023-12-11 14:23:00.000000', 0, 0, 'DmcGate14', 'DMC79', 2),
(252, 'Prince\r', '2023-12-11 14:35:08.000000', '2023-12-11 14:35:08.000000', 0, 0, 'DmcGate14', 'DMC77', 2),
(253, 'Mihal\r', '2023-12-11 14:47:20.000000', '2023-12-11 14:47:20.000000', 0, 0, 'DmcGate14', 'DMC76', 2),
(254, 'MAMUN\r', '2023-12-11 14:57:16.000000', '2023-12-11 14:57:16.000000', 0, 0, 'DmcGate14', 'DMC69', 2),
(255, 'MAMUN\r', '2023-12-11 14:58:36.000000', '2023-12-11 14:58:36.000000', 0, 0, 'DmcGate14', 'DMC69', 2),
(256, 'Mihal\r', '2023-12-11 15:04:41.000000', '2023-12-11 15:04:41.000000', 0, 0, 'DmcGate14', 'DMC76', 2),
(257, 'Prince\r', '2023-12-11 15:16:17.000000', '2023-12-11 15:16:17.000000', 0, 0, 'DmcGate14', 'DMC77', 2),
(258, 'Prince', '2023-12-11 15:16:33.000000', '2023-12-11 15:16:33.000000', 456, 0, 'DmcGate14', 'DMC77', 2),
(259, 'jiaur\r', '2023-12-12 08:37:00.000000', '2023-12-12 08:37:00.000000', 0, 0, 'DmcGate14', 'DMC60', 2),
(260, 'jiaur\r', '2023-12-12 08:37:04.000000', '2023-12-12 08:37:04.000000', 0, 0, 'DmcGate14', 'DMC60', 2),
(261, 'jiaur\r', '2023-12-12 08:37:07.000000', '2023-12-12 08:37:07.000000', 0, 0, 'DmcGate14', 'DMC60', 2),
(262, 'jiaur\r', '2023-12-12 08:37:10.000000', '2023-12-12 08:37:10.000000', 0, 0, 'DmcGate14', 'DMC60', 2),
(263, 'jiaur\r', '2023-12-12 08:37:13.000000', '2023-12-12 08:37:13.000000', 0, 0, 'DmcGate14', 'DMC60', 2),
(264, 'jiaur\r', '2023-12-12 08:37:16.000000', '2023-12-12 08:37:16.000000', 0, 0, 'DmcGate14', 'DMC60', 2),
(265, 'jiaur\r', '2023-12-12 08:37:19.000000', '2023-12-12 08:37:19.000000', 0, 0, 'DmcGate14', 'DMC60', 2),
(266, 'jiaur\r', '2023-12-12 08:37:23.000000', '2023-12-12 08:37:23.000000', 0, 0, 'DmcGate14', 'DMC60', 2),
(267, 'jiaur\r', '2023-12-12 08:37:26.000000', '2023-12-12 08:37:26.000000', 0, 0, 'DmcGate14', 'DMC60', 2),
(268, 'jiaur\r', '2023-12-12 08:37:29.000000', '2023-12-12 08:37:29.000000', 0, 0, 'DmcGate14', 'DMC60', 2),
(269, 'jiaur\r', '2023-12-12 08:37:33.000000', '2023-12-12 08:37:33.000000', 0, 0, 'DmcGate14', 'DMC60', 2),
(270, 'jiaur\r', '2023-12-12 08:37:36.000000', '2023-12-12 08:37:36.000000', 0, 0, 'DmcGate14', 'DMC60', 2),
(271, 'jiaur\r', '2023-12-12 08:37:39.000000', '2023-12-12 08:37:39.000000', 0, 0, 'DmcGate14', 'DMC60', 2),
(272, 'jiaur\r', '2023-12-12 08:37:42.000000', '2023-12-12 08:37:42.000000', 0, 0, 'DmcGate14', 'DMC60', 2),
(273, 'jiaur\r', '2023-12-12 08:37:48.000000', '2023-12-12 08:37:48.000000', 0, 0, 'DmcGate14', 'DMC60', 2),
(274, 'jiaur\r', '2023-12-12 08:37:52.000000', '2023-12-12 08:37:52.000000', 0, 0, 'DmcGate14', 'DMC60', 2),
(275, 'jiaur\r', '2023-12-12 08:37:55.000000', '2023-12-12 08:37:55.000000', 0, 0, 'DmcGate14', 'DMC60', 2),
(276, 'jiaur\r', '2023-12-12 08:37:59.000000', '2023-12-12 08:37:59.000000', 0, 0, 'DmcGate14', 'DMC60', 2),
(277, 'jiaur\r', '2023-12-12 08:38:00.000000', '2023-12-12 08:38:00.000000', 0, 0, 'DmcGate14', 'DMC60', 2),
(278, 'Azad\r', '2023-12-12 08:58:06.000000', '2023-12-12 08:58:06.000000', 0, 0, 'DmcGate14', 'DMC75', 2),
(279, 'Urmi Hera\r', '2023-12-12 09:04:03.000000', '2023-12-12 09:04:03.000000', 0, 0, 'DmcGate14', 'DMC40', 2),
(280, 'MAMUN\r', '2023-12-12 09:04:06.000000', '2023-12-12 09:04:06.000000', 0, 0, 'DmcGate14', 'DMC69', 2),
(281, 'Mihal\r', '2023-12-12 09:05:16.000000', '2023-12-12 09:05:16.000000', 0, 0, 'DmcGate14', 'DMC76', 2),
(282, 'Urmi Hera\r', '2023-12-12 09:05:51.000000', '2023-12-12 09:05:51.000000', 0, 0, 'DmcGate14', 'DMC40', 2),
(283, 'Mihal\r', '2023-12-12 09:06:18.000000', '2023-12-12 09:06:18.000000', 0, 0, 'DmcGate14', 'DMC76', 2),
(284, 'Urmi Hera\r', '2023-12-12 09:18:38.000000', '2023-12-12 09:18:38.000000', 0, 0, 'DmcGate14', 'DMC40', 2),
(285, 'MAMUN\r', '2023-12-12 09:54:44.000000', '2023-12-12 09:54:44.000000', 0, 0, 'DmcGate14', 'DMC69', 2),
(286, 'MAMUN\r', '2023-12-12 10:33:15.000000', '2023-12-12 10:33:15.000000', 0, 0, 'DmcGate14', 'DMC69', 2),
(287, 'MAMUN\r', '2023-12-12 10:35:34.000000', '2023-12-12 10:35:34.000000', 0, 0, 'DmcGate14', 'DMC69', 2),
(288, 'Nazmul\r', '2023-12-12 10:36:05.000000', '2023-12-12 10:36:05.000000', 0, 0, 'DmcGate14', 'DMC79', 2),
(289, 'Nazmul\r', '2023-12-12 10:37:08.000000', '2023-12-12 10:37:08.000000', 0, 0, 'DmcGate14', 'DMC79', 2),
(290, 'jiaur\r', '2023-12-12 10:37:09.000000', '2023-12-12 10:37:09.000000', 0, 0, 'DmcGate14', 'DMC60', 2),
(291, 'MAMUN\r', '2023-12-12 10:37:12.000000', '2023-12-12 10:37:12.000000', 0, 0, 'DmcGate14', 'DMC69', 2),
(292, 'Prince\r', '2023-12-12 10:55:33.000000', '2023-12-12 10:55:33.000000', 0, 0, 'DmcGate14', 'DMC77', 2),
(293, 'Prince\r', '2023-12-12 11:05:03.000000', '2023-12-12 11:05:03.000000', 0, 0, 'DmcGate14', 'DMC77', 2),
(294, 'Prince\r', '2023-12-12 11:05:06.000000', '2023-12-12 11:05:06.000000', 0, 0, 'DmcGate14', 'DMC77', 2),
(295, 'Prince\r', '2023-12-12 11:05:18.000000', '2023-12-12 11:05:18.000000', 0, 0, 'DmcGate14', 'DMC77', 2),
(296, 'Mihal\r', '2023-12-12 11:08:46.000000', '2023-12-12 11:08:46.000000', 0, 0, 'DmcGate14', 'DMC76', 2),
(297, 'Prince\r', '2023-12-12 11:09:25.000000', '2023-12-12 11:09:25.000000', 0, 0, 'DmcGate14', 'DMC77', 2),
(298, 'Prince\r', '2023-12-12 11:12:02.000000', '2023-12-12 11:12:02.000000', 0, 0, 'DmcGate14', 'DMC77', 2),
(299, 'Prince\r', '2023-12-12 11:12:02.000000', '2023-12-12 11:12:02.000000', 0, 0, 'DmcGate14', 'DMC77', 2),
(300, 'Prince\r', '2023-12-12 11:18:37.000000', '2023-12-12 11:18:37.000000', 0, 0, 'DmcGate14', 'DMC77', 2),
(301, 'Prince\r', '2023-12-12 11:18:45.000000', '2023-12-12 11:18:45.000000', 0, 0, 'DmcGate14', 'DMC77', 2),
(302, 'Prince\r', '2023-12-12 11:18:50.000000', '2023-12-12 11:18:50.000000', 0, 0, 'DmcGate14', 'DMC77', 2),
(303, 'Prince\r', '2023-12-12 11:19:06.000000', '2023-12-12 11:19:06.000000', 0, 0, 'DmcGate14', 'DMC77', 2),
(304, 'Prince\r', '2023-12-12 11:19:27.000000', '2023-12-12 11:19:27.000000', 0, 0, 'DmcGate14', 'DMC77', 2),
(305, 'Prince\r', '2023-12-12 11:20:20.000000', '2023-12-12 11:20:20.000000', 0, 0, 'DmcGate14', 'DMC77', 2),
(306, 'MAMUN\r', '2023-12-12 11:23:46.000000', '2023-12-12 11:23:46.000000', 0, 0, 'DmcGate14', 'DMC69', 2),
(307, 'Prince\r', '2023-12-12 11:24:17.000000', '2023-12-12 11:24:17.000000', 0, 0, 'DmcGate14', 'DMC77', 2),
(308, 'jiaur\r', '2023-12-12 11:24:19.000000', '2023-12-12 11:24:19.000000', 0, 0, 'DmcGate14', 'DMC60', 2),
(309, 'Prince\r', '2023-12-12 11:24:30.000000', '2023-12-12 11:24:30.000000', 0, 0, 'DmcGate14', 'DMC77', 2),
(310, 'Prince\r', '2023-12-12 11:26:00.000000', '2023-12-12 11:26:00.000000', 0, 0, 'DmcGate14', 'DMC77', 2),
(311, 'Mihal\r', '2023-12-12 11:28:43.000000', '2023-12-12 11:28:43.000000', 0, 0, 'DmcGate14', 'DMC76', 2),
(312, 'Azad\r', '2023-12-12 11:34:54.000000', '2023-12-12 11:34:54.000000', 0, 0, 'DmcGate14', 'DMC75', 2),
(313, 'Prince\r', '2023-12-12 11:36:31.000000', '2023-12-12 11:36:31.000000', 0, 0, 'DmcGate14', 'DMC77', 2),
(314, 'Prince\r', '2023-12-12 11:37:41.000000', '2023-12-12 11:37:41.000000', 0, 0, 'DmcGate14', 'DMC77', 2),
(315, 'Prince\r', '2023-12-12 11:37:45.000000', '2023-12-12 11:37:45.000000', 0, 0, 'DmcGate14', 'DMC77', 2),
(316, 'Prince\r', '2023-12-12 11:37:49.000000', '2023-12-12 11:37:49.000000', 0, 0, 'DmcGate14', 'DMC77', 2),
(317, 'Azad\r', '2023-12-12 11:39:10.000000', '2023-12-12 11:39:10.000000', 0, 0, 'DmcGate14', 'DMC75', 2),
(318, 'Azad\r', '2023-12-12 11:39:10.000000', '2023-12-12 11:39:10.000000', 0, 0, 'DmcGate14', 'DMC75', 2),
(319, 'Azad\r', '2023-12-12 11:39:10.000000', '2023-12-12 11:39:10.000000', 0, 0, 'DmcGate14', 'DMC75', 2),
(320, 'Prince\r', '2023-12-12 11:40:00.000000', '2023-12-12 11:40:00.000000', 0, 0, 'DmcGate14', 'DMC77', 2),
(321, 'Prince\r', '2023-12-12 11:41:22.000000', '2023-12-12 11:41:22.000000', 0, 0, 'DmcGate14', 'DMC77', 2),
(322, 'Prince\r', '2023-12-12 11:43:03.000000', '2023-12-12 11:43:03.000000', 0, 0, 'DmcGate14', 'DMC77', 2),
(323, 'Urmi Hera\r', '2023-12-12 11:45:51.000000', '2023-12-12 11:45:51.000000', 0, 0, 'DmcGate14', 'DMC40', 2),
(324, 'Urmi Hera\r', '2023-12-12 11:45:51.000000', '2023-12-12 11:45:51.000000', 0, 0, 'DmcGate14', 'DMC40', 2),
(325, 'MOSHARRAF HOSEN\r', '2023-12-12 11:47:10.000000', '2023-12-12 11:47:10.000000', 0, 0, 'DmcGate14', 'DMC107', 2),
(326, 'MOSHARRAF HOSEN\r', '2023-12-12 11:47:10.000000', '2023-12-12 11:47:10.000000', 0, 0, 'DmcGate14', 'DMC107', 2),
(327, 'Prince\r', '2023-12-12 11:47:44.000000', '2023-12-12 11:47:44.000000', 0, 0, 'DmcGate14', 'DMC77', 2),
(328, 'Urmi Hera\r', '2023-12-12 11:50:51.000000', '2023-12-12 11:50:51.000000', 0, 0, 'DmcGate14', 'DMC40', 2),
(329, 'Prince\r', '2023-12-12 11:51:04.000000', '2023-12-12 11:51:04.000000', 0, 0, 'DmcGate14', 'DMC77', 2),
(330, 'MAMUN\r', '2023-12-12 11:57:25.000000', '2023-12-12 11:57:25.000000', 0, 0, 'DmcGate14', 'DMC69', 2),
(331, 'MAMUN\r', '2023-12-12 11:57:29.000000', '2023-12-12 11:57:29.000000', 0, 0, 'DmcGate14', 'DMC69', 2),
(332, 'Prince\r', '2023-12-12 11:57:45.000000', '2023-12-12 11:57:45.000000', 0, 0, 'DmcGate14', 'DMC77', 2),
(333, 'jiaur\r', '2023-12-12 11:58:07.000000', '2023-12-12 11:58:07.000000', 0, 0, 'DmcGate14', 'DMC60', 2),
(334, 'Nazmul\r', '2023-12-12 12:04:11.000000', '2023-12-12 12:04:11.000000', 0, 0, 'DmcGate14', 'DMC79', 2),
(335, 'Nazmul\r', '2023-12-12 12:04:14.000000', '2023-12-12 12:04:14.000000', 0, 0, 'DmcGate14', 'DMC79', 2),
(336, 'Nazmul\r', '2023-12-12 12:04:18.000000', '2023-12-12 12:04:18.000000', 0, 0, 'DmcGate14', 'DMC79', 2),
(337, 'Nazmul\r', '2023-12-12 12:04:36.000000', '2023-12-12 12:04:36.000000', 0, 0, 'DmcGate14', 'DMC79', 2),
(338, 'rezvi\r', '2023-12-12 12:04:40.000000', '2023-12-12 12:04:40.000000', 0, 0, 'DmcGate14', '1', 2),
(339, 'rezvi\r', '2023-12-12 12:04:43.000000', '2023-12-12 12:04:43.000000', 0, 0, 'DmcGate14', '1', 2),
(340, 'Nazmul\r', '2023-12-12 12:04:46.000000', '2023-12-12 12:04:46.000000', 0, 0, 'DmcGate14', 'DMC79', 2),
(341, 'Nazmul\r', '2023-12-12 12:05:18.000000', '2023-12-12 12:05:18.000000', 0, 0, 'DmcGate14', 'DMC79', 2),
(342, 'Nazmul\r', '2023-12-12 12:05:32.000000', '2023-12-12 12:05:32.000000', 0, 0, 'DmcGate14', 'DMC79', 2),
(343, 'Nazmul\r', '2023-12-12 12:05:42.000000', '2023-12-12 12:05:42.000000', 0, 0, 'DmcGate14', 'DMC79', 2),
(344, 'Nazmul\r', '2023-12-12 12:05:45.000000', '2023-12-12 12:05:45.000000', 0, 0, 'DmcGate14', 'DMC79', 2),
(345, 'Nazmul\r', '2023-12-12 12:05:48.000000', '2023-12-12 12:05:48.000000', 0, 0, 'DmcGate14', 'DMC79', 2),
(346, 'Nazmul\r', '2023-12-12 12:05:51.000000', '2023-12-12 12:05:51.000000', 0, 0, 'DmcGate14', 'DMC79', 2),
(347, 'Nazmul\r', '2023-12-12 12:05:59.000000', '2023-12-12 12:05:59.000000', 0, 0, 'DmcGate14', 'DMC79', 2),
(348, 'Nazmul\r', '2023-12-12 12:11:05.000000', '2023-12-12 12:11:05.000000', 0, 0, 'DmcGate14', 'DMC79', 2),
(349, 'Nazmul\r', '2023-12-12 12:12:27.000000', '2023-12-12 12:12:27.000000', 0, 0, 'DmcGate14', 'DMC79', 2),
(350, 'Nazmul\r', '2023-12-12 12:12:33.000000', '2023-12-12 12:12:33.000000', 0, 0, 'DmcGate14', 'DMC79', 2),
(351, 'NAYEMURRAHMAN\r', '2023-12-12 12:17:08.000000', '2023-12-12 12:17:08.000000', 0, 0, 'DmcGate14', 'DMC70', 2),
(352, 'Mihal\r', '2023-12-12 12:17:55.000000', '2023-12-12 12:17:55.000000', 0, 0, 'DmcGate14', 'DMC76', 2),
(353, 'Mihal\r', '2023-12-12 12:17:58.000000', '2023-12-12 12:17:58.000000', 0, 0, 'DmcGate14', 'DMC76', 2),
(354, 'Mihal\r', '2023-12-12 12:18:01.000000', '2023-12-12 12:18:01.000000', 0, 0, 'DmcGate14', 'DMC76', 2),
(355, 'Mihal\r', '2023-12-12 12:18:03.000000', '2023-12-12 12:18:03.000000', 0, 0, 'DmcGate14', 'DMC76', 2),
(356, 'Mihal\r', '2023-12-12 12:18:07.000000', '2023-12-12 12:18:07.000000', 0, 0, 'DmcGate14', 'DMC76', 2),
(357, 'MAMUN\r', '2023-12-12 12:19:01.000000', '2023-12-12 12:19:01.000000', 0, 0, 'DmcGate14', 'DMC69', 2),
(358, 'rezvi\r', '2023-12-12 12:57:47.000000', '2023-12-12 12:57:47.000000', 0, 0, 'DmcGate1', '1', 2),
(359, 'Nazmul\r', '2023-12-12 12:57:58.000000', '2023-12-12 12:57:58.000000', 0, 0, 'DmcGate1', 'DMC79', 2),
(360, 'Sathy Akter\r', '2023-12-12 12:59:43.000000', '2023-12-12 12:59:43.000000', 0, 0, 'DmcGate1', 'DMC100', 2),
(361, 'rezvi\r', '2023-12-12 13:02:14.000000', '2023-12-12 13:02:14.000000', 0, 0, 'DmcGate1', '1', 2),
(362, 'Prince\r', '2023-12-12 13:02:19.000000', '2023-12-12 13:02:19.000000', 0, 0, 'DmcGate1', 'DMC77', 2),
(363, 'Prince\r', '2023-12-12 13:06:39.000000', '2023-12-12 13:06:39.000000', 0, 0, 'DmcGate1', 'DMC77', 2),
(364, 'Prince\r', '2023-12-12 13:07:40.000000', '2023-12-12 13:07:40.000000', 0, 0, 'DmcGate1', 'DMC77', 2),
(365, 'Prince\r', '2023-12-12 13:10:33.000000', '2023-12-12 13:10:33.000000', 0, 0, 'DmcGate1', 'DMC77', 2),
(366, 'Prince\r', '2023-12-12 13:17:23.000000', '2023-12-12 13:17:23.000000', 0, 0, 'DmcGate1', 'DMC77', 2),
(367, 'jiaur\r', '2023-12-12 12:35:48.000000', '2023-12-12 12:35:48.000000', 0, 0, 'DmcGate14', 'DMC60', 2),
(368, 'Prince\r', '2023-12-12 12:42:26.000000', '2023-12-12 12:42:26.000000', 0, 0, 'DmcGate14', 'DMC77', 2),
(369, 'Prince\r', '2023-12-12 12:47:36.000000', '2023-12-12 12:47:36.000000', 0, 0, 'DmcGate14', 'DMC77', 2),
(370, 'Urmi Hera\r', '2023-12-12 12:49:33.000000', '2023-12-12 12:49:33.000000', 0, 0, 'DmcGate14', 'DMC40', 2),
(371, 'Prince\r', '2023-12-12 12:51:37.000000', '2023-12-12 12:51:37.000000', 0, 0, 'DmcGate14', 'DMC77', 2),
(372, 'Prince\r', '2023-12-12 12:51:40.000000', '2023-12-12 12:51:40.000000', 0, 0, 'DmcGate14', 'DMC77', 2),
(373, 'Prince\r', '2023-12-12 12:51:46.000000', '2023-12-12 12:51:46.000000', 0, 0, 'DmcGate14', 'DMC77', 2),
(374, 'Prince\r', '2023-12-12 12:51:53.000000', '2023-12-12 12:51:53.000000', 0, 0, 'DmcGate14', 'DMC77', 2),
(375, 'Prince\r', '2023-12-12 12:52:01.000000', '2023-12-12 12:52:01.000000', 0, 0, 'DmcGate14', 'DMC77', 2),
(376, 'Prince\r', '2023-12-12 12:52:06.000000', '2023-12-12 12:52:06.000000', 0, 0, 'DmcGate14', 'DMC77', 2),
(377, 'Prince\r', '2023-12-12 12:52:13.000000', '2023-12-12 12:52:13.000000', 0, 0, 'DmcGate14', 'DMC77', 2),
(378, 'Urmi Hera\r', '2023-12-12 12:55:38.000000', '2023-12-12 12:55:38.000000', 0, 0, 'DmcGate14', 'DMC40', 2),
(379, 'Prince\r', '2023-12-12 12:55:46.000000', '2023-12-12 12:55:46.000000', 0, 0, 'DmcGate14', 'DMC77', 2),
(380, 'Prince\r', '2023-12-12 13:17:24.000000', '2023-12-12 13:17:24.000000', 0, 0, 'DmcGate14', 'DMC77', 2),
(381, 'Prince\r', '2023-12-12 13:17:25.000000', '2023-12-12 13:17:25.000000', 0, 0, 'DmcGate14', 'DMC77', 2),
(382, 'Prince\r', '2023-12-12 13:19:24.000000', '2023-12-12 13:19:24.000000', 0, 0, 'DmcGate14', 'DMC77', 2),
(383, 'MAMUN\r', '2023-12-12 13:23:01.000000', '2023-12-12 13:23:01.000000', 0, 0, 'DmcGate14', 'DMC69', 2),
(384, 'MAMUN\r', '2023-12-12 13:22:58.000000', '2023-12-12 13:22:58.000000', 0, 0, 'DmcGate14', 'DMC69', 2),
(385, 'MAMUN\r', '2023-12-12 13:23:06.000000', '2023-12-12 13:23:06.000000', 0, 0, 'DmcGate14', 'DMC69', 2),
(386, 'MAMUN\r', '2023-12-12 13:23:09.000000', '2023-12-12 13:23:09.000000', 0, 0, 'DmcGate14', 'DMC69', 2),
(387, 'jiaur\r', '2023-12-12 13:26:11.000000', '2023-12-12 13:26:11.000000', 0, 0, 'DmcGate14', 'DMC60', 2),
(388, 'Mihal\r', '2023-12-12 13:27:59.000000', '2023-12-12 13:27:59.000000', 0, 0, 'DmcGate14', 'DMC76', 2),
(389, 'Azad\r', '2023-12-12 13:29:04.000000', '2023-12-12 13:29:04.000000', 0, 0, 'DmcGate14', 'DMC75', 2),
(390, 'Mirazuddin\r', '2023-12-12 13:39:26.000000', '2023-12-12 13:39:26.000000', 0, 0, 'DmcGate14', 'DMC74', 2),
(391, 'NAYEMURRAHMAN\r', '2023-12-12 13:42:13.000000', '2023-12-12 13:42:13.000000', 0, 0, 'DmcGate14', 'DMC70', 2),
(392, 'NAYEMURRAHMAN\r', '2023-12-12 13:42:24.000000', '2023-12-12 13:42:24.000000', 0, 0, 'DmcGate14', 'DMC70', 2),
(393, 'Prince\r', '2023-12-12 13:48:15.000000', '2023-12-12 13:48:15.000000', 0, 0, 'DmcGate14', 'DMC77', 2),
(394, 'Prince\r', '2023-12-12 13:49:49.000000', '2023-12-12 13:49:49.000000', 0, 0, 'DmcGate14', 'DMC77', 2),
(395, 'Prince\r', '2023-12-12 13:53:05.000000', '2023-12-12 13:53:05.000000', 0, 0, 'DmcGate14', 'DMC77', 2),
(396, 'Prince\r', '2023-12-12 13:53:17.000000', '2023-12-12 13:53:17.000000', 0, 0, 'DmcGate14', 'DMC77', 2),
(397, 'Prince\r', '2023-12-12 14:26:05.000000', '2023-12-12 14:26:05.000000', 0, 0, 'DmcGate14', 'DMC77', 2),
(398, 'Azad\r', '2023-12-12 14:34:48.000000', '2023-12-12 14:34:48.000000', 0, 0, 'DmcGate14', 'DMC75', 2),
(399, 'Prince\r', '2023-12-12 14:37:57.000000', '2023-12-12 14:37:57.000000', 0, 0, 'DmcGate14', 'DMC77', 2),
(400, 'Prince\r', '2023-12-12 14:38:28.000000', '2023-12-12 14:38:28.000000', 0, 0, 'DmcGate14', 'DMC77', 2),
(401, 'MAMUN\r', '2023-12-12 14:50:59.000000', '2023-12-12 14:50:59.000000', 0, 0, 'DmcGate14', 'DMC69', 2),
(402, 'MAMUN\r', '2023-12-12 14:51:03.000000', '2023-12-12 14:51:03.000000', 0, 0, 'DmcGate14', 'DMC69', 2),
(403, 'Sathy Akter\r', '2023-12-12 14:51:13.000000', '2023-12-12 14:51:13.000000', 0, 0, 'DmcGate14', 'DMC100', 2),
(404, 'Sathy Akter\r', '2023-12-12 14:51:13.000000', '2023-12-12 14:51:13.000000', 0, 0, 'DmcGate14', 'DMC100', 2),
(405, 'Prince\r', '2023-12-12 14:52:35.000000', '2023-12-12 14:52:35.000000', 0, 0, 'DmcGate14', 'DMC77', 2),
(406, 'Prince\r', '2023-12-12 14:52:49.000000', '2023-12-12 14:52:49.000000', 0, 0, 'DmcGate14', 'DMC77', 2),
(407, 'MAMUN\r', '2023-12-12 14:54:48.000000', '2023-12-12 14:54:48.000000', 0, 0, 'DmcGate14', 'DMC69', 2),
(408, 'MAMUN\r', '2023-12-12 14:58:54.000000', '2023-12-12 14:58:54.000000', 0, 0, 'DmcGate14', 'DMC69', 2),
(409, 'MAMUN\r', '2023-12-12 14:58:57.000000', '2023-12-12 14:58:57.000000', 0, 0, 'DmcGate14', 'DMC69', 2),
(410, 'NAYEMURRAHMAN\r', '2023-12-12 15:04:31.000000', '2023-12-12 15:04:31.000000', 0, 0, 'DmcGate14', 'DMC70', 2),
(411, 'Prince\r', '2023-12-12 15:07:43.000000', '2023-12-12 15:07:43.000000', 0, 0, 'DmcGate14', 'DMC77', 2),
(412, 'jiaur\r', '2023-12-12 15:39:09.000000', '2023-12-12 15:39:09.000000', 0, 0, 'DmcGate14', 'DMC60', 2),
(413, 'jiaur\r', '2023-12-12 15:39:09.000000', '2023-12-12 15:39:09.000000', 0, 0, 'DmcGate14', 'DMC60', 2),
(414, 'Prince\r', '2023-12-12 16:05:13.000000', '2023-12-12 16:05:13.000000', 0, 0, 'DmcGate14', 'DMC77', 2),
(415, 'Prince\r', '2023-12-12 16:05:16.000000', '2023-12-12 16:05:16.000000', 0, 0, 'DmcGate14', 'DMC77', 2),
(416, 'Mihal\r', '2023-12-12 16:05:40.000000', '2023-12-12 16:05:40.000000', 0, 0, 'DmcGate14', 'DMC76', 2),
(417, 'MAMUN\r', '2023-12-12 16:10:36.000000', '2023-12-12 16:10:36.000000', 0, 0, 'DmcGate14', 'DMC69', 2),
(418, 'Prince\r', '2023-12-12 16:10:39.000000', '2023-12-12 16:10:39.000000', 0, 0, 'DmcGate14', 'DMC77', 2),
(419, 'jiaur\r', '2023-12-12 17:01:34.000000', '2023-12-12 17:01:34.000000', 0, 0, 'DmcGate14', 'DMC60', 2),
(420, 'jiaur\r', '2023-12-12 17:10:02.000000', '2023-12-12 17:10:02.000000', 0, 0, 'DmcGate14', 'DMC60', 2),
(421, 'Nazmul\r', '2023-12-12 17:28:54.000000', '2023-12-12 17:28:54.000000', 0, 0, 'DmcGate14', 'DMC79', 2),
(422, 'MD Rubel\r', '2023-12-12 17:30:29.000000', '2023-12-12 17:30:29.000000', 0, 0, 'DmcGate14', 'DMC81', 2),
(423, 'Mirazuddin\r', '2023-12-12 17:38:10.000000', '2023-12-12 17:38:10.000000', 0, 0, 'DmcGate14', 'DMC74', 2),
(424, 'Sathy Akter\r', '2023-12-13 09:02:01.000000', '2023-12-13 09:02:01.000000', 0, 0, 'DmcGate14', 'DMC100', 2),
(425, 'Sathy Akter\r', '2023-12-13 09:02:05.000000', '2023-12-13 09:02:05.000000', 0, 0, 'DmcGate14', 'DMC100', 2),
(426, 'Sathy Akter\r', '2023-12-13 09:02:16.000000', '2023-12-13 09:02:16.000000', 0, 0, 'DmcGate14', 'DMC100', 2),
(427, 'Mihal\r', '2023-12-13 09:02:23.000000', '2023-12-13 09:02:23.000000', 0, 0, 'DmcGate14', 'DMC76', 2),
(428, 'MAMUN\r', '2023-12-13 09:38:12.000000', '2023-12-13 09:38:12.000000', 0, 0, 'DmcGate14', 'DMC69', 2),
(429, 'MAMUN\r', '2023-12-13 09:39:24.000000', '2023-12-13 09:39:24.000000', 0, 0, 'DmcGate14', 'DMC69', 2),
(430, 'jiaur\r', '2023-12-13 09:58:19.000000', '2023-12-13 09:58:19.000000', 0, 0, 'DmcGate14', 'DMC60', 2),
(431, 'jiaur\r', '2023-12-13 10:23:16.000000', '2023-12-13 10:23:16.000000', 0, 0, 'DmcGate14', 'DMC60', 2),
(432, 'jiaur\r', '2023-12-13 10:23:41.000000', '2023-12-13 10:23:41.000000', 0, 0, 'DmcGate14', 'DMC60', 2);

-- --------------------------------------------------------

--
-- Table structure for table `auth_group`
--

CREATE TABLE `auth_group` (
  `id` int(11) NOT NULL,
  `name` varchar(150) NOT NULL
) ENGINE=InnoDB DEFAULT CHARSET=utf8mb4 COLLATE=utf8mb4_general_ci;

-- --------------------------------------------------------

--
-- Table structure for table `auth_group_permissions`
--

CREATE TABLE `auth_group_permissions` (
  `id` bigint(20) NOT NULL,
  `group_id` int(11) NOT NULL,
  `permission_id` int(11) NOT NULL
) ENGINE=InnoDB DEFAULT CHARSET=utf8mb4 COLLATE=utf8mb4_general_ci;

-- --------------------------------------------------------

--
-- Table structure for table `auth_permission`
--

CREATE TABLE `auth_permission` (
  `id` int(11) NOT NULL,
  `name` varchar(255) NOT NULL,
  `content_type_id` int(11) NOT NULL,
  `codename` varchar(100) NOT NULL
) ENGINE=InnoDB DEFAULT CHARSET=utf8mb4 COLLATE=utf8mb4_general_ci;

--
-- Dumping data for table `auth_permission`
--

INSERT INTO `auth_permission` (`id`, `name`, `content_type_id`, `codename`) VALUES
(1, 'Can add log entry', 1, 'add_logentry'),
(2, 'Can change log entry', 1, 'change_logentry'),
(3, 'Can delete log entry', 1, 'delete_logentry'),
(4, 'Can view log entry', 1, 'view_logentry'),
(5, 'Can add permission', 2, 'add_permission'),
(6, 'Can change permission', 2, 'change_permission'),
(7, 'Can delete permission', 2, 'delete_permission'),
(8, 'Can view permission', 2, 'view_permission'),
(9, 'Can add group', 3, 'add_group'),
(10, 'Can change group', 3, 'change_group'),
(11, 'Can delete group', 3, 'delete_group'),
(12, 'Can view group', 3, 'view_group'),
(13, 'Can add user', 4, 'add_user'),
(14, 'Can change user', 4, 'change_user'),
(15, 'Can delete user', 4, 'delete_user'),
(16, 'Can view user', 4, 'view_user'),
(17, 'Can add content type', 5, 'add_contenttype'),
(18, 'Can change content type', 5, 'change_contenttype'),
(19, 'Can delete content type', 5, 'delete_contenttype'),
(20, 'Can view content type', 5, 'view_contenttype'),
(21, 'Can add session', 6, 'add_session'),
(22, 'Can change session', 6, 'change_session'),
(23, 'Can delete session', 6, 'delete_session'),
(24, 'Can view session', 6, 'view_session'),
(25, 'Can add employee', 7, 'add_employee'),
(26, 'Can change employee', 7, 'change_employee'),
(27, 'Can delete employee', 7, 'delete_employee'),
(28, 'Can view employee', 7, 'view_employee'),
(29, 'Can add task', 8, 'add_task'),
(30, 'Can change task', 8, 'change_task'),
(31, 'Can delete task', 8, 'delete_task'),
(32, 'Can view task', 8, 'view_task'),
(33, 'Can add task', 9, 'add_task'),
(34, 'Can change task', 9, 'change_task'),
(35, 'Can delete task', 9, 'delete_task'),
(36, 'Can view task', 9, 'view_task'),
(37, 'Can add department', 10, 'add_department'),
(38, 'Can change department', 10, 'change_department'),
(39, 'Can delete department', 10, 'delete_department'),
(40, 'Can view department', 10, 'view_department'),
(41, 'Can add designation', 11, 'add_designation'),
(42, 'Can change designation', 11, 'change_designation'),
(43, 'Can delete designation', 11, 'delete_designation'),
(44, 'Can view designation', 11, 'view_designation'),
(45, 'Can add group', 12, 'add_group'),
(46, 'Can change group', 12, 'change_group'),
(47, 'Can delete group', 12, 'delete_group'),
(48, 'Can view group', 12, 'view_group'),
(49, 'Can add device', 13, 'add_device'),
(50, 'Can change device', 13, 'change_device'),
(51, 'Can delete device', 13, 'delete_device'),
(52, 'Can view device', 13, 'view_device'),
(53, 'Can add role', 14, 'add_role'),
(54, 'Can change role', 14, 'change_role'),
(55, 'Can delete role', 14, 'delete_role'),
(56, 'Can view role', 14, 'view_role'),
(57, 'Can add employee files', 15, 'add_employeefiles'),
(58, 'Can change employee files', 15, 'change_employeefiles'),
(59, 'Can delete employee files', 15, 'delete_employeefiles'),
(60, 'Can view employee files', 15, 'view_employeefiles'),
(61, 'Can add group by device', 16, 'add_groupbydevice'),
(62, 'Can change group by device', 16, 'change_groupbydevice'),
(63, 'Can delete group by device', 16, 'delete_groupbydevice'),
(64, 'Can view group by device', 16, 'view_groupbydevice'),
(65, 'Can add group device', 17, 'add_groupdevice'),
(66, 'Can change group device', 17, 'change_groupdevice'),
(67, 'Can delete group device', 17, 'delete_groupdevice'),
(68, 'Can view group device', 17, 'view_groupdevice'),
(69, 'Can add employee group device', 18, 'add_employeegroupdevice'),
(70, 'Can change employee group device', 18, 'change_employeegroupdevice'),
(71, 'Can delete employee group device', 18, 'delete_employeegroupdevice'),
(72, 'Can view employee group device', 18, 'view_employeegroupdevice'),
(73, 'Can add employee permission', 19, 'add_employeepermission'),
(74, 'Can change employee permission', 19, 'change_employeepermission'),
(75, 'Can delete employee permission', 19, 'delete_employeepermission'),
(76, 'Can view employee permission', 19, 'view_employeepermission'),
(77, 'Can add employee group', 20, 'add_employeegroup'),
(78, 'Can change employee group', 20, 'change_employeegroup'),
(79, 'Can delete employee group', 20, 'delete_employeegroup'),
(80, 'Can view employee group', 20, 'view_employeegroup'),
(81, 'Can add log', 21, 'add_log'),
(82, 'Can change log', 21, 'change_log'),
(83, 'Can delete log', 21, 'delete_log'),
(84, 'Can view log', 21, 'view_log'),
(85, 'Can add structured log', 22, 'add_structuredlog'),
(86, 'Can change structured log', 22, 'change_structuredlog'),
(87, 'Can delete structured log', 22, 'delete_structuredlog'),
(88, 'Can view structured log', 22, 'view_structuredlog'),
(89, 'Can add log in log', 23, 'add_loginlog'),
(90, 'Can change log in log', 23, 'change_loginlog'),
(91, 'Can delete log in log', 23, 'delete_loginlog'),
(92, 'Can view log in log', 23, 'view_loginlog'),
(93, 'Can add forget password', 24, 'add_forgetpassword'),
(94, 'Can change forget password', 24, 'change_forgetpassword'),
(95, 'Can delete forget password', 24, 'delete_forgetpassword'),
(96, 'Can view forget password', 24, 'view_forgetpassword'),
(97, 'Can add attendance report', 25, 'add_attendancereport'),
(98, 'Can change attendance report', 25, 'change_attendancereport'),
(99, 'Can delete attendance report', 25, 'delete_attendancereport'),
(100, 'Can view attendance report', 25, 'view_attendancereport'),
(101, 'Can add sync info table', 26, 'add_syncinfotable'),
(102, 'Can change sync info table', 26, 'change_syncinfotable'),
(103, 'Can delete sync info table', 26, 'delete_syncinfotable'),
(104, 'Can view sync info table', 26, 'view_syncinfotable'),
(105, 'Can add shift management', 27, 'add_shiftmanagement'),
(106, 'Can change shift management', 27, 'change_shiftmanagement'),
(107, 'Can delete shift management', 27, 'delete_shiftmanagement'),
(108, 'Can view shift management', 27, 'view_shiftmanagement');

-- --------------------------------------------------------

--
-- Table structure for table `auth_user`
--

CREATE TABLE `auth_user` (
  `id` int(11) NOT NULL,
  `password` varchar(128) NOT NULL,
  `last_login` datetime(6) DEFAULT NULL,
  `is_superuser` tinyint(1) NOT NULL,
  `username` varchar(150) NOT NULL,
  `first_name` varchar(150) NOT NULL,
  `last_name` varchar(150) NOT NULL,
  `email` varchar(254) NOT NULL,
  `is_staff` tinyint(1) NOT NULL,
  `is_active` tinyint(1) NOT NULL,
  `date_joined` datetime(6) NOT NULL
) ENGINE=InnoDB DEFAULT CHARSET=utf8mb4 COLLATE=utf8mb4_general_ci;

-- --------------------------------------------------------

--
-- Table structure for table `auth_user_groups`
--

CREATE TABLE `auth_user_groups` (
  `id` bigint(20) NOT NULL,
  `user_id` int(11) NOT NULL,
  `group_id` int(11) NOT NULL
) ENGINE=InnoDB DEFAULT CHARSET=utf8mb4 COLLATE=utf8mb4_general_ci;

-- --------------------------------------------------------

--
-- Table structure for table `auth_user_user_permissions`
--

CREATE TABLE `auth_user_user_permissions` (
  `id` bigint(20) NOT NULL,
  `user_id` int(11) NOT NULL,
  `permission_id` int(11) NOT NULL
) ENGINE=InnoDB DEFAULT CHARSET=utf8mb4 COLLATE=utf8mb4_general_ci;

-- --------------------------------------------------------

--
-- Table structure for table `department_department`
--

CREATE TABLE `department_department` (
  `id` int(11) NOT NULL,
  `department` varchar(100) NOT NULL,
  `description` longtext DEFAULT NULL
) ENGINE=InnoDB DEFAULT CHARSET=utf8mb4 COLLATE=utf8mb4_general_ci;

--
-- Dumping data for table `department_department`
--

INSERT INTO `department_department` (`id`, `department`, `description`) VALUES
(2, 'orthopedic', 'this department is for orthopedic surgery'),
(5, 'paglology', 'this department is for nurology'),
(6, '-', '-'),
(7, '-', '-'),
(8, 'Nazmul', 'this department is for nurology'),
(9, '-', '-'),
(10, '-', '-'),
(11, '-', '-'),
(12, '-', '-'),
(13, '-', '-'),
(14, '-', '-'),
(15, 'Nazmul', 'this department is for nurology'),
(16, '-', '-'),
(17, '-', '-'),
(18, '-', '-'),
(19, '-', '-'),
(20, '-', '-'),
(21, '-', '-'),
(22, '-', '-'),
(23, '-', '-'),
(24, '-', '-'),
(25, '-', '-'),
(26, 'factology', 'this department is for nurology'),
(27, 'Nazmul2', 'dsfgfg'),
(28, 'Nazmuldfgdsf', 'dfgdsf'),
(29, 'Nazmuldfgdsf', 'dfgdsf'),
(30, 'Rezvi Dep', 'asdfsdf'),
(31, 'Nazmul 2', 'sdfgfdg'),
(32, 'Nazmul 2', 'sdfgfdg'),
(33, 'Nazmul 2', 'sdfgfdg'),
(34, 'Nazmul 2', 'sdfgfdg'),
(35, 'fghg', 'fghfgh'),
(36, '-', 'this department is for nurology'),
(37, '-', 'this department is for nurology'),
(38, '-', 'this department is for nurology'),
(39, 'dfgfdg', 'dfgfdg'),
(40, 'sfdhgfd', 'sdfgfdsg'),
(41, 'gjghj', 'dfhgf'),
(42, 'gjghj', 'dfhgf'),
(43, 'Psycology', 'u'),
(44, 'Psycology', 'u'),
(45, 'Psycology', 'u'),
(46, 'Psycology', 'u'),
(47, 'Psycology', 'u'),
(48, 'Psycology', 'u'),
(49, 'Psycology', 'u'),
(50, 'Psycology', 'u'),
(51, 'Psycology', 'u'),
(52, 'Psycology', 'u'),
(53, 'Psycology', 'u'),
(54, 'Psycology', 'u'),
(55, 'Psycology', 'u'),
(56, 'Psycology', 'u'),
(57, 'Psycology', 'u'),
(58, 'Psycology', 'u'),
(59, 'Psycology', 'u'),
(60, 'Psycology', 'u'),
(61, 'Psycology', 'u'),
(62, 'Psycology', 'u'),
(63, 'Psycology', 'u'),
(64, 'Psycology', 'u'),
(65, 'Psycology', 'u'),
(66, 'Psycology', 'u'),
(67, 'Psycology', 'u'),
(68, 'Psycology', 'u'),
(69, 'Psycology', 'u'),
(70, 'Psycology', 'u'),
(71, 'Psycology', 'u'),
(72, 'Psycology', 'u'),
(73, 'Psycology', 'u'),
(74, 'Psycology', 'u'),
(75, 'Psycology', 'u'),
(76, 'fgfdsg', 'sdfgdfsg'),
(77, 'fgfdsg', 'sdfgdfsg'),
(78, 'fgfdsg', 'sdfgdfsg'),
(79, 'fgfdsg', 'sdfgdfsg'),
(80, 'fgfdsg', 'sdfgdfsg'),
(81, 'fgfdsg', 'sdfgdfsg'),
(82, 'fdgdsfg', 'dfsgdsfg'),
(83, 'fdgdsfg', 'dfsgdsfg'),
(84, 'fdgdsfg', 'dfsgdsfg'),
(85, 'fdgdsfg', 'dfsgdsfg'),
(86, 'fdgdsfg', 'dfsgdsfg'),
(87, 'fdgdsfg', 'dfsgdsfg'),
(88, 'fdgdsfg', 'dfsgdsfg'),
(89, 'fdgdsfg', 'dfsgdsfg'),
(90, 'fdgdsfg', 'dfsgdsfg'),
(91, 'fdgdsfg', 'dfsgdsfg'),
(92, 'dfgds', 'dsfgdfsg'),
(93, 'dfgds', 'dsfgdfsg'),
(94, 'dfgds', 'dsfgdfsg'),
(95, 'dfgds', 'dsfgdfsg'),
(96, 'dfgds', 'dsfgdfsg'),
(97, 'dfgds', 'dsfgdfsg'),
(98, 'dfgds', 'dsfgdfsg'),
(99, 'dfgds', 'dsfgdfsg'),
(100, 'dfgds', 'dsfgdfsg'),
(101, 'dfgds', 'dsfgdfsg'),
(102, 'dfgds', 'dsfgdfsg'),
(103, 'dfgds', 'dsfgdfsg'),
(104, 'dfgds', 'dsfgdfsg'),
(105, 'dfgds', 'dsfgdfsg'),
(106, 'dfgds', 'dsfgdfsg'),
(107, 'dfgds', 'dsfgdfsg'),
(108, 'dfgds', 'dsfgdfsg'),
(109, 'dfgds', 'dsfgdfsg'),
(110, 'dfghgfh', 'fdhfgh'),
(111, 'dfgdfghfd', 'f'),
(112, 'dfgfdg', 'dfgdfg'),
(113, 'fdghfdgh', 'sdfgdfg'),
(114, 'dfdsfgdsa', 'fdsagfdsg'),
(115, 'sdfgdfsg', 'fdgf'),
(116, 'dsfgdfg', 'dfgdfsg'),
(117, 'fdgdfsg', 'fgdsg'),
(118, 'dfgfdg', 'sfgdfg');

-- --------------------------------------------------------

--
-- Table structure for table `designation_designation`
--

CREATE TABLE `designation_designation` (
  `id` int(11) NOT NULL,
  `designation` varchar(100) NOT NULL,
  `description` longtext DEFAULT NULL
) ENGINE=InnoDB DEFAULT CHARSET=utf8mb4 COLLATE=utf8mb4_general_ci;

--
-- Dumping data for table `designation_designation`
--

INSERT INTO `designation_designation` (`id`, `designation`, `description`) VALUES
(1, 'Vetenary', '-'),
(2, 'Vetenary', '-'),
(4, 'Surgeon', '-'),
(5, 'Burn Unit', '-'),
(6, 'Burn Unit', '-'),
(8, 'Burn Unit', '-');

-- --------------------------------------------------------

--
-- Table structure for table `device_device`
--

CREATE TABLE `device_device` (
  `device_id` varchar(100) NOT NULL,
  `device_name` varchar(100) NOT NULL,
  `location` varchar(100) DEFAULT NULL,
  `group_id_id` int(11) DEFAULT NULL,
  `device_ip` varchar(100) DEFAULT NULL,
  `active_status` varchar(100) NOT NULL
) ENGINE=InnoDB DEFAULT CHARSET=utf8mb4 COLLATE=utf8mb4_general_ci;

--
-- Dumping data for table `device_device`
--

INSERT INTO `device_device` (`device_id`, `device_name`, `location`, `group_id_id`, `device_ip`, `active_status`) VALUES
('Dmc10101', 'Gate Number 2', '-', NULL, '192.168.10.26', 'inactive'),
('DMCfront200', 'BurnUnitDevice 111', '-', NULL, '192.168.0.13', 'inactive'),
('DmcGate1', 'Gate1', '-', 2, '10.10.20.52', 'active'),
('DmcGate10', 'Gate10', '-', NULL, '192.168.10.3', 'inactive'),
('DmcGate11', 'Gate11', '-', NULL, '192.168.10.4', 'inactive'),
('DmcGate12', 'Gate12', '-', NULL, '192.168.10.5', 'inactive'),
('DmcGate14', 'Gate12', '-', 2, '10.10.20.52', 'active'),
('DmcGate2', 'Gate2', '-', NULL, '192.168.10.6', 'inactive'),
('DmcGate3', 'Gate3', '-', NULL, '192.168.10.7', 'inactive'),
('DmcGate4', 'Gate4', '-', NULL, '192.168.10.8', 'inactive'),
('DmcGate5', 'Gate5', '-', NULL, '192.168.10.9', 'inactive'),
('DmcGate6', 'Gate6', '-', NULL, '192.168.10.10', 'inactive'),
('DmcGate7', 'Gate7', '-', NULL, '192.168.10.11', 'inactive'),
('DmcGate8', 'Gate8', '-', NULL, '192.168.10.12', 'inactive'),
('DmcGate9', 'Gate9', '-', NULL, '192.168.10.13', 'inactive');

-- --------------------------------------------------------

--
-- Table structure for table `django_admin_log`
--

CREATE TABLE `django_admin_log` (
  `id` int(11) NOT NULL,
  `action_time` datetime(6) NOT NULL,
  `object_id` longtext DEFAULT NULL,
  `object_repr` varchar(200) NOT NULL,
  `action_flag` smallint(5) UNSIGNED NOT NULL CHECK (`action_flag` >= 0),
  `change_message` longtext NOT NULL,
  `content_type_id` int(11) DEFAULT NULL,
  `user_id` int(11) NOT NULL
) ENGINE=InnoDB DEFAULT CHARSET=utf8mb4 COLLATE=utf8mb4_general_ci;

-- --------------------------------------------------------

--
-- Table structure for table `django_content_type`
--

CREATE TABLE `django_content_type` (
  `id` int(11) NOT NULL,
  `app_label` varchar(100) NOT NULL,
  `model` varchar(100) NOT NULL
) ENGINE=InnoDB DEFAULT CHARSET=utf8mb4 COLLATE=utf8mb4_general_ci;

--
-- Dumping data for table `django_content_type`
--

INSERT INTO `django_content_type` (`id`, `app_label`, `model`) VALUES
(1, 'admin', 'logentry'),
(9, 'api', 'task'),
(25, 'attendance_report', 'attendancereport'),
(3, 'auth', 'group'),
(2, 'auth', 'permission'),
(4, 'auth', 'user'),
(5, 'contenttypes', 'contenttype'),
(10, 'department', 'department'),
(11, 'designation', 'designation'),
(13, 'device', 'device'),
(15, 'empfiles', 'employeefiles'),
(12, 'empgrp', 'group'),
(16, 'empgrpdev', 'groupbydevice'),
(7, 'employee', 'employee'),
(20, 'employee', 'employeegroup'),
(18, 'employee', 'employeegroupdevice'),
(19, 'employee', 'employeepermission'),
(8, 'employee', 'task'),
(24, 'forget_password', 'forgetpassword'),
(17, 'grpdev', 'groupdevice'),
(21, 'log', 'log'),
(23, 'login', 'loginlog'),
(14, 'role', 'role'),
(6, 'sessions', 'session'),
(27, 'shift_management', 'shiftmanagement'),
(22, 'structuedlog', 'structuredlog'),
(26, 'syncInfo', 'syncinfotable');

-- --------------------------------------------------------

--
-- Table structure for table `django_migrations`
--

CREATE TABLE `django_migrations` (
  `id` bigint(20) NOT NULL,
  `app` varchar(255) NOT NULL,
  `name` varchar(255) NOT NULL,
  `applied` datetime(6) NOT NULL
) ENGINE=InnoDB DEFAULT CHARSET=utf8mb4 COLLATE=utf8mb4_general_ci;

--
-- Dumping data for table `django_migrations`
--

INSERT INTO `django_migrations` (`id`, `app`, `name`, `applied`) VALUES
(1, 'contenttypes', '0001_initial', '2023-11-08 09:39:08.464184'),
(2, 'auth', '0001_initial', '2023-11-08 09:39:18.382918'),
(3, 'admin', '0001_initial', '2023-11-08 09:39:20.093824'),
(4, 'admin', '0002_logentry_remove_auto_add', '2023-11-08 09:39:20.137822'),
(5, 'admin', '0003_logentry_add_action_flag_choices', '2023-11-08 09:39:20.183822'),
(6, 'api', '0001_initial', '2023-11-08 09:39:20.360819'),
(7, 'contenttypes', '0002_remove_content_type_name', '2023-11-08 09:39:20.994820'),
(8, 'auth', '0002_alter_permission_name_max_length', '2023-11-08 09:39:21.616115'),
(9, 'auth', '0003_alter_user_email_max_length', '2023-11-08 09:39:22.017161'),
(10, 'auth', '0004_alter_user_username_opts', '2023-11-08 09:39:22.079161'),
(11, 'auth', '0005_alter_user_last_login_null', '2023-11-08 09:39:23.717162'),
(12, 'auth', '0006_require_contenttypes_0002', '2023-11-08 09:39:23.793159'),
(13, 'auth', '0007_alter_validators_add_error_messages', '2023-11-08 09:39:23.936159'),
(14, 'auth', '0008_alter_user_username_max_length', '2023-11-08 09:39:24.441791'),
(15, 'auth', '0009_alter_user_last_name_max_length', '2023-11-08 09:39:24.696846'),
(16, 'auth', '0010_alter_group_name_max_length', '2023-11-08 09:39:24.905790'),
(17, 'auth', '0011_update_proxy_permissions', '2023-11-08 09:39:24.933790'),
(18, 'auth', '0012_alter_user_first_name_max_length', '2023-11-08 09:39:25.015789'),
(19, 'employee', '0001_initial', '2023-11-08 09:39:25.437968'),
(20, 'sessions', '0001_initial', '2023-11-08 09:39:25.816968'),
(21, 'employee', '0002_delete_task', '2023-11-08 10:09:10.824376'),
(22, 'employee', '0003_alter_employee_image_location_and_more', '2023-11-08 10:26:24.555158'),
(23, 'department', '0001_initial', '2023-11-09 05:24:04.383279'),
(24, 'designation', '0001_initial', '2023-11-09 06:14:03.220407'),
(25, 'designation', '0002_alter_designation_designation', '2023-11-09 06:44:05.427684'),
(26, 'empgrp', '0001_initial', '2023-11-09 07:48:59.021245'),
(27, 'device', '0001_initial', '2023-11-09 07:49:59.155041'),
(28, 'device', '0002_alter_device_group_name', '2023-11-09 08:19:17.042795'),
(29, 'device', '0003_rename_group_name_device_group_id', '2023-11-09 08:21:45.207891'),
(30, 'device', '0004_alter_device_device_id', '2023-11-09 08:30:57.363837'),
(31, 'role', '0001_initial', '2023-11-12 05:28:33.677774'),
(32, 'role', '0002_alter_role_role_description', '2023-11-12 06:17:50.735846'),
(33, 'role', '0003_alter_role_role', '2023-11-12 06:22:37.786243'),
(34, 'employee', '0004_employee_image', '2023-11-12 09:17:33.593975'),
(35, 'empfiles', '0001_initial', '2023-11-12 11:06:40.358787'),
(36, 'empfiles', '0002_alter_employeefiles_file', '2023-11-13 09:38:59.188817'),
(37, 'empfiles', '0003_alter_employeefiles_file', '2023-11-13 09:52:00.461239'),
(38, 'empgrpdev', '0001_initial', '2023-11-14 04:56:28.289323'),
(39, 'employee', '0005_employee_group_id', '2023-11-14 05:05:22.399548'),
(40, 'employee', '0006_alter_employee_group_id', '2023-11-14 05:05:22.565521'),
(41, 'device', '0005_device_device_ip', '2023-11-14 05:57:34.567352'),
(42, 'empgrpdev', '0002_groupbydevice_device_ip_and_more', '2023-11-14 05:57:35.618298'),
(43, 'empgrpdev', '0003_groupbydevice_group_name_and_more', '2023-11-14 07:04:34.862737'),
(44, 'empgrpdev', '0004_remove_groupbydevice_group_id_and_more', '2023-11-14 08:32:36.856722'),
(45, 'grpdev', '0001_initial', '2023-11-14 08:32:38.750572'),
(46, 'grpdev', '0002_alter_groupdevice_group_id', '2023-11-14 08:33:34.553359'),
(47, 'grpdev', '0003_auto_20231114_1433', '2023-11-14 08:33:34.604812'),
(48, 'employee', '0007_employeegroupdevice', '2023-11-14 09:39:08.312129'),
(49, 'employee', '0008_auto_20231114_1538', '2023-11-14 09:39:08.346149'),
(50, 'employee', '0009_auto_20231115_1028', '2023-11-15 04:28:47.512244'),
(51, 'employee', '0010_alter_employee_options_alter_employee_managers_and_more', '2023-11-16 08:34:35.161808'),
(52, 'employee', '0011_auto_20231116_1434', '2023-11-16 08:34:35.240861'),
(53, 'employee', '0012_auto_20231116_1456', '2023-11-16 08:56:28.380809'),
(54, 'employee', '0013_auto_20231116_1708', '2023-11-16 11:08:16.016476'),
(55, 'employee', '0014_remove_employee_first_name_remove_employee_last_name_and_more', '2023-11-19 07:37:45.503751'),
(56, 'employee', '0015_auto_20231119_1337', '2023-11-19 07:37:45.576764'),
(57, 'employee', '0016_auto_20231120_1206', '2023-11-20 06:06:35.757957'),
(58, 'employee', '0017_auto_20231120_1208', '2023-11-20 06:08:47.737314'),
(59, 'employee', '0018_auto_20231120_1217', '2023-11-20 06:17:57.443593'),
(60, 'employee', '0019_auto_20231120_1220', '2023-11-20 06:20:21.166048'),
(61, 'employee', '0020_auto_20231120_1224', '2023-11-20 06:24:11.088851'),
(62, 'employee', '0021_auto_20231120_1227', '2023-11-20 06:27:36.808000'),
(63, 'employee', '0022_auto_20231120_1228', '2023-11-20 06:28:04.822827'),
(64, 'employee', '0023_auto_20231120_1228', '2023-11-20 06:29:01.767396'),
(65, 'employee', '0024_auto_20231120_1322', '2023-11-20 07:22:52.709351'),
(66, 'employee', '0025_auto_20231120_1333', '2023-11-20 07:33:13.302158'),
(67, 'employee', '0026_auto_20231120_1340', '2023-11-20 07:40:45.930617'),
(68, 'employee', '0027_auto_20231120_1344', '2023-11-20 07:45:01.381116'),
(69, 'employee', '0028_auto_20231120_1347', '2023-11-20 07:47:17.836935'),
(70, 'empgrpdev', '0005_remove_groupbydevice_device_id_and_more', '2023-11-20 08:41:37.661844'),
(71, 'employee', '0029_auto_20231120_1447', '2023-11-20 08:48:01.341159'),
(72, 'employee', '0030_auto_20231120_1449', '2023-11-20 08:53:00.244865'),
(73, 'employee', '0031_auto_20231120_1526', '2023-11-20 09:26:13.230562'),
(74, 'employee', '0015_auto_20231120_1539', '2023-11-20 09:39:40.258425'),
(75, 'empgrpdev', '0002_alter_groupbydevice_device_id', '2023-11-20 10:17:51.535947'),
(76, 'employee', '0016_employee_uniquecardnumber', '2023-11-20 10:59:58.303673'),
(77, 'employee', '0017_employee_cardno', '2023-11-21 05:46:57.797360'),
(78, 'log', '0001_initial', '2023-11-26 06:11:54.779137'),
(79, 'device', '0006_device_active_status', '2023-11-26 10:26:35.971436'),
(80, 'employee', '0018_alter_employee_cardno', '2023-11-28 07:14:09.763124'),
(81, 'structuedlog', '0001_initial', '2023-11-29 06:30:43.500266'),
(82, 'empgrpdev', '0003_alter_groupbydevice_device_id', '2023-12-03 06:24:43.790629'),
(83, 'empgrpdev', '0004_alter_groupbydevice_device_id', '2023-12-03 06:47:00.600739'),
(84, 'login', '0001_initial', '2023-12-05 05:45:09.191611'),
(85, 'login', '0002_alter_loginlog_employee_id_alter_loginlog_username', '2023-12-05 06:19:00.239963'),
(86, 'login', '0003_loginlog_unique_employee_login', '2023-12-05 06:24:00.767362'),
(87, 'login', '0004_remove_loginlog_unique_employee_login_and_more', '2023-12-05 06:28:45.269261'),
(88, 'forget_password', '0001_initial', '2023-12-06 08:06:27.060868'),
(89, 'forget_password', '0002_forgetpassword_email', '2023-12-07 06:21:59.207763'),
(90, 'forget_password', '0003_alter_forgetpassword_creation_date_and_more', '2023-12-07 06:56:21.516822'),
(91, 'attendance_report', '0001_initial', '2023-12-10 10:09:26.645655'),
(92, 'login', '0005_loginlog_token', '2023-12-11 08:30:27.292060'),
(93, 'syncInfo', '0001_initial', '2023-12-11 09:52:24.978179'),
(94, 'syncInfo', '0002_alter_syncinfotable_synctime', '2023-12-11 10:01:26.149879'),
(95, 'syncInfo', '0003_alter_syncinfotable_synctime', '2023-12-11 10:30:50.159745'),
(96, 'employee', '0019_employee_department_employee_designation', '2023-12-11 11:01:16.493410'),
(97, 'employee', '0020_remove_employee_in_time_remove_employee_out_time_and_more', '2023-12-12 07:30:49.407358'),
(98, 'shift_management', '0001_initial', '2023-12-12 08:12:20.266065'),
(99, 'shift_management', '0002_rename_shift_begining_shiftmanagement_shift_beginning', '2023-12-12 08:17:26.059504'),
(100, 'shift_management', '0003_alter_shiftmanagement_total_time', '2023-12-12 08:21:05.061210'),
(101, 'employee', '0021_alter_employee_shift_id', '2023-12-12 10:01:15.100832'),
(102, 'employee', '0022_alter_employee_shift_id', '2023-12-12 10:02:24.571411'),
(103, 'employee', '0023_alter_employee_shift_id', '2023-12-12 10:03:59.309807'),
(104, 'employee', '0024_alter_employee_shift_id', '2023-12-12 10:04:08.887033'),
(105, 'employee', '0025_alter_employee_shift_id', '2023-12-12 10:04:58.725048'),
(106, 'empgrpdev', '0004_alter_groupbydevice_device_id_and_more', '2023-12-13 05:33:30.218023');

-- --------------------------------------------------------

--
-- Table structure for table `django_session`
--

CREATE TABLE `django_session` (
  `session_key` varchar(40) NOT NULL,
  `session_data` longtext NOT NULL,
  `expire_date` datetime(6) NOT NULL
) ENGINE=InnoDB DEFAULT CHARSET=utf8mb4 COLLATE=utf8mb4_general_ci;

-- --------------------------------------------------------

--
-- Table structure for table `empfiles_employeefiles`
--

CREATE TABLE `empfiles_employeefiles` (
  `id` bigint(20) NOT NULL,
  `file` varchar(100) NOT NULL,
  `file_description` varchar(200) DEFAULT NULL,
  `employee_id_id` varchar(100) DEFAULT NULL
) ENGINE=InnoDB DEFAULT CHARSET=utf8mb4 COLLATE=utf8mb4_general_ci;

--
-- Dumping data for table `empfiles_employeefiles`
--

INSERT INTO `empfiles_employeefiles` (`id`, `file`, `file_description`, `employee_id_id`) VALUES
(1, 'Shamim/files/Graph_algorithms.pdf', 'This is the first file', 'DMC10173203');

-- --------------------------------------------------------

--
-- Table structure for table `empgrpdev_groupbydevice`
--

CREATE TABLE `empgrpdev_groupbydevice` (
  `id` int(11) NOT NULL
) ENGINE=InnoDB DEFAULT CHARSET=utf8mb4 COLLATE=utf8mb4_general_ci;

--
-- Dumping data for table `empgrpdev_groupbydevice`
--

INSERT INTO `empgrpdev_groupbydevice` (`id`) VALUES
(1);

-- --------------------------------------------------------

--
-- Table structure for table `empgrp_group`
--

CREATE TABLE `empgrp_group` (
  `group_id` int(11) NOT NULL,
  `group_name` varchar(100) NOT NULL,
  `Remaks` varchar(100) DEFAULT NULL
) ENGINE=InnoDB DEFAULT CHARSET=utf8mb4 COLLATE=utf8mb4_general_ci;

--
-- Dumping data for table `empgrp_group`
--

INSERT INTO `empgrp_group` (`group_id`, `group_name`, `Remaks`) VALUES
(2, 'surgeons', '-'),
(4, 'advisers', '-'),
(5, 'testers', '-');

-- --------------------------------------------------------

--
-- Table structure for table `employee_employee`
--

CREATE TABLE `employee_employee` (
  `employee_id` varchar(100) NOT NULL,
  `username` varchar(100) NOT NULL,
  `email` varchar(100) DEFAULT NULL,
  `password` varchar(100) DEFAULT NULL,
  `phone_number` varchar(100) DEFAULT NULL,
  `image_location` varchar(100) DEFAULT NULL,
  `registration_date` date DEFAULT NULL,
  `validity_date` varchar(100) DEFAULT NULL,
  `employee_type` varchar(100) DEFAULT NULL,
  `image` varchar(100) DEFAULT NULL,
  `group_id_id` int(11) DEFAULT NULL,
  `date_joined` datetime(6) NOT NULL,
  `is_active` tinyint(1) NOT NULL,
  `is_staff` tinyint(1) NOT NULL,
  `is_superuser` tinyint(1) NOT NULL,
  `last_login` datetime(6) DEFAULT NULL,
  `UniqueCardNumber` datetime(6) NOT NULL,
  `cardNo` bigint(20) DEFAULT NULL,
  `department_id` int(11) DEFAULT NULL,
  `designation_id` int(11) DEFAULT NULL,
  `shift_id_id` int(11) NOT NULL
) ENGINE=InnoDB DEFAULT CHARSET=utf8mb4 COLLATE=utf8mb4_general_ci;

--
-- Dumping data for table `employee_employee`
--

INSERT INTO `employee_employee` (`employee_id`, `username`, `email`, `password`, `phone_number`, `image_location`, `registration_date`, `validity_date`, `employee_type`, `image`, `group_id_id`, `date_joined`, `is_active`, `is_staff`, `is_superuser`, `last_login`, `UniqueCardNumber`, `cardNo`, `department_id`, `designation_id`, `shift_id_id`) VALUES
('\"DMC1010320\"', 'Shamim Hasnat Ripon', '-', 'bcrypt_sha256$$2b$12$wRzc8rQ.I4cL2vBBNry/ye9GT0.HFl1gmRXfCpXMWH/Pt5ybArqEy', '-', '-', '2023-11-12', '2028-11-10', 'user', 'images/Shamim Hasnat Ripon/Md_Saiful_Alam.jpg', NULL, '2023-11-16 08:34:23.750772', 1, 0, 0, NULL, '2023-01-01 00:00:00.000000', 1672509600000, NULL, NULL, 0),
('\"DMC101090\"', '\"Shamim Hasnat Ripon\"', '-', 'bcrypt_sha256$$2b$12$xNJQKbMcgu49ZIl8NM4eJ.qkITL2VcY2jg0.CMV6gonf5AVc8LeNy', '-', '-', '2023-11-12', '2028-11-10', 'user', '', NULL, '2023-11-16 08:34:23.750772', 1, 0, 0, NULL, '2023-01-01 00:00:00.000000', 1672509600000, NULL, NULL, 0),
('\"DMC1017320\"', 'Shamim Hasnat Ripon', '-', 'bcrypt_sha256$$2b$12$HEVtou.35CcnSfhw8CwGj.LdVpmqMVkn/.R7SXKG/YnKepMj8mcJK', '-', '-', '2023-11-12', '2028-11-10', 'user', 'images/Shamim Hasnat Ripon/Md_Saiful_Alam_L9rx8RS.jpg', NULL, '2023-11-16 08:34:23.750772', 1, 0, 0, NULL, '2023-01-01 00:00:00.000000', 1672509600000, NULL, NULL, 0),
('1', 'rezvi', 'rezvi@gmail.com', 'admin123', NULL, NULL, NULL, NULL, NULL, NULL, 2, '2023-11-28 14:12:12.000000', 1, 1, 1, NULL, '0000-00-00 00:00:00.000000', NULL, NULL, NULL, 0),
('45345', 'Shamim Hasnat Ripon', '-', 'bcrypt_sha256$$2b$12$TTGZ1x/6wATqQhdNWGMl3OH5vmK9ob.cpBIf8Et0otjFhTTj6PWwO', '-', '-', '2023-11-12', '2028-11-10', 'user', 'images/Md_Saiful_Alam.jpg', NULL, '2023-11-16 08:34:23.750772', 1, 0, 0, NULL, '2023-01-01 00:00:00.000000', 1672509600000, NULL, NULL, 0),
('DM,C101018', 'saiful alam', '-', 'bcrypt_sha256$$2b$12$91e9uoFMNSJR5Fyw6Arr0ePd9HLqpSEstfdbPk4/tIv/DO81wxgAW', '-', '-', '2023-11-08', '2028-11-06', 'user', '', NULL, '2023-11-16 08:34:23.750772', 1, 0, 0, NULL, '2023-01-01 00:00:00.000000', 1672509600000, NULL, NULL, 0),
('DM,C1010189', 'saiful alam', '-', 'bcrypt_sha256$$2b$12$4UUqQhz.S/c1afJoZ0IIQu8ZHz6d2g3NAoFRqdNipiqkhs1CIeIh6', '-', '-', '2023-11-08', '2028-11-06', 'user', '', NULL, '2023-11-16 08:34:23.750772', 1, 0, 0, NULL, '2023-01-01 00:00:00.000000', 1672509600000, NULL, NULL, 0),
('DMC0000001', 'brad pitt', '-', 'bcrypt_sha256$$2b$12$Q9L2dRQOvk5UP.FlLuvajOAbAsfpWifSbUFDwWbFOJ18TcMM1FFCK', '-', '-', '2023-11-15', '2028-11-13', 'user', 'DMC0000001/images/images_3.jpg', NULL, '2023-11-16 08:34:23.750772', 1, 0, 0, NULL, '2023-01-01 00:00:00.000000', 1672509600000, NULL, NULL, 0),
('DMC0000002', 'brad pitt', '-', 'bcrypt_sha256$$2b$12$j1zQpOiCbOsKXdcH5fq6w.lBMRZ9P3cIHX4wqIMqOTg1LsO6XJ9oa', '-', '-', '2023-11-15', '2028-11-13', 'user', 'DMC0000002/images/images_3.jpg', NULL, '2023-11-16 08:34:23.750772', 1, 0, 0, NULL, '2023-01-01 00:00:00.000000', 1672509600000, NULL, NULL, 0),
('DMC0000003', 'brad pitt', '-', 'bcrypt_sha256$$2b$12$pDB1E9RRs6hKBwASJyobzuENrDtySjj4ezK1N..AR/LHnXGcnHZ/.', '-', '-', '2023-11-15', '2028-11-13', 'user', 'DMC0000003/images/images_3.jpg', NULL, '2023-11-16 08:34:23.750772', 1, 0, 0, NULL, '2023-01-01 00:00:00.000000', 1672509600000, NULL, NULL, 0),
('DMC0000004', 'brad pitt', '-', 'bcrypt_sha256$$2b$12$syOfsbzxS2fK9DZR.F0l1.2B6taAJoWwznxKDVD.2V95dAY8swoVS', '-', '-', '2023-11-15', '2028-11-13', 'user', 'DMC0000004/images/images_3.jpg', NULL, '2023-11-16 08:34:23.750772', 1, 0, 0, NULL, '2023-01-01 00:00:00.000000', 1672509600000, NULL, NULL, 0),
('DMC0000005', 'brad pitt', '-', 'bcrypt_sha256$$2b$12$ybS3QvkiHSqoyBYdIWPhrOQckt/KmwGgqi/15MhMoRcIccU.mWvke', '-', '-', '2023-11-15', '2028-11-13', 'user', 'DMC0000005/images/images_3.jpg', NULL, '2023-11-16 08:34:23.750772', 1, 0, 0, NULL, '2023-01-01 00:00:00.000000', 1672509600000, NULL, NULL, 0),
('DMC0000006', 'brad pitt', '-', 'bcrypt_sha256$$2b$12$/K4tPhbcM/ncC0OjIACjHeTGOCSepWlWFq2pzsDGoWEuFo8W29xFy', '-', '-', '2023-11-15', '2028-11-13', 'user', 'DMC0000006/images/images_3.jpg', NULL, '2023-11-16 08:34:23.750772', 1, 0, 0, NULL, '2023-01-01 00:00:00.000000', 1672509600000, NULL, NULL, 0),
('DMC0000007', 'brad pitt', '-', 'bcrypt_sha256$$2b$12$1O3inyXgGi54VfiSutBa0OrOQziwMYp7rn5sYppnuUSjLRRR0NMXq', '-', '-', '2023-11-15', '2028-11-13', 'user', 'DMC0000007/images/images_3.jpg', NULL, '2023-11-16 08:34:23.750772', 1, 0, 0, NULL, '2023-01-01 00:00:00.000000', 1672509600000, NULL, NULL, 0),
('DMC0000008', 'brad pitt', '-', 'bcrypt_sha256$$2b$12$EwvSjYQkGb4BXWkuBokv4.Du6G6B0h/uSwG4vpr0l3lzNt.Tx6by6', '-', '-', '2023-11-15', '2028-11-13', 'user', 'DMC0000008/images/images_3.jpg', NULL, '2023-11-16 08:34:23.750772', 1, 0, 0, NULL, '2023-01-01 00:00:00.000000', 1672509600000, NULL, NULL, 0),
('DMC0000009', 'brad pitt', '-', 'bcrypt_sha256$$2b$12$WuQ0RpqTegh6SlaA0UojCOkVa40Qb7Tqn2kuRItTSY4.ZoFZukSGW', '-', '-', '2023-11-15', '2028-11-13', 'user', 'DMC0000009/images/images_3.jpg', NULL, '2023-11-16 08:34:23.750772', 1, 0, 0, NULL, '2023-01-01 00:00:00.000000', 1672509600000, NULL, NULL, 0),
('DMC0000010', 'brad pitt', '-', 'bcrypt_sha256$$2b$12$AS1Fpa6RnoDepwjt0vhy8uUa9qY9bcwsmwRD4SbDSCZj4bsGWjgZC', '-', '-', '2023-11-15', '2028-11-13', 'user', 'DMC0000010/images/images_3.jpg', 4, '2023-11-16 08:34:23.750772', 1, 0, 0, NULL, '2023-01-01 00:00:00.000000', 1672509600000, NULL, NULL, 0),
('DMC0000011', 'brad pitt', '-', 'bcrypt_sha256$$2b$12$DXSReFzTd1q/FygIZ3JbJO.9EF2mGdeSjLNeI.X6y.jkkWQ/ln6ni', '-', '-', '2023-11-15', '2028-11-13', 'user', 'DMC0000011/images/images_3.jpg', 4, '2023-11-16 08:34:23.750772', 1, 0, 0, NULL, '2023-01-01 00:00:00.000000', 1672509600000, NULL, NULL, 0),
('DMC0000012', 'brad pitt', '-', 'bcrypt_sha256$$2b$12$leuHmFnqyKDsMGLkXPS3VuavvrNcJO/o54DwJLpN7maERmnroVnCK', '-', '-', '2023-11-15', '2028-11-13', 'user', 'DMC0000012/images/images_3.jpg', 4, '2023-11-16 08:34:23.750772', 1, 0, 0, NULL, '2023-01-01 00:00:00.000000', 1672509600000, NULL, NULL, 0),
('DMC0000013', 'brad pitt', '-', 'bcrypt_sha256$$2b$12$goIbfvQHFjVM.kqLvt1PWOJZuUOMdHY8sTboFKR/k0lKS0zRDdIv6', '-', '-', '2023-11-15', '2028-11-13', 'user', 'DMC0000013/images/images_3.jpg', 4, '2023-11-16 08:34:23.750772', 1, 0, 0, NULL, '2023-01-01 00:00:00.000000', 1672509600000, NULL, NULL, 0),
('DMC0000014', 'brad pitt', '-', 'bcrypt_sha256$$2b$12$TGSzk9fFCo6yxxtK9h3kXeu2bMW/gxDdynYK2PDjtnrrDyNkGGceC', '-', '-', '2023-11-15', '2028-11-13', 'user', 'DMC0000014/images/images_3.jpg', 4, '2023-11-16 08:34:23.750772', 1, 0, 0, NULL, '2023-01-01 00:00:00.000000', 1672509600000, NULL, NULL, 0),
('DMC0000015', 'brad pitt', '-', 'bcrypt_sha256$$2b$12$hRXdcJhbNaO0f8.4dWDK9uttu3TMq/6E3Sg0.s1ehqPOPtQauH8kS', '-', '-', '2023-11-15', '2028-11-13', 'user', 'DMC0000015/images/images_3.jpg', 4, '2023-11-16 08:34:23.750772', 1, 0, 0, NULL, '2023-01-01 00:00:00.000000', 1672509600000, NULL, NULL, 0),
('DMC0000016', 'brad pitt', '-', 'bcrypt_sha256$$2b$12$ZNedrOL2A4.bhaYqUBz1euFpyuFfxaNRrriEUG36BBzAPzsfzuQ5q', '-', '-', '2023-11-15', '2028-11-13', 'user', 'DMC0000016/images/images_3.jpg', 4, '2023-11-16 08:34:23.750772', 1, 0, 0, NULL, '2023-01-01 00:00:00.000000', 1672509600000, NULL, NULL, 0),
('DMC0000019', 'brad pitt', '-', 'bcrypt_sha256$$2b$12$HPxtvZxaOCWQDHvQjcHc9ugPV5DjFcEQ08fkQhuEIIGxo.xpEVSbO', '-', '-', '2023-11-15', '2028-11-13', 'user', 'DMC0000019/images/images_3.jpg', 4, '2023-11-16 08:34:23.750772', 1, 0, 0, NULL, '2023-01-01 00:00:00.000000', 1672509600000, NULL, NULL, 0),
('DMC0000020', 'brad pitt', '-', 'bcrypt_sha256$$2b$12$KcCP5VQFdih4neRYKnWoles7cTl8XFn3NGFhWslwpawQZavqprIne', '-', '-', '2023-11-16', '2028-11-14', 'user', 'DMC0000020/images/images_3.jpg', 4, '2023-11-16 08:57:02.234284', 1, 1, 0, NULL, '2023-01-01 00:00:00.000000', 1672509600000, NULL, NULL, 0),
('DMC0001', 'rezvialauddin', '-', '1234', '-', '-', '2023-11-20', '2028-11-18', 'user', 'DMC0001/images/Md_Alauddin_Rezvi.jpg', 4, '2023-11-20 11:31:48.667241', 1, 1, 1, NULL, '2023-01-01 00:00:00.000000', 1672509600000, NULL, NULL, 0),
('DMC001', 'rezvi', '-', 'bcrypt_sha256$$2b$12$89D576TUal.i1DVWCtIyI.DudsJGTqeCebmJM22YAId3F0yLjW7jy', '-', '-', '2023-11-16', '2028-11-14', 'user', 'DMC001/images/Md_Alauddin_Rezvi.jpg', 4, '2023-11-16 09:00:07.455115', 0, 0, 0, NULL, '2023-01-01 00:00:00.000000', 1672509600000, NULL, NULL, 0),
('DMC002', 'rezvialauddin', '-', 'bcrypt_sha256$$2b$12$hsRmF.VT447opNHFgCU8X.GhKcBa0flp2sA/6OfmMaN3ti3UoyRFa', '-', '-', '2023-11-16', '2028-11-14', 'user', 'DMC002/images/Md_Alauddin_Rezvi.jpg', 4, '2023-11-16 09:01:43.149966', 1, 1, 1, NULL, '2023-01-01 00:00:00.000000', 1672509600000, NULL, NULL, 0),
('DMC1', 'rezvialauddin', '-', '1234', '-', '-', '2023-11-20', '2028-11-18', 'user', 'DMC1/images/Md_Alauddin_Rezvi.jpg', NULL, '2023-11-20 11:33:19.273426', 1, 1, 1, NULL, '2023-01-01 00:00:00.000000', 1672509600000, NULL, NULL, 0),
('DMC100', 'Sathy Akter', '-', 'bcrypt_sha256$$2b$12$VEQRe0L91svMb6KJQqNiPeJA2IfgmJaMFo0vG4hjuqNSj8YTsABZi', '-', '-', '2023-12-11', '2028-12-09', 'user', 'DMC100/images/Sathy_Akter.jpg', 2, '2023-12-11 09:22:15.090245', 1, 1, 1, NULL, '2023-01-01 00:00:00.000000', 1702286535090, NULL, NULL, 0),
('DMC101', 'Md Nymur Rahman', '-', 'bcrypt_sha256$$2b$12$t366f8ySzaWilOAeUNRyj.6yCzNKjLgU8cp2tw1TpSeZcSrJYB50u', '-', '-', '2023-12-11', '2028-12-09', 'user', 'DMC101/images/Md_Nymur_Rahman.jpg', 2, '2023-12-11 09:23:20.844472', 1, 1, 1, NULL, '2023-01-01 00:00:00.000000', 1702286600845, NULL, NULL, 0),
('DMC101010', 'Azizur Rhman', '-', 'bcrypt_sha256$$2b$12$nuFtxq8cFoP4GozI.iFOwupT7FEegzbtGmcC.ksqgMfVecHbLcSIO', '-', '-', NULL, 'user', 'user', '', NULL, '2023-11-16 08:34:23.750772', 1, 0, 0, NULL, '2023-01-01 00:00:00.000000', 1672509600000, NULL, NULL, 0),
('DMC1010181', 'saiful alam', '-', 'bcrypt_sha256$$2b$12$mSAqw9tdKFeLPS5MfIeMH.0ToPhY5oHfv2SKVUSqcS.NAesGkcJN2', '-', '-', '2023-11-08', '2028-11-06', 'user', '', NULL, '2023-11-16 08:34:23.750772', 1, 0, 0, NULL, '2023-01-01 00:00:00.000000', 1672509600000, NULL, NULL, 0),
('DMC1010184', 'saiful alam', '-', 'bcrypt_sha256$$2b$12$NZfLwc5UR7fdTuxHV21E/.6Wu1C8vzS.xoeJ4xWc5Yv9jy4tz6UI.', '-', '-', '2023-11-08', '2028-11-06', 'user', '', NULL, '2023-11-16 08:34:23.750772', 1, 0, 0, NULL, '2023-01-01 00:00:00.000000', 1672509600000, NULL, NULL, 0),
('DMC1010187', 'saiful alam', '-', 'bcrypt_sha256$$2b$12$BPha59GPZVyQWNzyxKsTzu9r2fwhpAWOOC0VdImkkFk9EMEKwFUKS', '-', '-', '2023-11-08', '2028-11-06', 'user', '', NULL, '2023-11-16 08:34:23.750772', 1, 0, 0, NULL, '2023-01-01 00:00:00.000000', 1672509600000, NULL, NULL, 0),
('DMC101030', 'Shamim Hasan Chowdhury', '-', 'bcrypt_sha256$$2b$12$BsxUmdE6QV5jZl5bA/3LQOqIbGn3OiO.3chm8RUp8OJpE756fD6h.', '-', '-', '2023-11-08', '2028-11-06', 'user', '', NULL, '2023-11-16 08:34:23.750772', 1, 0, 0, NULL, '2023-01-01 00:00:00.000000', 1672509600000, NULL, NULL, 0),
('DMC101070', 'Shamim Hasnat Ripon', '-', 'bcrypt_sha256$$2b$12$rUd0Cb5eXBmikMZCzcU.QeS/aNYJ/K9zSWomkTOebCsrBJ1RzcPvS', '-', '-', '2023-11-12', '2028-11-10', 'user', '', NULL, '2023-11-16 08:34:23.750772', 1, 0, 0, NULL, '2023-01-01 00:00:00.000000', 1672509600000, NULL, NULL, 0),
('DMC101090', 'Shamim Hasnat Ripon', '-', 'bcrypt_sha256$$2b$12$aGRRik5.Y8YDoSpEp.HNqeWwCJoZWmUedl6R.5/cavSx4mQNy7BKi', '-', '-', '2023-11-12', '2028-11-10', 'user', '', NULL, '2023-11-16 08:34:23.750772', 1, 0, 0, NULL, '2023-01-01 00:00:00.000000', 1672509600000, NULL, NULL, 0),
('DMC10173200', 'Shamim shorker', '-', 'bcrypt_sha256$$2b$12$84/73z657bBoesNUnhDDpufsGQtGjVqlhjEdG5ppUxz9ccigGDJoG', '-', '-', '2023-11-12', '2028-11-10', 'user', 'images/Shamim_shorker/Md_Saiful_Alam.jpg', NULL, '2023-11-16 08:34:23.750772', 1, 0, 0, NULL, '2023-01-01 00:00:00.000000', 1672509600000, NULL, NULL, 0),
('DMC10173201', 'Shamim shorker', '-', 'bcrypt_sha256$$2b$12$H8Ani8DY59jCrfNvDiEL/.Ei4f2WuzxXpqUEbhf9eQ2P3HsQGkR1O', '-', '-', '2023-11-12', '2028-11-10', 'user', 'images/DMC10173201/Md_Saiful_Alam.jpg', NULL, '2023-11-16 08:34:23.750772', 1, 0, 0, NULL, '2023-01-01 00:00:00.000000', 1672509600000, NULL, NULL, 0),
('DMC10173203', 'Shamim', '-', 'bcrypt_sha256$$2b$12$cr9/Aa.pIaGWwPiNHQfYQe32HkWDXu6.YdUh7Opo3R1nt0guKnn96', '-', '-', '2023-11-12', '2028-11-10', 'user', 'images/Shamim/Md_Saiful_Alam.jpg', NULL, '2023-11-16 08:34:23.750772', 1, 0, 0, NULL, '2023-01-01 00:00:00.000000', 1672509600000, NULL, NULL, 0),
('DMC10173209', 'Shamim shorker', '-', 'bcrypt_sha256$$2b$12$fEe56tCS64i.yo3eyoGE8eXYgTlUQE1200vuB45fF/sRcpYOCorA2', '-', '-', '2023-11-12', '2028-11-10', 'user', 'DMC10173209/images/Md_Saiful_Alam.jpg', NULL, '2023-11-16 08:34:23.750772', 1, 0, 0, NULL, '2023-01-01 00:00:00.000000', 1672509600000, NULL, NULL, 0),
('DMC103', 'Shondhi', '-', 'bcrypt_sha256$$2b$12$cCF1PKoZonutTBmwJCZGMuuxaL6OcXQ.xsxQJWwoLRgml/5MFUYam', '-', '-', '2023-12-11', '2028-12-09', 'user', 'DMC103/images/Moshiur_Rahman_Shondhi.jpg', 2, '2023-12-11 11:08:21.072711', 1, 1, 1, NULL, '2023-01-01 00:00:00.000000', 1702292901072, 2, 2, 0),
('DMC107', 'MOSHARRAF HOSEN', '-', 'bcrypt_sha256$$2b$12$y8vgZvNxI5P/sby5.rV6qeAn2uWQxV5tGJE6NPxw8FSU/n0BSw5LK', '-', '-', '2023-12-12', '2028-12-10', 'user', 'DMC107/images/Mosharraf_Hossain.jpg', 2, '2023-12-12 05:05:28.578155', 1, 1, 1, NULL, '2023-01-01 00:00:00.000000', 1702357528578, 2, 2, 0),
('DMC11', 'rezvialauddin', '-', '1234', '-', '-', '2023-11-20', '2028-11-18', 'user', 'DMC11/images/Md_Alauddin_Rezvi.jpg', 4, '2023-11-20 11:33:56.527794', 1, 1, 1, NULL, '2023-01-01 00:00:00.000000', 1672509600000, NULL, NULL, 0),
('DMC12', 'rezvialauddin', '-', '1234', '-', '-', '2023-11-21', '2028-11-19', 'user', 'DMC12/images/Md_Alauddin_Rezvi.jpg', 4, '2023-11-21 04:00:20.140986', 1, 1, 1, NULL, '2023-01-01 00:00:00.000000', 1672509600000, NULL, NULL, 0),
('DMC13', 'rezvialauddin', '-', '1234', '-', '-', '2023-11-21', '2028-11-19', 'user', 'DMC13/images/Md_Alauddin_Rezvi.jpg', 4, '2023-11-21 04:03:10.315185', 1, 1, 1, NULL, '2023-01-01 00:00:00.000000', 1672509600000, NULL, NULL, 0),
('DMC14', '', '-', 'bcrypt_sha256$$2b$12$L08l94N1pnsD9c/EnIoANuEl0LyvHqLd70jU8siuBi05p1xysvi9K', '-', '-', '2023-11-21', '2028-11-19', 'user', '', NULL, '2023-11-21 04:09:44.209875', 1, 0, 0, NULL, '2023-01-01 00:00:00.000000', 1672509600000, NULL, NULL, 0),
('DMC15', '', '-', 'bcrypt_sha256$$2b$12$6Rh557d.W8R6oCgXe5lvf.3KJhXcAoysA0DhhHWoMAqCg5rF3m4Q.', '-', '-', '2023-11-21', '2028-11-19', 'user', '', NULL, '2023-11-21 04:10:09.060305', 1, 0, 0, NULL, '2023-01-01 00:00:00.000000', 1672509600000, NULL, NULL, 0),
('DMC151', 'Ananta kumar', '-', 'bcrypt_sha256$$2b$12$ffv284.QD4vK8oWL/bHqZesZo.BSOADiqAMFkAHxxiKzKNBd5H.pa', '-', '-', '2023-12-12', '2028-12-10', 'user', 'DMC151/images/chairman_ZxBsG50.png', 2, '2023-12-12 07:15:52.268598', 1, 1, 1, NULL, '2023-01-01 00:00:00.000000', 1702365352268, 2, 2, 0),
('DMC153', 'Ananta kumar', '-', 'bcrypt_sha256$$2b$12$PnLQp.V5lWnkEmieT/bPrOVRuacLk3IGDuiOuXDUVDmczEWvSZ85W', '-', '-', '2023-12-12', '2028-12-10', 'user', 'DMC153/images/CTO.png', 2, '2023-12-12 10:05:34.836547', 1, 1, 1, NULL, '2023-01-01 00:00:00.000000', 1702375534836, 2, 2, 1),
('DMC154', 'iftekhar', '-', 'bcrypt_sha256$$2b$12$t58BB1ghZn7V1rE8ucPFauBXsSfu67sE0.w47gTKLRh0JTH/Ucvkm', '-', '-', '2023-12-12', '2028-12-10', 'user', 'DMC154/images/IFTEKHAR_MAHMUD_ByxXmBs.jpg', 2, '2023-12-12 10:05:12.837156', 1, 1, 1, NULL, '2023-01-01 00:00:00.000000', 1702375512837, 2, 2, 1),
('DMC155', 'Ananta kumar', '-', 'bcrypt_sha256$$2b$12$e1AQojar5r9vU5Ebjtptm.WwEexAvs/HjZPZqyzcKLtJAPe7SYmYK', '-', '-', '2023-12-12', '2028-12-10', 'user', 'DMC155/images/CTO.png', 2, '2023-12-12 10:10:41.306191', 1, 1, 1, NULL, '2023-01-01 00:00:00.000000', 1702375841306, 2, 2, 1),
('DMC156', 'Ananta kumar', '-', 'bcrypt_sha256$$2b$12$A8vzawSJVupafSBiUxy8eOmUeOloZaXwlKdfqv/fta8qnHVGBSzlq', '-', '-', '2023-12-12', '2028-12-10', 'user', 'DMC156/images/CTO.png', 2, '2023-12-12 10:42:33.192418', 1, 1, 1, NULL, '2023-01-01 00:00:00.000000', 1702377753192, 2, 2, 1),
('DMC159', 'shondhi', '-', 'bcrypt_sha256$$2b$12$S5irJtmjJiT4Br0R7oml..LQU19FR.t5WeJNjrSfjgyS3ei/LmEfC', '-', '-', '2023-12-12', '2028-12-10', 'user', 'DMC159/images/Moshiur_Rahman_Shondhi.jpg', 2, '2023-12-12 10:25:01.476089', 1, 1, 1, NULL, '2023-01-01 00:00:00.000000', 1702376701476, 2, 2, 1),
('DMC16', 'rezvialauddin', '-', '1234', '-', '-', '2023-11-21', '2028-11-19', 'user', 'DMC16/images/Md_Alauddin_Rezvi.jpg', 4, '2023-11-21 04:12:20.001115', 1, 1, 1, NULL, '2023-01-01 00:00:00.000000', 1672509600000, NULL, NULL, 0),
('DMC162', 'APILimited New', 'nazmulhussain.api@gmail.com', 'bcrypt_sha256$$2b$12$S49lFHwCUlKhSeIEWTFOL.h8p7Liz.hewLTuLSVf661holFjL1DdG', '01551751525', '-', '2023-12-12', '2028-12-10', 'user', 'DMC162/images/CTO.png', 2, '2023-12-12 10:57:35.711082', 1, 1, 1, NULL, '2023-01-01 00:00:00.000000', 1702378655711, 2, 2, 1),
('DMC165', 'Ananta kumar', '-', 'bcrypt_sha256$$2b$12$9lwWB96g0Z4Sg.5GccoFUOdcWIc3AJZdt0kQ7NiUU.8utXuWtQNJu', '-', '-', '2023-12-12', '2028-12-10', 'user', 'DMC165/images/CTO.png', 2, '2023-12-12 12:11:00.379353', 1, 1, 1, NULL, '2023-01-01 00:00:00.000000', 1702383060379, 102, 8, 1),
('DMC166', 'Ananta kumar', '-', 'bcrypt_sha256$$2b$12$bz5nhjcZbn/lZ5G9KBYFQePH74yYmrwQZHYlzkqZvzTXon/7XcIGG', '-', '-', '2023-12-13', '2028-12-11', 'user', 'DMC166/images/CTO.png', 2, '2023-12-13 05:20:42.281681', 1, 1, 1, NULL, '2023-01-01 00:00:00.000000', 1702444842281, 102, 8, 1),
('DMC17', 'rezvialauddin', '-', '1234', '-', '-', '2023-11-21', '2028-11-19', 'user', 'DMC17/images/Md_Alauddin_Rezvi.jpg', 4, '2023-11-21 04:12:48.408522', 1, 1, 1, NULL, '2023-01-01 00:00:00.000000', 1672509600000, NULL, NULL, 0),
('DMC1717320', 'Ajaz', '-', 'bcrypt_sha256$$2b$12$tHXSo2B6tKPk32mm/v3RUelLvLSAI7jBCCQ.BP/Puz90ombm6zEXC', '-', '-', '2023-11-15', '2028-11-13', 'user', 'DMC1717320/images/Md_Saiful_Alam.jpg', NULL, '2023-11-16 08:34:23.750772', 1, 0, 0, NULL, '2023-01-01 00:00:00.000000', 1672509600000, NULL, NULL, 0),
('DMC17173208', 'Ajaz', '-', 'bcrypt_sha256$$2b$12$UKlRQJT6nek5TsjbROsu5.PbfaDyYtAx50zjc0//Gku7qK6IAXhbG', '-', '-', '2023-11-15', '2028-11-13', 'user', 'DMC17173208/images/Md_Saiful_Alam.jpg', NULL, '2023-11-16 08:34:23.750772', 1, 0, 0, NULL, '2023-01-01 00:00:00.000000', 1672509600000, NULL, NULL, 0),
('DMC171732081', 'Ajaz', '-', 'bcrypt_sha256$$2b$12$58TcrUVi1spcK5gH.6RzLur49GGRM3uKH1hKtti4NaGcR2J.YV/Pq', '-', '-', '2023-11-15', '2028-11-13', 'user', 'DMC171732081/images/Md_Saiful_Alam.jpg', NULL, '2023-11-16 08:34:23.750772', 1, 0, 0, NULL, '2023-01-01 00:00:00.000000', 1672509600000, NULL, NULL, 0),
('DMC1717320810', 'Ajaz', '-', 'bcrypt_sha256$$2b$12$cOHk2SD.0SCkBSGe./B/RuVlHja4UaL8hIJg5Ks8DA8b1QfYPXxGa', '-', '-', '2023-11-15', '2028-11-13', 'user', 'DMC1717320810/images/Md_Saiful_Alam.jpg', NULL, '2023-11-16 08:34:23.750772', 1, 0, 0, NULL, '2023-01-01 00:00:00.000000', 1672509600000, NULL, NULL, 0),
('DMC1717320812', 'Ajaz', '-', 'bcrypt_sha256$$2b$12$zoBn71c8kFS/VjMiduWbz.G6Zszxo/AoaEb11/voBpM16NJhiPh66', '-', '-', '2023-11-15', '2028-11-13', 'user', 'DMC1717320812/images/Md_Saiful_Alam.jpg', NULL, '2023-11-16 08:34:23.750772', 1, 0, 0, NULL, '2023-01-01 00:00:00.000000', 1672509600000, NULL, NULL, 0),
('DMC1717320813', 'Ajaz', '-', 'bcrypt_sha256$$2b$12$zbRDSVi2xZ764vGV5PMhi.0LgFz20hIZq78bbmp.VPlTOc58LA2g.', '-', '-', '2023-11-15', '2028-11-13', 'user', 'DMC1717320813/images/Md_Saiful_Alam.jpg', NULL, '2023-11-16 08:34:23.750772', 1, 0, 0, NULL, '2023-01-01 00:00:00.000000', 1672509600000, NULL, NULL, 0),
('DMC171732082', 'Ajaz', '-', 'bcrypt_sha256$$2b$12$vfTuI5fWW3y.yl0Z.QTUzOtE7SVep2xjicYoXrity/rVWsqsrPVXW', '-', '-', '2023-11-15', '2028-11-13', 'user', 'DMC171732082/images/Md_Saiful_Alam.jpg', NULL, '2023-11-16 08:34:23.750772', 1, 0, 0, NULL, '2023-01-01 00:00:00.000000', 1672509600000, NULL, NULL, 0),
('DMC171732083', 'Ajaz', '-', 'bcrypt_sha256$$2b$12$RTNKyRA5cYQoMAQpw4Xp6.UaIAssaXSZfXlsoUjUWnOAgkb7Ul2EK', '-', '-', '2023-11-15', '2028-11-13', 'user', 'DMC171732083/images/Md_Saiful_Alam.jpg', NULL, '2023-11-16 08:34:23.750772', 1, 0, 0, NULL, '2023-01-01 00:00:00.000000', 1672509600000, NULL, NULL, 0),
('DMC171732084', 'Ajaz', '-', 'bcrypt_sha256$$2b$12$hnYh.GwQy9mcea9.nYwuieacw/DZ7VRSv5NUPlZGNSmktA9mNYs9y', '-', '-', '2023-11-15', '2028-11-13', 'user', 'DMC171732084/images/Md_Saiful_Alam.jpg', NULL, '2023-11-16 08:34:23.750772', 1, 0, 0, NULL, '2023-01-01 00:00:00.000000', 1672509600000, NULL, NULL, 0),
('DMC171732085', 'Ajaz', '-', 'bcrypt_sha256$$2b$12$PmEhu0PGhLEOxAqINasZ2e.ey5k21q3/l6lt/TPLbb1krFKwkoEBO', '-', '-', '2023-11-15', '2028-11-13', 'user', 'DMC171732085/images/Md_Saiful_Alam.jpg', NULL, '2023-11-16 08:34:23.750772', 1, 0, 0, NULL, '2023-01-01 00:00:00.000000', 1672509600000, NULL, NULL, 0),
('DMC171732086', 'Ajaz', '-', 'bcrypt_sha256$$2b$12$mRqTzeBaHYcQi/1tH55U4OgBofiVnxIYLdCgCNp5FxXa.xi7KfV0W', '-', '-', '2023-11-15', '2028-11-13', 'user', 'DMC171732086/images/Md_Saiful_Alam.jpg', NULL, '2023-11-16 08:34:23.750772', 1, 0, 0, NULL, '2023-01-01 00:00:00.000000', 1672509600000, NULL, NULL, 0),
('DMC171732087', 'Ajaz', '-', 'bcrypt_sha256$$2b$12$yJcSCp62tuCcUZn8.nT/g.yOUrWolX8T3vc7pyQk2Uqxl2HQ01dBG', '-', '-', '2023-11-15', '2028-11-13', 'user', 'DMC171732087/images/Md_Saiful_Alam.jpg', NULL, '2023-11-16 08:34:23.750772', 1, 0, 0, NULL, '2023-01-01 00:00:00.000000', 1672509600000, NULL, NULL, 0),
('DMC171732089', 'Ajaz', '-', 'bcrypt_sha256$$2b$12$TDRQsL3alw8xe01T3fcBzujDwDbDYdzj8trHYyO0TRh8Jd5SH1lJy', '-', '-', '2023-11-15', '2028-11-13', 'user', 'DMC171732089/images/Md_Saiful_Alam.jpg', NULL, '2023-11-16 08:34:23.750772', 1, 0, 0, NULL, '2023-01-01 00:00:00.000000', 1672509600000, NULL, NULL, 0),
('DMC1717320890', 'Ajaz', '-', 'bcrypt_sha256$$2b$12$Vy027JpS9JKsu7UADbCrA.U.1pbr2h16oKKRkX4cbvChU0NO2emDK', '-', '-', '2023-11-15', '2028-11-13', 'user', 'DMC1717320890/images/Md_Saiful_Alam.jpg', NULL, '2023-11-16 08:34:23.750772', 1, 0, 0, NULL, '2023-01-01 00:00:00.000000', 1672509600000, NULL, NULL, 0),
('DMC1717320891', 'Ajaz', '-', 'bcrypt_sha256$$2b$12$yVTaiS2VolTYNvBJQiprZO6rSMAZp9SY3HIJep/WK3jQfEvKKX.Ry', '-', '-', '2023-11-15', '2028-11-13', 'user', 'DMC1717320891/images/Md_Saiful_Alam.jpg', NULL, '2023-11-16 08:34:23.750772', 1, 0, 0, NULL, '2023-01-01 00:00:00.000000', 1672509600000, NULL, NULL, 0),
('DMC1717320892', 'Ajaz', '-', 'bcrypt_sha256$$2b$12$Y1TENrn3KYZzEfAd9cpopuKMQT6bADsBZwllE32XJ/oBNxQdZM8RW', '-', '-', '2023-11-15', '2028-11-13', 'user', 'DMC1717320892/images/Md_Saiful_Alam.jpg', NULL, '2023-11-16 08:34:23.750772', 1, 0, 0, NULL, '2023-01-01 00:00:00.000000', 1672509600000, NULL, NULL, 0),
('DMC1717320893', 'Ajaz', '-', 'bcrypt_sha256$$2b$12$p3sWhkVyNUWmb/3d3QsxSOGdAN7j767qnXUC/cECf33Inj1/NT5Ri', '-', '-', '2023-11-15', '2028-11-13', 'user', 'DMC1717320893/images/Masudul_Kabir.jpg', NULL, '2023-11-16 08:34:23.750772', 1, 0, 0, NULL, '2023-01-01 00:00:00.000000', 1672509600000, NULL, NULL, 0),
('DMC17173209', 'Ajaz', '-', 'bcrypt_sha256$$2b$12$zp..D8HsFcY.zNdQOdLoEeoA0/EzNVRRW3Z2nm1UjCfrFSKH.86/y', '-', '-', '2023-11-15', '2028-11-13', 'user', 'DMC17173209/images/Md_Saiful_Alam.jpg', NULL, '2023-11-16 08:34:23.750772', 1, 0, 0, NULL, '2023-01-01 00:00:00.000000', 1672509600000, NULL, NULL, 0),
('DMC1717321', 'Ajaz', '-', 'bcrypt_sha256$$2b$12$Q/.A9svmlGojRdE77F.aKOd00533PESdFa7RyoDnb5koqfdSg0QA2', '-', '-', '2023-11-15', '2028-11-13', 'user', 'DMC1717321/images/Md_Saiful_Alam.jpg', NULL, '2023-11-16 08:34:23.750772', 1, 0, 0, NULL, '2023-01-01 00:00:00.000000', 1672509600000, NULL, NULL, 0),
('DMC17173211', 'Ajaz', '-', 'bcrypt_sha256$$2b$12$Rd63Ti5fq8z3nceuUsXxGegOjJ7fzevExKgBqq42pI5rfME08sUCe', '-', '-', '2023-11-15', '2028-11-13', 'user', 'DMC17173211/images/Md_Saiful_Alam.jpg', NULL, '2023-11-16 08:34:23.750772', 1, 0, 0, NULL, '2023-01-01 00:00:00.000000', 1672509600000, NULL, NULL, 0),
('DMC171732111', 'Ajaz', '-', 'bcrypt_sha256$$2b$12$jKLre3dnfcHpAmcca2eUnOu17mfMWzM65EArZnHrG3VSnwV43pa3.', '-', '-', '2023-11-15', '2028-11-13', 'user', 'DMC171732111/images/Md_Saiful_Alam.jpg', NULL, '2023-11-16 08:34:23.750772', 1, 0, 0, NULL, '2023-01-01 00:00:00.000000', 1672509600000, NULL, NULL, 0),
('DMC1717321111', 'Ajaz', '-', 'bcrypt_sha256$$2b$12$4WD74MU7ahYmHdDNgTGh5eROy9m9M/R//.aVTcWQ9QB7rt3EEeRkq', '-', '-', '2023-11-15', '2028-11-13', 'user', 'DMC1717321111/images/Md_Saiful_Alam.jpg', NULL, '2023-11-16 08:34:23.750772', 1, 0, 0, NULL, '2023-01-01 00:00:00.000000', 1672509600000, NULL, NULL, 0),
('DMC1717321112', 'Ajaz', '-', 'bcrypt_sha256$$2b$12$cfYO/GhKO84yefSdCcdBjO1ZCtBNWoa8hXdT2HCE09ra2kqZIaAk6', '-', '-', '2023-11-15', '2028-11-13', 'user', 'DMC1717321112/images/Md_Saiful_Alam.jpg', NULL, '2023-11-16 08:34:23.750772', 1, 0, 0, NULL, '2023-01-01 00:00:00.000000', 1672509600000, NULL, NULL, 0),
('DMC17173211125', 'Ajaz', '-', 'bcrypt_sha256$$2b$12$3s4dMugfwRPhOvW/6Ci5WeiaFC8ZJgxaH8hW9378hA.RSVESx5TnC', '-', '-', '2023-11-15', '2028-11-13', 'user', 'DMC17173211125/images/Md_Saiful_Alam.jpg', NULL, '2023-11-16 08:34:23.750772', 1, 0, 0, NULL, '2023-01-01 00:00:00.000000', 1672509600000, NULL, NULL, 0),
('DMC171732111251', 'Ajaz', '-', 'bcrypt_sha256$$2b$12$1QFqYhWDjtZqyyUgMw8Gfug6M6VvPfTegO2KL456ulIq6pWVLUPXi', '-', '-', '2023-11-15', '2028-11-13', 'user', 'DMC171732111251/images/Md_Saiful_Alam.jpg', NULL, '2023-11-16 08:34:23.750772', 1, 0, 0, NULL, '2023-01-01 00:00:00.000000', 1672509600000, NULL, NULL, 0),
('DMC1717321112511', 'Ajaz', '-', 'bcrypt_sha256$$2b$12$O7Rtr0klMYAfpojUowbH2u6BRDMiSNPCnhGGhKKSEWGeNWQt9I0u2', '-', '-', '2023-11-15', '2028-11-13', 'user', 'DMC1717321112511/images/Md_Saiful_Alam.jpg', NULL, '2023-11-16 08:34:23.750772', 1, 0, 0, NULL, '2023-01-01 00:00:00.000000', 1672509600000, NULL, NULL, 0),
('DMC1717321112514', 'Ajaz', '-', 'bcrypt_sha256$$2b$12$LNfsO0.0oMY/jEyy6dhMoOdgLmpzV29yZD6G7.b7lFQqYp3a57pJ.', '-', '-', '2023-11-15', '2028-11-13', 'user', 'DMC1717321112514/images/Md_Saiful_Alam.jpg', NULL, '2023-11-16 08:34:23.750772', 1, 0, 0, NULL, '2023-01-01 00:00:00.000000', 1672509600000, NULL, NULL, 0),
('DMC171732111253', 'Ajaz', '-', 'bcrypt_sha256$$2b$12$m0BqI5RBFtiX1qqhNb5.nemd9lS8lKIGP4KxZ7NgJlfPdKTxxd3RG', '-', '-', '2023-11-15', '2028-11-13', 'user', 'DMC171732111253/images/Md_Saiful_Alam.jpg', NULL, '2023-11-16 08:34:23.750772', 1, 0, 0, NULL, '2023-01-01 00:00:00.000000', 1672509600000, NULL, NULL, 0),
('DMC171732112514', 'Ajaz', '-', 'bcrypt_sha256$$2b$12$k3Hj4Qqkt/a4UXZ6VOihYeyXy8cJF5UC6Pabg2Q4viZggggwv5se2', '-', '-', '2023-11-15', '2028-11-13', 'user', 'DMC171732112514/images/Md_Saiful_Alam.jpg', NULL, '2023-11-16 08:34:23.750772', 1, 0, 0, NULL, '2023-01-01 00:00:00.000000', 1672509600000, NULL, NULL, 0),
('DMC171732112517', 'Ajaz', '-', 'bcrypt_sha256$$2b$12$AFuzjQliOyShmBTz0U0Mn.5WCgv3kYVHzQU.5YWaOV0n.U8Cj7tyC', '-', '-', '2023-11-15', '2028-11-13', 'user', 'DMC171732112517/images/Md_Saiful_Alam.jpg', NULL, '2023-11-16 08:34:23.750772', 1, 0, 0, NULL, '2023-01-01 00:00:00.000000', 1672509600000, NULL, NULL, 0),
('DMC171732112519', 'Ajaz', '-', 'bcrypt_sha256$$2b$12$s7F979o3bCXz5JBq.AUEteUmfdekJlqWrzXW8h0uBsjMwjtGqUjFq', '-', '-', '2023-11-15', '2028-11-13', 'user', 'DMC171732112519/images/Md_Saiful_Alam.jpg', NULL, '2023-11-16 08:34:23.750772', 1, 0, 0, NULL, '2023-01-01 00:00:00.000000', 1672509600000, NULL, NULL, 0),
('DMC17173214', 'Ajaz', '-', 'bcrypt_sha256$$2b$12$/g.kC5Hjb8UZpxh5ptYmFeyCqLVMfcntz27RDvBlKMuFpZcGF.r8q', '-', '-', '2023-11-15', '2028-11-13', 'user', 'DMC17173214/images/Md_Saiful_Alam.jpg', NULL, '2023-11-16 08:34:23.750772', 1, 0, 0, NULL, '2023-01-01 00:00:00.000000', 1672509600000, NULL, NULL, 0),
('DMC171732144', 'Ajaz', '-', 'bcrypt_sha256$$2b$12$8dnOIXG0ckBIEN.ieUcCqOmMUGivt9IuApy7vZsvJy24yqG4AvQ2i', '-', '-', '2023-11-15', '2028-11-13', 'user', 'DMC171732144/images/Md_Saiful_Alam.jpg', NULL, '2023-11-16 08:34:23.750772', 1, 0, 0, NULL, '2023-01-01 00:00:00.000000', 1672509600000, NULL, NULL, 0),
('DMC1717321448', 'Ajaz', '-', 'bcrypt_sha256$$2b$12$2V0RiQRByfzBxCVR4cB.Du6YXrE1l8mSlEDXjuoz3DZ5Mz0vEvZVS', '-', '-', '2023-11-15', '2028-11-13', 'user', 'DMC1717321448/images/Md_Saiful_Alam.jpg', NULL, '2023-11-16 08:34:23.750772', 1, 0, 0, NULL, '2023-01-01 00:00:00.000000', 1672509600000, NULL, NULL, 0),
('DMC17173214480', 'Ajaz', '-', 'bcrypt_sha256$$2b$12$uiFZr1Dp/v/3HiBS32nT2ul2PiKYDvCihaTtYU3Ue/foBpBAxZ9uK', '-', '-', '2023-11-15', '2028-11-13', 'user', 'DMC17173214480/images/Md_Saiful_Alam.jpg', NULL, '2023-11-16 08:34:23.750772', 1, 0, 0, NULL, '2023-01-01 00:00:00.000000', 1672509600000, NULL, NULL, 0),
('DMC171732144808', 'Ajaz', '-', 'bcrypt_sha256$$2b$12$o3m7t/5JpsxNOqF1m4sbfONHqGRDjO/tYZobAFhxmVCR03E.Ut1ai', '-', '-', '2023-11-15', '2028-11-13', 'user', 'DMC171732144808/images/Md_Saiful_Alam.jpg', NULL, '2023-11-16 08:34:23.750772', 1, 0, 0, NULL, '2023-01-01 00:00:00.000000', 1672509600000, NULL, NULL, 0),
('DMC17173214481', 'Ajaz', '-', 'bcrypt_sha256$$2b$12$OSd73DbkpRuLrbY7yEiTU.PWxbubC7wV93stPgNs4w/JJBFvVxfs2', '-', '-', '2023-11-15', '2028-11-13', 'user', 'DMC17173214481/images/Md_Saiful_Alam.jpg', NULL, '2023-11-16 08:34:23.750772', 1, 0, 0, NULL, '2023-01-01 00:00:00.000000', 1672509600000, NULL, NULL, 0),
('DMC18', 'rezvialauddin', '-', '1234', '-', '-', '2023-11-21', '2028-11-19', 'user', 'DMC18/images/Md_Alauddin_Rezvi.jpg', 4, '2023-11-21 04:13:20.755474', 1, 1, 1, NULL, '2023-01-01 00:00:00.000000', 1672509600000, NULL, NULL, 0),
('DMC19', 'rezvialauddin', '-', '1234', '-', '-', '2023-11-21', '2028-11-19', 'user', 'DMC19/images/Md_Alauddin_Rezvi.jpg', 4, '2023-11-21 04:18:25.068038', 1, 1, 1, NULL, '2023-01-01 00:00:00.000000', 1672509600000, NULL, NULL, 0),
('DMC20', 'rezvialauddin', '-', '1234', '-', '-', '2023-11-21', '2028-11-19', 'user', 'DMC20/images/Md_Alauddin_Rezvi.jpg', 4, '2023-11-21 04:20:17.062705', 1, 1, 1, NULL, '2023-01-01 00:00:00.000000', 1672509600000, NULL, NULL, 0),
('DMC21', 'rezvialauddin', '-', '1234', '-', '-', '2023-11-21', '2028-11-19', 'user', 'DMC21/images/Md_Alauddin_Rezvi.jpg', 4, '2023-11-21 04:23:19.441552', 1, 1, 1, NULL, '2023-01-01 00:00:00.000000', 1672509600000, NULL, NULL, 0),
('DMC22', 'rezvialauddin', '-', 'bcrypt_sha256$$2b$12$q7ow.PPmDCqxzinx1V7wB.y8KU567UYMn3Hu6Ql1ZGaBMEoAHLxV.', '-', '-', '2023-11-21', '2028-11-19', 'user', 'DMC22/images/Md_Alauddin_Rezvi.jpg', 4, '2023-11-21 04:24:08.991899', 1, 1, 1, NULL, '2023-01-01 00:00:00.000000', 1672509600000, NULL, NULL, 0),
('DMC23', 'rezvialauddin', '-', 'bcrypt_sha256$$2b$12$JVUmvOSxkg13KvTsMjiqY.zGCEht1BeKVntCVcCytxUNTry1unt..', '-', '-', '2023-11-21', '2028-11-19', 'user', 'DMC23/images/Md_Alauddin_Rezvi.jpg', 4, '2023-11-21 04:26:35.449557', 1, 1, 1, NULL, '2023-01-01 00:00:00.000000', 1672509600000, NULL, NULL, 0),
('DMC24', 'rezvialauddin', '-', 'bcrypt_sha256$$2b$12$5FLPiN1A..WEuQ7fCVQfwusWgwImcbKHejX6Ttyu2eGIRLSdU1gAK', '-', '-', '2023-11-21', '2028-11-19', 'user', 'DMC24/images/Md_Alauddin_Rezvi.jpg', 4, '2023-11-21 04:31:24.796551', 1, 1, 1, NULL, '2023-01-01 00:00:00.000000', 1672509600000, NULL, NULL, 0),
('DMC25', 'rezvialauddin', '-', 'bcrypt_sha256$$2b$12$RXOPI.awav39mEz2YqaXqOguBqPMbzQBJji3JQo6IyV3En/imjS4.', '-', '-', '2023-11-21', '2028-11-19', 'user', 'DMC25/images/Md_Alauddin_Rezvi.jpg', 4, '2023-11-21 05:49:01.391863', 1, 1, 1, NULL, '2023-01-01 00:00:00.000000', 1700545719, NULL, NULL, 0),
('DMC26', 'rezvialauddin', '-', 'bcrypt_sha256$$2b$12$eIcOELGd7pfC5VEFRkOC4eMg/OTpXTt3qSToY5s4QZflsCf1U8VQm', '-', '-', '2023-11-21', '2028-11-19', 'user', 'DMC26/images/Md_Alauddin_Rezvi.jpg', 4, '2023-11-21 06:00:45.002097', 1, 1, 1, NULL, '2023-01-01 00:00:00.000000', 0, NULL, NULL, 0),
('DMC27', 'rezvialauddin', '-', 'bcrypt_sha256$$2b$12$TKaJLlOfxD.WZrQX8N6UIu7vqq1bc8I/Pw/HJsHXaYNP8Sk5xZYZG', '-', '-', '2023-11-21', '2028-11-19', 'user', 'DMC27/images/Md_Alauddin_Rezvi.jpg', 4, '2023-11-21 06:04:51.047207', 1, 1, 1, NULL, '2023-01-01 00:00:00.000000', 1700546691047, NULL, NULL, 0),
('DMC28', 'rezvialauddin', '-', 'bcrypt_sha256$$2b$12$T6s6hknuc1zfvJX9Tsd8wOn3k0btibZeedYroEOcCz49W8ditBCA.', '-', '-', '2023-11-21', '2028-11-19', 'user', 'DMC28/images/Md_Alauddin_Rezvi.jpg', 4, '2023-11-21 06:05:14.542846', 1, 1, 1, NULL, '2023-01-01 00:00:00.000000', 1700546714542, NULL, NULL, 0),
('DMC29', 'rezvialauddin', '-', 'bcrypt_sha256$$2b$12$pxqzhN0mpDb5yqQa3EApbOzKgep.pgakOoqC7os7Y9IlN6ICuMbU2', '-', '-', '2023-11-21', '2028-11-19', 'user', 'DMC29/images/Md_Alauddin_Rezvi.jpg', 4, '2023-11-21 06:16:07.544595', 1, 1, 1, NULL, '2023-01-01 00:00:00.000000', 1700547367544, NULL, NULL, 0),
('DMC30', 'rezvialauddin', '-', 'bcrypt_sha256$$2b$12$LObf/4Y.RxSxTXXVb3oqr.hLPKpD4EjFcHXdcq0oBi0gdE1yWPQka', '-', '-', '2023-11-21', '2028-11-19', 'user', 'DMC30/images/Md_Alauddin_Rezvi.jpg', 4, '2023-11-21 06:16:53.588755', 1, 1, 1, NULL, '2023-01-01 00:00:00.000000', 1700547413588, NULL, NULL, 0),
('DMC31', 'rezvialauddin', '-', 'bcrypt_sha256$$2b$12$fRmIEm19db3OjQrwLNTLb.M4u40ITTpi7/ePizs5uEis7xLqOiNRS', '-', '-', '2023-11-21', '2028-11-19', 'user', 'DMC31/images/Md_Alauddin_Rezvi.jpg', 2, '2023-11-21 06:18:43.385965', 1, 1, 1, NULL, '2023-01-01 00:00:00.000000', 1700547523386, NULL, NULL, 0),
('DMC32', 'rezvialauddin', '-', 'bcrypt_sha256$$2b$12$0oRU94Alk42nl2s3ArHEpuYGEefQYJeMsSXTJrsrxJNL4OUbvQrSa', '-', '-', '2023-11-21', '2028-11-19', 'user', 'DMC32/images/Md_Alauddin_Rezvi.jpg', 2, '2023-11-21 06:21:43.087122', 1, 1, 1, NULL, '2023-01-01 00:00:00.000000', 1700547703087, NULL, NULL, 0),
('DMC33', 'rezvialauddin', '-', 'bcrypt_sha256$$2b$12$3fWpbik2xpeHcYrHfUiqROShtbftfjkA/4tsHxxRmU2Tz/Y..TnQu', '-', '-', '2023-11-21', '2028-11-19', 'user', 'DMC33/images/Md_Alauddin_Rezvi.jpg', 2, '2023-11-21 06:26:28.068834', 1, 1, 1, NULL, '2023-01-01 00:00:00.000000', 1700547988068, NULL, NULL, 0),
('DMC34', 'rezvialauddin', '-', '123', '-', '-', '2023-11-21', '2028-11-19', 'user', 'DMC34/images/Md_Alauddin_Rezvi.jpg', 2, '2023-11-21 06:28:06.848127', 1, 1, 1, NULL, '2023-01-01 00:00:00.000000', 1700548086848, NULL, NULL, 0),
('DMC38', 'ajwat', '-', 'bcrypt_sha256$$2b$12$kRC199fdfBaCb3BBG.NVVehlu75shO70NDy0qjne7v3FeV.3nRKmK', '-', '-', '2023-11-21', '2028-11-19', 'user', 'DMC38/images/Ajwat.jpg', 2, '2023-11-21 06:40:31.477435', 1, 1, 1, NULL, '2023-01-01 00:00:00.000000', 1700548831477, NULL, NULL, 0),
('DMC39', 'Nazmul haque', '-', 'bcrypt_sha256$$2b$12$mjZ3lkfWeHARgAPNX4IlseIQ/bmF9SahQOdKt.CAS4Nq8FFziuE6a', '-', '-', '2023-11-21', '2028-11-19', 'user', 'DMC39/images/Md_Nazmul_Haque.jpg', 2, '2023-11-21 07:07:26.139384', 1, 1, 1, NULL, '2023-01-01 00:00:00.000000', 1700550446139, NULL, NULL, 0),
('DMC40', 'Urmi Hera', '-', 'bcrypt_sha256$$2b$12$PChGU2Dwc.3kX5RxfDCd7OX/94QpBH9g7cOoM.Y9AQhl8.x7a91wW', '-', '-', '2023-11-21', '2028-11-19', 'user', 'DMC40/images/URMI_HIRA.jpg', 2, '2023-11-21 09:45:42.853628', 1, 1, 1, NULL, '2023-01-01 00:00:00.000000', 1700559942853, NULL, NULL, 0),
('DMC41', 'Mihal', '-', 'bcrypt_sha256$$2b$12$Cqwr3oqdzw3sOPzRigYI9e1WV5FnZmKjqnA.Vwe4gRchuuUuSbPFW', '-', '-', '2023-11-22', '2028-11-20', 'user', 'DMC41/images/Md_Mihal..jpg', 2, '2023-11-22 06:25:29.555488', 1, 1, 1, NULL, '2023-01-01 00:00:00.000000', 1700634329555, NULL, NULL, 0),
('DMC43', 'Siful Alam', '-', 'bcrypt_sha256$$2b$12$HA/cJW969qMZAd.AcHjF4.q1i8DOh8sWxVziYLPhBVg8mSMYHF2Ru', '-', '-', '2023-11-22', '2028-11-20', 'user', 'DMC43/images/Md_Saiful_Alam.jpg', 2, '2023-11-22 12:10:35.032543', 1, 1, 1, NULL, '2023-01-01 00:00:00.000000', 1700655035032, NULL, NULL, 0),
('DMC44', 'Siful Alam', '-', 'bcrypt_sha256$$2b$12$NKrPeHgU/UGyF4MJ7ES03eVuo5E7P8VrCHcF3bHOFidm6nJyMIbM6', '-', '-', '2023-11-22', '2028-11-20', 'user', 'DMC44/images/Md_Saiful_Alam.jpg', 2, '2023-11-22 12:11:13.643001', 1, 1, 1, NULL, '2023-01-01 00:00:00.000000', 1700655073643, NULL, NULL, 0),
('DMC45', 'Ajwat', '-', 'bcrypt_sha256$$2b$12$60qd/Yfbk/nIKTSHrTmnSuvhMQRnKaOgp635jPnTk0ioRsDaPXZJ.', '-', '-', '2023-11-23', '2028-11-21', 'user', 'DMC45/images/Ajwat.jpg', 2, '2023-11-23 07:41:42.431541', 1, 1, 1, NULL, '2023-01-01 00:00:00.000000', 1700725302431, NULL, NULL, 0),
('DMC46', 'Ajwat', '-', 'bcrypt_sha256$$2b$12$F83OtAB3gVrB7d3gcTIrr.mHb1XQJr5abdJgd/s35ZgBWURCeTJ0G', '-', '-', '2023-11-23', '2028-11-21', 'user', 'DMC46/images/Ajwat.jpg', 2, '2023-11-23 07:43:56.851513', 1, 1, 1, NULL, '2023-01-01 00:00:00.000000', 1700725436852, NULL, NULL, 0),
('DMC47', 'Ajwat', '-', 'bcrypt_sha256$$2b$12$U.rDsZn45iYAyTkkBOHeze06SXXAfNsQ5FoyVq8Jw0CGZ1RY9UmzW', '-', '-', '2023-11-23', '2028-11-21', 'user', 'DMC47/images/Ajwat.jpg', 2, '2023-11-23 07:45:09.221965', 1, 1, 1, NULL, '2023-01-01 00:00:00.000000', 1700725509222, NULL, NULL, 0),
('DMC48', 'Ajwat', '-', 'bcrypt_sha256$$2b$12$kEYj41niz0/gZo4ud6KwceYAu.dBRNDpHn7dmx4yXM.3mMY12X79q', '-', '-', '2023-11-23', '2028-11-21', 'user', '', 2, '2023-11-23 07:49:08.191266', 1, 1, 1, NULL, '2023-01-01 00:00:00.000000', 1700725748191, NULL, NULL, 0),
('DMC49', 'Ajwat', '-', 'bcrypt_sha256$$2b$12$Sv587xjZ/yqhCe.n37GwE.R0kNZAAq/kV.jHawsm.sh9uYQ6JQ8Ca', '-', '-', '2023-11-23', '2028-11-21', 'user', 'DMC49/images/Ajwat_TdpDXPk.jpg', 2, '2023-11-23 07:50:33.716176', 0, 0, 0, NULL, '2023-01-01 00:00:00.000000', 1700725833716, NULL, NULL, 0),
('DMC50', 'Ajwat', '-', 'bcrypt_sha256$$2b$12$uFHtQp5wWbao5JDi3XlV/eZZOO6EEnDcbZljoVEkNEaqnMb.Ga.Wm', '-', '-', '2023-11-23', '2028-11-21', 'user', '', 2, '2023-11-23 08:18:03.424782', 1, 1, 1, NULL, '2023-01-01 00:00:00.000000', 1700727483424, NULL, NULL, 0),
('DMC51', 'Ajwat', '-', 'bcrypt_sha256$$2b$12$IdjckTNqnCoyyA5eEKry.OxzANA6Q7zOa6KoPFLENaUBG7mpvVfKq', '-', '-', '2023-11-23', '2028-11-21', 'user', '', 2, '2023-11-23 08:20:59.417579', 1, 1, 1, NULL, '2023-01-01 00:00:00.000000', 1700727659417, NULL, NULL, 0),
('DMC52', 'Ajwat', '-', 'bcrypt_sha256$$2b$12$OjVg3aiwK8tgmk1Pk2N1cusgGcKejbTGFM50fuY.nmAoF7R.RazcC', '-', '-', '2023-11-23', '2028-11-21', 'user', 'DMC52/images/Ajwat.jpg', 2, '2023-11-23 08:23:50.217422', 0, 0, 0, NULL, '2023-01-01 00:00:00.000000', 1700727830217, NULL, NULL, 0),
('DMC53', 'Ajwat', '-', 'bcrypt_sha256$$2b$12$xWGsUGr6IuEt0eJWdxkRj.hXtNUM/XWP2Vb0z1Y1JqHx.D9vZosIO', '-', '-', '2023-11-23', '2028-11-21', 'user', 'DMC53/images/GM_Nazmul_Hussain_oy5AOFm.jpg', 2, '2023-11-23 08:25:51.088076', 0, 0, 0, NULL, '2023-01-01 00:00:00.000000', 1700727951088, NULL, NULL, 0),
('DMC54', 'Ajwat', '-', 'bcrypt_sha256$$2b$12$1DRFKhLOX1ua2b6IVdaP6OakUjsOw9sxaUwQSA50mGsZ8FtHk89Bi', '-', '-', '2023-11-23', '2028-11-21', 'user', '', 2, '2023-11-23 08:58:48.965132', 1, 1, 1, NULL, '2023-01-01 00:00:00.000000', 1700729928965, NULL, NULL, 0),
('DMC55', 'Ibrahim', '-', 'bcrypt_sha256$$2b$12$Gt6qovSim.uPM5zshX/dpuM3DawQ8auwYxXV.P5TfJlfRSiXzkzWq', '-', '-', '2023-11-23', '2028-11-21', 'user', '', 2, '2023-11-23 09:46:46.770701', 1, 1, 1, NULL, '2023-01-01 00:00:00.000000', 1700732806771, NULL, NULL, 0),
('DMC56', 'Ibrahim', '-', 'bcrypt_sha256$$2b$12$5L5CHxAkhNw0/LYBB7km2e7dq2v0mtdCpB.e49PPXIGk1VFopB9aW', '-', '-', '2023-11-23', '2028-11-21', 'user', 'DMC56/images/Mohammad_Ibrahim_1.jpg', 2, '2023-11-23 09:47:54.415043', 1, 1, 1, NULL, '2023-01-01 00:00:00.000000', 1700732874415, NULL, NULL, 0),
('DMC57', 'Ibrahim', '-', 'bcrypt_sha256$$2b$12$7F2XIhv5rm3nTQ5gzwkDHucW6uBMiK/mfxzap.CyTnzUDRS5qYFjC', '-', '-', '2023-11-23', '2028-11-21', 'user', 'DMC57/images/Mohammad_Ibrahim_1.jpg', 2, '2023-11-23 09:49:22.867124', 1, 1, 1, NULL, '2023-01-01 00:00:00.000000', 1700732962867, NULL, NULL, 0),
('DMC58', 'Ibrahim', '-', 'bcrypt_sha256$$2b$12$Hb7TkS7NjGBQmksJHR9e8.NPphWtvs/7edoCm5m719pMkrX8z/zTm', '-', '-', '2023-11-23', '2028-11-21', 'user', 'DMC58/images/Mohammad_Ibrahim_1.jpg', 2, '2023-11-23 09:49:58.432403', 1, 1, 1, NULL, '2023-01-01 00:00:00.000000', 1700545719, NULL, NULL, 0),
('DMC59', 'Ibrahim', '-', 'bcrypt_sha256$$2b$12$F1bHlhGAfhK8BuVZKTpPYeVcCdYrf0xUU7wCoYG3hSXEqzedy9pwG', '-', '-', '2023-11-23', '2028-11-21', 'user', 'DMC59/images/Mohammad_Ibrahim_1.jpg', 2, '2023-11-23 09:50:52.026003', 1, 1, 1, NULL, '2023-01-01 00:00:00.000000', 1700545719, NULL, NULL, 0),
('DMC60', 'jiaur', '-', 'bcrypt_sha256$$2b$12$7yntFzvhHSeF2ufn6PdM..jw.HuI8MN5.VvEaoAOsoe.lWJHRTBRy', '-', '-', '2023-11-23', '2028-11-21', 'user', 'DMC60/images/Md_Jiaur_Rahman.jpg', 2, '2023-11-23 10:21:31.849290', 0, 0, 0, NULL, '2023-01-01 00:00:00.000000', 1700545719, NULL, NULL, 0),
('DMC61', 'masud', '-', 'bcrypt_sha256$$2b$12$Xi7Xl6Zcc05rm8ZfnBgvP.tKgfbwo2uA/XQ8sTJzicPEu6EjcZqH.', '-', '-', '2023-11-23', '2028-11-21', 'user', 'DMC61/images/Masudul_Kabir.jpg', 2, '2023-11-23 10:25:02.567487', 1, 1, 1, NULL, '2023-01-01 00:00:00.000000', 1700545719, NULL, NULL, 0),
('DMC62', 'anata', '-', 'bcrypt_sha256$$2b$12$3QZNEgfirGTUifwCfjD3ce0T0QlCf3mnED9A3FQ3NZUtRGblUFCLa', '-', '-', '2023-11-23', '2028-11-21', 'user', 'DMC62/images/Anata_Kumar_Ridoy.jpg', 2, '2023-11-23 10:29:40.919536', 1, 1, 1, NULL, '2023-01-01 00:00:00.000000', 1700545719, NULL, NULL, 0),
('DMC63', 'jamiul', '-', 'bcrypt_sha256$$2b$12$X4YwDKXJypIUEHosgAoBouRhihMBF9gPSUZYNl3S9WdaW1bRSzr/u', '-', '-', '2023-11-23', '2028-11-21', 'user', 'DMC63/images/Jamiul_Islam.jpg', 2, '2023-11-23 10:33:09.017222', 1, 1, 1, NULL, '2023-01-01 00:00:00.000000', 1700545719, NULL, NULL, 0),
('DMC64', 'jamiul', '-', 'bcrypt_sha256$$2b$12$fxHta.RzLG21YeejvoztG.kYeitNYN15UyPj/T6WUWmxiCdslmM76', '-', '-', '2023-11-23', '2028-11-21', 'user', 'DMC64/images/Jamiul_Islam.jpg', 2, '2023-11-23 10:34:33.702408', 1, 1, 1, NULL, '2023-01-01 00:00:00.000000', 1700545719, NULL, NULL, 0),
('DMC65', 'jamiul', '-', 'bcrypt_sha256$$2b$12$e/pEfD0Uel8LMCFYzu6pJ.UL8/WWjCkJcGDpnQXhKsStQxbnv7nly', '-', '-', '2023-11-23', '2028-11-21', 'user', 'DMC65/images/Jamiul_Islam.jpg', 2, '2023-11-23 10:35:19.267128', 1, 1, 1, NULL, '2023-01-01 00:00:00.000000', 1700545719, NULL, NULL, 0),
('DMC66', 'jamiul', '-', 'bcrypt_sha256$$2b$12$lXzNrMc3BVCtBFJaS73/uOCpM4191M2I8aEBouFZKurvYn7Xh4wwi', '-', '-', '2023-11-23', '2028-11-21', 'user', 'DMC66/images/Jamiul_Islam.jpg', 2, '2023-11-23 10:35:53.592302', 1, 1, 1, NULL, '2023-01-01 00:00:00.000000', 1700735753592, NULL, NULL, 0),
('DMC67', 'jamiul', '-', 'bcrypt_sha256$$2b$12$YXy4ZnXER2RDTbJBQhjBWOkA3VLUBlIcTFe52IWIjPbGc2Kw1bVFy', '-', '-', '2023-11-23', '2028-11-21', 'user', 'DMC67/images/Jamiul_Islam.jpg', 2, '2023-11-23 10:36:14.378676', 0, 0, 0, NULL, '2023-01-01 00:00:00.000000', 1700735774379, NULL, NULL, 0),
('DMC68', 'jamiul', '-', 'bcrypt_sha256$$2b$12$GsPcfaze4OwhqmjxTPpXSuHBX4.u0W6yzHOnEHz80kKih2B483IU6', '-', '-', '2023-11-23', '2028-11-21', 'user', 'DMC68/images/Jamiul_Islam.jpg', 2, '2023-11-23 10:49:49.940985', 0, 0, 0, NULL, '2023-01-01 00:00:00.000000', 1700736589940, NULL, NULL, 0),
('DMC69', 'MAMUN', '-', 'bcrypt_sha256$$2b$12$ZzsGi07yoYV.YgwneUJeNOaovvxbt2gCu94pVv6hpNgxvzD9SdhXC', '-', '-', '2023-11-23', '2028-11-21', 'user', 'DMC69/images/Md_Mamun_Ali_dCzqgz1.jpg', 2, '2023-11-23 10:51:32.706804', 0, 0, 0, NULL, '2023-01-01 00:00:00.000000', 1700736692706, NULL, NULL, 0),
('DMC695', 'Mr. Tanim', '-', 'bcrypt_sha256$$2b$12$bVHwYoM.Fz5bqRbQfjfJQu1f.TbrGKtQcrnwE0tuxoyRjrFko5CXi', '-', '-', '2023-12-13', '2028-12-11', 'user', '', 2, '2023-12-13 04:38:37.306297', 0, 0, 0, NULL, '2023-01-01 00:00:00.000000', 1702442317306, NULL, NULL, 1),
('DMC7', 'NAYEM SHEKH', '-', 'bcrypt_sha256$$2b$12$75xj0T3szZ87ItjBoMYV/eMZ9W1n516MvX.uj48c18U4Vm2vltR8y', '-', '-', '2023-11-27', '2028-11-25', 'user', 'DMC7/images/Md_Nymur_Rahman.jpg', 2, '2023-11-27 10:30:14.973635', 1, 1, 1, NULL, '2023-01-01 00:00:00.000000', 1701081014973, NULL, NULL, 0),
('DMC70', 'NAYEMURRAHMAN', '-', 'bcrypt_sha256$$2b$12$6N/YBUjLquYiQMQZ2lKpweo6CEOLuTa43W.2AaB2W2j5QgIAoWG8S', '-', '-', '2023-11-23', '2028-11-21', 'user', 'DMC70/images/Md_Nymur_Rahman.jpg', 2, '2023-11-23 10:52:54.959250', 1, 1, 1, NULL, '2023-01-01 00:00:00.000000', 1700736774959, NULL, NULL, 0),
('DMC71', 'NAYEM SHEKH', '-', 'bcrypt_sha256$$2b$12$FrqbGMVvXFISCNOYbT0Zm.p9nExMD3KM3a1i524eqPevfixN8knlu', '-', '-', '2023-11-27', '2028-11-25', 'user', 'DMC71/images/Md_Nymur_Rahman.jpg', 2, '2023-11-27 10:17:55.797488', 1, 1, 1, NULL, '2023-01-01 00:00:00.000000', 1701080275797, NULL, NULL, 0),
('DMC72', 'NAYEM SHEKH', '-', 'bcrypt_sha256$$2b$12$7OlJFfe.q.wyfa8g3zN69efHokfCvWPDSG8so6dpFKU8faxp.5vlK', '-', '-', '2023-11-27', '2028-11-25', 'user', 'DMC72/images/Md_Nymur_Rahman.jpg', 2, '2023-11-27 10:19:07.759265', 1, 1, 1, NULL, '2023-01-01 00:00:00.000000', 1701080347759, NULL, NULL, 0),
('DMC74', 'Mirazuddin', '-', 'bcrypt_sha256$$2b$12$ztlyqJP9XER3Bd7/ffzryOgTwvpoqFF3KdmZSrC3gaT/NIP.1Qxza', '-', '-', '2023-11-28', '2028-11-26', 'user', 'DMC74/images/Mirazuddin_Ahmed.jpg', 2, '2023-11-28 09:17:17.281022', 1, 1, 1, NULL, '2023-01-01 00:00:00.000000', 1701163037281, NULL, NULL, 0),
('DMC75', 'Azad', '-', 'bcrypt_sha256$$2b$12$3zo.sWDR6LmVo8knBUMJw.is1BA5K1rlViA7DotF6eSIVJ6StuhYe', '-', '-', '2023-11-29', '2028-11-27', 'user', 'DMC75/images/Md_Abul_Kalam_Azad.jpg', 2, '2023-11-29 04:50:33.608863', 1, 1, 1, NULL, '2023-01-01 00:00:00.000000', 1701233433608, NULL, NULL, 0),
('DMC76', 'Mihal', '-', 'bcrypt_sha256$$2b$12$aU9SNFnA4A6JcpCW.4ccD.sJjoo7BqJGn7AOrZ/k7ajj9wx0Lb5.2', '-', '-', '2023-11-29', '2028-11-27', 'user', 'DMC76/images/Md_Mihal..jpg', 2, '2023-11-29 05:26:04.992305', 1, 1, 1, NULL, '2023-01-01 00:00:00.000000', 1701235564992, NULL, NULL, 0),
('DMC77', 'Prince', '-', 'bcrypt_sha256$$2b$12$MN2U9.f59YouCMAkeh2vze9Y.wgtlT3vZmHNwNbkOEYv8J9B1pgf.', '-', '-', '2023-11-29', '2028-11-27', 'user', 'DMC77/images/Prince_Saha.jpg', 2, '2023-11-29 09:38:06.114675', 1, 1, 1, NULL, '2023-01-01 00:00:00.000000', 1701250686114, NULL, NULL, 0),
('DMC78', 'Rashed', '-', 'bcrypt_sha256$$2b$12$5VI4KGpVcsjnVnHlCEkpIelq7u/Cx9cCtlTzmWEHeirRFPlqY4n9G', '-', '-', '2023-11-30', '2028-11-28', 'user', 'DMC78/images/Rashed_Zahan.jpg', 2, '2023-11-30 04:37:21.308203', 1, 1, 1, NULL, '2023-01-01 00:00:00.000000', 1701319041308, NULL, NULL, 0),
('DMC79', 'Nazmul', 'nazmulhussain.api@gmail.com', 'bcrypt_sha256$$2b$12$wLVn8lbgPtKKyMthDoWnNOXn/0Lkcq2TGNaapNZ3rik2oN0qwEBm2', '-', '-', '2023-11-30', '2028-11-28', 'user', 'DMC79/images/GM_Nazmul_Hussain.jpg', 2, '2023-11-30 11:35:35.995813', 1, 1, 1, NULL, '2023-01-01 00:00:00.000000', 1701344135995, NULL, NULL, 0),
('DMC81', 'MD Rubel', '-', 'bcrypt_sha256$$2b$12$tEOGirjkV3Z1USiRDkd86.Z3pbiOim/wFi8sf.3l.8Z0LsVsOlqFC', '-', '-', '2023-12-04', '2028-12-02', 'user', 'DMC81/images/MD_Rubel.jpg', 2, '2023-12-04 04:06:39.453566', 1, 1, 1, NULL, '2023-01-01 00:00:00.000000', 1701662799453, NULL, NULL, 0),
('DMC96', 'Mr. Prince02', '-', 'bcrypt_sha256$$2b$12$BvIcSg1PDBxmpjIj6bbhMu2YZlrbJmheqB10bpndACDSZOu56k4I2', '-', '-', '2023-12-06', '2028-12-02', 'user', '', 2, '2023-12-04 10:41:19.362286', 1, 1, 1, NULL, '2023-01-01 00:00:00.000000', 1701686479362, NULL, NULL, 0),
('DMC98', 'Alauddin Rezvi', 'rezvialauddin@gmail.com', 'bcrypt_sha256$$2b$12$7cUDN1GnsT0UjeE183rZXuqnI0QD90cUFCjuOX2Aq2PYslNYwqrLu', '-', '-', '2023-12-06', '2028-12-04', 'user', 'DMC98/images/Md_Alauddin_Rezvi.jpg', 2, '2023-12-06 10:44:46.897508', 0, 0, 0, NULL, '2023-01-01 00:00:00.000000', 1701859486897, NULL, NULL, 0);

-- --------------------------------------------------------

--
-- Table structure for table `employee_employeegroup`
--

CREATE TABLE `employee_employeegroup` (
  `id` bigint(20) NOT NULL,
  `employee_id` varchar(100) NOT NULL,
  `group_id` int(11) NOT NULL
) ENGINE=InnoDB DEFAULT CHARSET=utf8mb4 COLLATE=utf8mb4_general_ci;

-- --------------------------------------------------------

--
-- Table structure for table `employee_employeegroupdevice`
--

CREATE TABLE `employee_employeegroupdevice` (
  `id` int(11) NOT NULL,
  `device_id_id` varchar(100) NOT NULL,
  `employee_id_id` varchar(100) NOT NULL,
  `group_id_id` int(11) NOT NULL
) ENGINE=InnoDB DEFAULT CHARSET=utf8mb4 COLLATE=utf8mb4_general_ci;

-- --------------------------------------------------------

--
-- Table structure for table `employee_employeepermission`
--

CREATE TABLE `employee_employeepermission` (
  `id` bigint(20) NOT NULL,
  `employee_id` varchar(100) NOT NULL,
  `permission_id` int(11) NOT NULL
) ENGINE=InnoDB DEFAULT CHARSET=utf8mb4 COLLATE=utf8mb4_general_ci;

-- --------------------------------------------------------

--
-- Table structure for table `forget_password_forgetpassword`
--

CREATE TABLE `forget_password_forgetpassword` (
  `ID` int(11) NOT NULL,
  `token` longtext NOT NULL,
  `creation_date` datetime(6) NOT NULL,
  `expiration_date` datetime(6) NOT NULL,
  `employee_id_id` varchar(100) NOT NULL,
  `email` varchar(254) NOT NULL
) ENGINE=InnoDB DEFAULT CHARSET=utf8mb4 COLLATE=utf8mb4_general_ci;

--
-- Dumping data for table `forget_password_forgetpassword`
--

INSERT INTO `forget_password_forgetpassword` (`ID`, `token`, `creation_date`, `expiration_date`, `employee_id_id`, `email`) VALUES
(37, 'ZDRmMTQwIyMjeydlbXBsb3llZV9pZCc6ICdETUM5OCcsICdsYXN0X2xvZ2luJzogTm9uZSwgJ2lzX3N1cGVydXNlcic6IEZhbHNlLCAnaXNfc3RhZmYnOiBGYWxzZSwgJ2lzX2FjdGl2ZSc6IEZhbHNlLCAnZGF0ZV9qb2luZWQnOiAnMjAyMy0xMi0wNlQxMDo0NDo0Ni44OTc1MDhaJywgJ3VzZXJuYW1lJzogJ0FsYXVkZGluIFJlenZpJywgJ2VtYWlsJzogJ3JlenZpYWxhdWRkaW5AZ21haWwuY29tJywgJ3Bhc3N3b3JkJzogJzEyMzQ1JywgJ3Bob25lX251bWJlcic6ICctJywgJ2ltYWdlX2xvY2F0aW9uJzogJy0nLCAnaW5fdGltZSc6ICcwODowMDowMCcsICdvdXRfdGltZSc6ICcxNzowMDowMCcsICdyZWdpc3RyYXRpb25fZGF0ZSc6ICcyMDIzLTEyLTA2JywgJ3ZhbGlkaXR5X2RhdGUnOiAnMjAyOC0xMi0wNCcsICdlbXBsb3llZV90eXBlJzogJ3VzZXInLCAnaW1hZ2UnOiAnL21lZGlhL0RNQzk4L2ltYWdlcy9NZF9BbGF1ZGRpbl9SZXp2aS5qcGcnLCAnVW5pcXVlQ2FyZE51bWJlcic6ICcyMDIzLTAxLTAxVDAwOjAwOjAwWicsICdjYXJkTm8nOiAxNzAxODU5NDg2ODk3LCAnZ3JvdXBfaWQnOiAyLCAnZ3JvdXBzJzogW10sICd1c2VyX3Blcm1pc3Npb25zJzogW119IyMjZDRmMTQw', '2023-12-10 00:15:29.158370', '2023-12-10 00:20:29.158370', 'DMC98', 'rezvialauddin@gmail.com'),
(38, 'MDBkYzZjIyMjeydlbXBsb3llZV9pZCc6ICdETUM3OScsICdsYXN0X2xvZ2luJzogTm9uZSwgJ2lzX3N1cGVydXNlcic6IFRydWUsICdpc19zdGFmZic6IFRydWUsICdpc19hY3RpdmUnOiBUcnVlLCAnZGF0ZV9qb2luZWQnOiAnMjAyMy0xMS0zMFQxMTozNTozNS45OTU4MTNaJywgJ3VzZXJuYW1lJzogJ05hem11bCcsICdlbWFpbCc6ICduYXptdWxodXNzYWluLmFwaUBnbWFpbC5jb20nLCAncGFzc3dvcmQnOiAnYmNyeXB0X3NoYTI1NiQkMmIkMTIkTXRORDNTRDdXdVZxeUxGUFhESGJ1T1ZzT05peUc5U2I4TjNRdU44YjVUbDNZbTJScVlwSi4nLCAncGhvbmVfbnVtYmVyJzogJy0nLCAnaW1hZ2VfbG9jYXRpb24nOiAnLScsICdpbl90aW1lJzogJzA4OjAwOjAwJywgJ291dF90aW1lJzogJzE3OjAwOjAwJywgJ3JlZ2lzdHJhdGlvbl9kYXRlJzogJzIwMjMtMTEtMzAnLCAndmFsaWRpdHlfZGF0ZSc6ICcyMDI4LTExLTI4JywgJ2VtcGxveWVlX3R5cGUnOiAndXNlcicsICdpbWFnZSc6ICcvbWVkaWEvRE1DNzkvaW1hZ2VzL0dNX05hem11bF9IdXNzYWluLmpwZycsICdVbmlxdWVDYXJkTnVtYmVyJzogJzIwMjMtMDEtMDFUMDA6MDA6MDBaJywgJ2NhcmRObyc6IDE3MDEzNDQxMzU5OTUsICdncm91cF9pZCc6IDIsICdncm91cHMnOiBbXSwgJ3VzZXJfcGVybWlzc2lvbnMnOiBbXX0jIyMwMGRjNmM=', '2023-12-10 00:49:30.677831', '2023-12-10 00:54:30.677831', 'DMC79', 'nazmulhussain.api@gmail.com'),
(39, 'OWJiMjJmIyMjeydlbXBsb3llZV9pZCc6ICdETUM3OScsICdsYXN0X2xvZ2luJzogTm9uZSwgJ2lzX3N1cGVydXNlcic6IFRydWUsICdpc19zdGFmZic6IFRydWUsICdpc19hY3RpdmUnOiBUcnVlLCAnZGF0ZV9qb2luZWQnOiAnMjAyMy0xMS0zMFQxMTozNTozNS45OTU4MTNaJywgJ3VzZXJuYW1lJzogJ05hem11bCcsICdlbWFpbCc6ICduYXptdWxodXNzYWluLmFwaUBnbWFpbC5jb20nLCAncGFzc3dvcmQnOiAnYmNyeXB0X3NoYTI1NiQkMmIkMTIkbzhEV0hHWHh2UDdFQmdFUGNBb0tMT0Jyay5MMEhsRjBVMk9kcGs4TUFwdVRaMlRCVDlBT2UnLCAncGhvbmVfbnVtYmVyJzogJy0nLCAnaW1hZ2VfbG9jYXRpb24nOiAnLScsICdpbl90aW1lJzogJzA4OjAwOjAwJywgJ291dF90aW1lJzogJzE3OjAwOjAwJywgJ3JlZ2lzdHJhdGlvbl9kYXRlJzogJzIwMjMtMTEtMzAnLCAndmFsaWRpdHlfZGF0ZSc6ICcyMDI4LTExLTI4JywgJ2VtcGxveWVlX3R5cGUnOiAndXNlcicsICdpbWFnZSc6ICcvbWVkaWEvRE1DNzkvaW1hZ2VzL0dNX05hem11bF9IdXNzYWluLmpwZycsICdVbmlxdWVDYXJkTnVtYmVyJzogJzIwMjMtMDEtMDFUMDA6MDA6MDBaJywgJ2NhcmRObyc6IDE3MDEzNDQxMzU5OTUsICdncm91cF9pZCc6IDIsICdncm91cHMnOiBbXSwgJ3VzZXJfcGVybWlzc2lvbnMnOiBbXX0jIyM5YmIyMmY=', '2023-12-10 00:51:30.671863', '2023-12-10 00:56:30.671863', 'DMC79', 'nazmulhussain.api@gmail.com'),
(40, 'OGU0MzcxIyMjRE1DOThiY3J5cHRfc2hhMjU2JCQyYiQxMiQ3Y1VETjFHbnNUMFVqZUUxODNyWlh1cW5JMFFEOTBjVUZDanVPWDJBcTJQWXNsTll3cXJMdTE3MDE4NTk0ODY4OTdyZXp2aWFsYXVkZGluQGdtYWlsLmNvbSMjIzhlNDM3MQ==', '2023-12-10 02:02:32.820206', '2023-12-10 02:07:32.821208', 'DMC98', 'rezvialauddin@gmail.com'),
(41, 'YzZiZTJhIyMjRE1DOThiY3J5cHRfc2hhMjU2JCQyYiQxMiQ3Y1VETjFHbnNUMFVqZUUxODNyWlh1cW5JMFFEOTBjVUZDanVPWDJBcTJQWXNsTll3cXJMdTE3MDE4NTk0ODY4OTdyZXp2aWFsYXVkZGluQGdtYWlsLmNvbSMjI2M2YmUyYQ==', '2023-12-10 02:03:20.819629', '2023-12-10 02:08:20.819629', 'DMC98', 'rezvialauddin@gmail.com'),
(42, 'ZDg0MWIzIyMjRE1DOThiY3J5cHRfc2hhMjU2JCQyYiQxMiQ3Y1VETjFHbnNUMFVqZUUxODNyWlh1cW5JMFFEOTBjVUZDanVPWDJBcTJQWXNsTll3cXJMdTE3MDE4NTk0ODY4OTdjYWQwZWFyZXp2aWFsYXVkZGluQGdtYWlsLmNvbSMjI2RjNzU1OQ==', '2023-12-10 02:05:02.517077', '2023-12-10 02:10:02.603867', 'DMC98', 'rezvialauddin@gmail.com'),
(43, 'Yzc0NDQyIyMjRE1DOThiY3J5cHRfc2hhMjU2JCQyYiQxMiQ3Y1VETjFHbnNUMFVqZUUxODNyWlh1cW5JMFFEOTBjVUZDanVPWDJBcTJQWXNsTll3cXJMdTE3MDE4NTk0ODY4OTcwMDU5MjhyZXp2aWFsYXVkZGluQGdtYWlsLmNvbSMjI2MwODg1Mg==', '2023-12-10 02:05:19.148178', '2023-12-10 02:10:19.149180', 'DMC98', 'rezvialauddin@gmail.com'),
(44, 'OWNkZmU2IyMjRE1DOThiY3J5cHRfc2hhMjU2JCQyYiQxMiQ3Y1VETjFHbnNUMFVqZUUxODNyWlh1cW5JMFFEOTBjVUZDanVPWDJBcTJQWXNsTll3cXJMdTY1NzkxMjE3MDE4NTk0ODY4OTc4MzdlMDRyZXp2aWFsYXVkZGluQGdtYWlsLmNvbSMjIzg0NWMxNg==', '2023-12-10 02:39:24.210050', '2023-12-10 02:44:24.300048', 'DMC98', 'rezvialauddin@gmail.com'),
(45, 'NDg0MDllIyMjRE1DOThiY3J5cHRfc2hhMjU2JCQyYiQxMiQ3Y1VETjFHbnNUMFVqZUUxODNyWlh1cW5JMFFEOTBjVUZDanVPWDJBcTJQWXNsTll3cXJMdTU4ODY0NTE3MDE4NTk0ODY4OTc2MzRkNDJyZXp2aWFsYXVkZGluQGdtYWlsLmNvbSMjI2E2NDJhMw==', '2023-12-10 02:39:41.139038', '2023-12-10 02:44:41.139038', 'DMC98', 'rezvialauddin@gmail.com'),
(46, 'MmIwMzU2IyMjRE1DOThiY3J5cHRfc2hhMjU2JCQyYiQxMiQ3Y1VETjFHbnNUMFVqZUUxODNyWlh1cW5JMFFEOTBjVUZDanVPWDJBcTJQWXNsTll3cXJMdTM4MGI3NzE3MDE4NTk0ODY4OTdkZDZkODJyZXp2aWFsYXVkZGluQGdtYWlsLmNvbSMjIzU3NDdiZg==', '2023-12-10 02:41:50.459152', '2023-12-10 02:46:50.460149', 'DMC98', 'rezvialauddin@gmail.com'),
(47, 'NzFkZTYyIyMjRE1DOThiY3J5cHRfc2hhMjU2JCQyYiQxMiQ3Y1VETjFHbnNUMFVqZUUxODNyWlh1cW5JMFFEOTBjVUZDanVPWDJBcTJQWXNsTll3cXJMdTViMTMwYTE3MDE4NTk0ODY4OTc4ZTQyMmJyZXp2aWFsYXVkZGluQGdtYWlsLmNvbSMjIzE4NGRhZg==', '2023-12-10 04:15:40.490573', '2023-12-10 04:20:40.672580', 'DMC98', 'rezvialauddin@gmail.com');

-- --------------------------------------------------------

--
-- Table structure for table `grpdev_groupdevice`
--

CREATE TABLE `grpdev_groupdevice` (
  `id` int(11) NOT NULL,
  `device_id_id` varchar(100) NOT NULL,
  `group_id_id` int(11) NOT NULL
) ENGINE=InnoDB DEFAULT CHARSET=utf8mb4 COLLATE=utf8mb4_general_ci;

--
-- Dumping data for table `grpdev_groupdevice`
--

INSERT INTO `grpdev_groupdevice` (`id`, `device_id_id`, `group_id_id`) VALUES
(2, 'DmcGate11', 4),
(3, 'Dmc10101', 4),
(4, 'DmcGate1', 4),
(5, 'DmcGate3', 4),
(6, 'DmcGate5', 4),
(7, 'DmcGate7', 4),
(8, 'DmcGate9', 4),
(9, 'DmcGate1', 2),
(10, 'DmcGate1', 2);

-- --------------------------------------------------------

--
-- Table structure for table `login_loginlog`
--

CREATE TABLE `login_loginlog` (
  `id` int(11) NOT NULL,
  `login_date` datetime(6) DEFAULT NULL,
  `employee_id_id` varchar(100) NOT NULL,
  `username` varchar(100) NOT NULL,
  `token` longtext DEFAULT NULL
) ENGINE=InnoDB DEFAULT CHARSET=utf8mb4 COLLATE=utf8mb4_general_ci;

--
-- Dumping data for table `login_loginlog`
--

INSERT INTO `login_loginlog` (`id`, `login_date`, `employee_id_id`, `username`, `token`) VALUES
(7, '2023-12-05 06:26:57.508142', 'DMC24', 'DMC24', '-'),
(10, '2023-12-05 06:31:09.623406', 'DMC24', 'rezvialauddin', '-'),
(11, '2023-12-05 07:08:49.924637', 'DMC24', 'rezvialauddin', '-'),
(12, '2023-12-05 07:09:10.617435', 'DMC24', 'rezvialauddin', '-'),
(13, '2023-12-05 07:14:58.361357', 'DMC24', 'rezvialauddin', '-'),
(14, '2023-12-05 08:11:45.099115', 'DMC24', 'rezvialauddin', '-'),
(15, '2023-12-05 08:17:47.572184', 'DMC24', 'rezvialauddin', '-'),
(16, '2023-12-05 08:18:05.866325', 'DMC81', 'MD Rubel', '-'),
(17, '2023-12-05 09:37:00.812520', 'DMC24', 'rezvialauddin', '-'),
(18, '2023-12-05 09:55:50.392542', 'DMC24', 'rezvialauddin', '-'),
(19, '2023-12-05 10:00:17.559522', 'DMC24', 'rezvialauddin', '-'),
(20, '2023-12-05 11:53:19.620616', 'DMC24', 'rezvialauddin', '-'),
(21, '2023-12-05 11:59:03.523247', 'DMC24', 'rezvialauddin', '-'),
(22, '2023-12-06 05:12:48.789372', 'DMC81', 'MD Rubel', '-'),
(23, '2023-12-06 06:42:10.539094', 'DMC24', 'rezvialauddin', '-'),
(24, '2023-12-06 10:26:13.352869', 'DMC24', 'rezvialauddin', '-'),
(25, '2023-12-10 05:26:08.956106', 'DMC24', 'rezvialauddin', '-'),
(26, '2023-12-10 05:41:33.054999', 'DMC24', 'rezvialauddin', '-'),
(27, '2023-12-10 05:50:50.563126', 'DMC24', 'rezvialauddin', '-'),
(28, '2023-12-10 05:51:27.148952', 'DMC24', 'rezvialauddin', '-'),
(29, '2023-12-10 05:57:52.255211', 'DMC24', 'rezvialauddin', '-'),
(30, '2023-12-10 06:01:08.917253', 'DMC98', 'Alauddin Rezvi', '-'),
(31, '2023-12-10 06:03:32.284378', 'DMC98', 'Alauddin Rezvi', '-'),
(32, '2023-12-10 06:15:59.943092', 'DMC98', 'Alauddin Rezvi', '-'),
(33, '2023-12-10 06:16:56.968956', 'DMC98', 'Alauddin Rezvi', '-'),
(34, '2023-12-10 06:50:45.687818', 'DMC79', 'Nazmul', '-'),
(35, '2023-12-10 06:52:14.028359', 'DMC79', 'Nazmul', '-'),
(36, '2023-12-10 07:53:02.285745', 'DMC24', 'rezvialauddin', '-'),
(37, '2023-12-10 08:43:31.528778', 'DMC24', 'rezvialauddin', '-'),
(38, '2023-12-10 10:35:41.428621', 'DMC24', 'rezvialauddin', '-'),
(39, '2023-12-10 10:49:33.680374', 'DMC24', 'rezvialauddin', '-'),
(40, '2023-12-10 11:01:27.888005', 'DMC79', 'Nazmul', '-'),
(41, '2023-12-10 11:52:44.746631', 'DMC24', 'rezvialauddin', '-'),
(42, '2023-12-11 04:20:27.695214', 'DMC24', 'rezvialauddin', '-'),
(43, '2023-12-11 04:24:26.148569', 'DMC79', 'Nazmul', '-'),
(44, '2023-12-11 05:17:14.506701', 'DMC24', 'rezvialauddin', '-'),
(45, '2023-12-11 07:00:54.046084', 'DMC24', 'rezvialauddin', '-'),
(46, '2023-12-11 07:19:11.282220', 'DMC24', 'rezvialauddin', '-'),
(47, '2023-12-11 07:19:12.627930', 'DMC24', 'rezvialauddin', '-'),
(48, '2023-12-11 07:19:23.404163', 'DMC24', 'rezvialauddin', '-'),
(49, '2023-12-11 07:37:51.502086', 'DMC24', 'rezvialauddin', '-'),
(50, '2023-12-11 08:18:32.697046', 'DMC24', 'rezvialauddin', '-'),
(51, '2023-12-11 08:19:15.750177', 'DMC24', 'rezvialauddin', '-'),
(52, '2023-12-11 08:30:46.848068', 'DMC24', 'rezvialauddin', 'eyJhbGciOiJIUzI1NiIsInR5cCI6IkpXVCJ9.eyJ0b2tlbl90eXBlIjoiYWNjZXNzIiwiZXhwIjoxNzAyMjkwNjQ2LCJpYXQiOjE3MDIyODM0NDYsImp0aSI6IjU2YzBiMTRmOWE1YzQwODZhODNiY2E4ZmI4ZDc2NWU3IiwidXNlcl9pZCI6IkRNQzI0In0.nKYWSxUuRVWaw0zl_Kc_kmVOr487pkBZBskW3UeAD2U'),
(53, '2023-12-11 08:30:48.245984', 'DMC24', 'rezvialauddin', 'eyJhbGciOiJIUzI1NiIsInR5cCI6IkpXVCJ9.eyJ0b2tlbl90eXBlIjoiYWNjZXNzIiwiZXhwIjoxNzAyMjkwNjQ4LCJpYXQiOjE3MDIyODM0NDgsImp0aSI6ImVlNTRmYjJkNThkMTQ1YWE4MjcyYzY0MzU3NmEwODM1IiwidXNlcl9pZCI6IkRNQzI0In0.8CBueA4AMRlFSESyEURpeRXRfsJQZ9ogEWFv5gLap6U'),
(54, '2023-12-11 08:31:59.927537', 'DMC24', 'rezvialauddin', 'eyJhbGciOiJIUzI1NiIsInR5cCI6IkpXVCJ9.eyJ0b2tlbl90eXBlIjoiYWNjZXNzIiwiZXhwIjoxNzAyMjkwNzE5LCJpYXQiOjE3MDIyODM1MTksImp0aSI6IjY4ZjExZGMxYjFjZDQ2ZDZhYzIzMDc4NDBmZmQ1MWJmIiwidXNlcl9pZCI6IkRNQzI0In0.v28lNIPhmE1SeNxlNdtyC9TN-jjJW67rM3WyGcyxiyA'),
(55, '2023-12-11 09:01:21.489929', 'DMC24', 'rezvialauddin', 'eyJhbGciOiJIUzI1NiIsInR5cCI6IkpXVCJ9.eyJ0b2tlbl90eXBlIjoiYWNjZXNzIiwiZXhwIjoxNzAyMjkyNDgxLCJpYXQiOjE3MDIyODUyODEsImp0aSI6ImJmNDA4MDkwNGI1NDQ2YzU5NDgyZGQ1NGRjNjMyNmM5IiwidXNlcl9pZCI6IkRNQzI0In0.02IaVe4Fb0DwNF0IeQnZHv-stXCr5jUIH7DW0VyL3mA'),
(56, '2023-12-11 09:18:06.871058', 'DMC24', 'rezvialauddin', 'eyJhbGciOiJIUzI1NiIsInR5cCI6IkpXVCJ9.eyJ0b2tlbl90eXBlIjoiYWNjZXNzIiwiZXhwIjoxNzAyMjkzNDg2LCJpYXQiOjE3MDIyODYyODYsImp0aSI6ImNiODIyMTkzNWU1ZTQ4MTViZGQwYzZjZThkZjRmMjAyIiwidXNlcl9pZCI6IkRNQzI0In0.Z1MTe4LJXktClqFXfZMEj42sPpaSZF25iYH_hIfbxuY'),
(57, '2023-12-11 09:20:15.214889', 'DMC24', 'rezvialauddin', 'eyJhbGciOiJIUzI1NiIsInR5cCI6IkpXVCJ9.eyJ0b2tlbl90eXBlIjoiYWNjZXNzIiwiZXhwIjoxNzAyMjkzNjE1LCJpYXQiOjE3MDIyODY0MTUsImp0aSI6IjZjNjg1NDFmYThjODRmMTlhNzc3MDIzNTNhZGQwMmM1IiwidXNlcl9pZCI6IkRNQzI0In0.1Fd_z7BNiXFNV44EZJm5uCqWIZXuiNV5mwNcPeImLxo'),
(58, '2023-12-11 09:24:29.868137', 'DMC24', 'rezvialauddin', 'eyJhbGciOiJIUzI1NiIsInR5cCI6IkpXVCJ9.eyJ0b2tlbl90eXBlIjoiYWNjZXNzIiwiZXhwIjoxNzAyMjkzODY5LCJpYXQiOjE3MDIyODY2NjksImp0aSI6IjRhODJkYjM4ZWNhZjQ0ODNiZTc2YWY5NTY4NjRkZTJkIiwidXNlcl9pZCI6IkRNQzI0In0.QET8L7ha3We6JWn1QgNcLyS7CzpgB-Jw_dAqDhaJKi8'),
(59, '2023-12-11 09:25:48.266364', 'DMC24', 'rezvialauddin', 'eyJhbGciOiJIUzI1NiIsInR5cCI6IkpXVCJ9.eyJ0b2tlbl90eXBlIjoiYWNjZXNzIiwiZXhwIjoxNzAyMjkzOTQ4LCJpYXQiOjE3MDIyODY3NDgsImp0aSI6ImQ5YWY1ODMyYzg3NTQ2Y2JiMjVlNWFhNDljYzhkYzM0IiwidXNlcl9pZCI6IkRNQzI0In0.FBJeVAfeN4Nh5EGkzV0XamFrP1HsEkrHLJQohOB3rXY'),
(60, '2023-12-11 09:26:44.318371', 'DMC24', 'rezvialauddin', 'eyJhbGciOiJIUzI1NiIsInR5cCI6IkpXVCJ9.eyJ0b2tlbl90eXBlIjoiYWNjZXNzIiwiZXhwIjoxNzAyMjk0MDA0LCJpYXQiOjE3MDIyODY4MDQsImp0aSI6ImUwN2JkYTk5MzcyYTQ4M2Q4YWMyOWQ5NDFkMjVhMzYzIiwidXNlcl9pZCI6IkRNQzI0In0.Riw1eYmHf1t9jEQaXRUxqFj-Ye3QJ6DdsB0oN4OYe7M'),
(61, '2023-12-11 09:28:20.830355', 'DMC24', 'rezvialauddin', 'eyJhbGciOiJIUzI1NiIsInR5cCI6IkpXVCJ9.eyJ0b2tlbl90eXBlIjoiYWNjZXNzIiwiZXhwIjoxNzAyMjk0MTAwLCJpYXQiOjE3MDIyODY5MDAsImp0aSI6ImE4MjUzMTdlNWYzZjQzYjJiOWNiMGU1NzlmODU3Y2ZkIiwidXNlcl9pZCI6IkRNQzI0In0.8euEMQPdAPRWw2boRO9v_Gwd3SYTsn1GmN_Shej6LTo'),
(62, '2023-12-11 10:39:06.874018', 'DMC79', 'Nazmul', 'eyJhbGciOiJIUzI1NiIsInR5cCI6IkpXVCJ9.eyJ0b2tlbl90eXBlIjoiYWNjZXNzIiwiZXhwIjoxNzAyMjk4MzQ2LCJpYXQiOjE3MDIyOTExNDYsImp0aSI6Ijk2ODE2OTM3OGZlNDRjZGRiNTE4OGQyY2ZhZmFlNGE0IiwidXNlcl9pZCI6IkRNQzc5In0.-A5lOtDulhvKV7UI09OJSJ5QXHQIobNZdLa6AnIkMfU'),
(63, '2023-12-11 11:02:51.247799', 'DMC24', 'rezvialauddin', 'eyJhbGciOiJIUzI1NiIsInR5cCI6IkpXVCJ9.eyJ0b2tlbl90eXBlIjoiYWNjZXNzIiwiZXhwIjoxNzAyMjk5NzcxLCJpYXQiOjE3MDIyOTI1NzEsImp0aSI6IjUyZTY5NmUxZWZjMjQxMzJhMDJiYTUyYzU4NzIyNjE1IiwidXNlcl9pZCI6IkRNQzI0In0.IbjTmF1zkNmgfC5fP37cHcqMOb-9GCJL8O8_YFAm3V0'),
(64, '2023-12-11 11:21:46.338988', 'DMC24', 'rezvialauddin', 'eyJhbGciOiJIUzI1NiIsInR5cCI6IkpXVCJ9.eyJ0b2tlbl90eXBlIjoiYWNjZXNzIiwiZXhwIjoxNzAyMzAwOTA2LCJpYXQiOjE3MDIyOTM3MDYsImp0aSI6IjIyZTNhYjU5MjQ4ZTQ4ZmRiNTlmZGQxNjVjNGQxZGRlIiwidXNlcl9pZCI6IkRNQzI0In0.pau9NH49GIKtu8tAT4xe-248RcIuzfzhlmbHEZfYxgg'),
(65, '2023-12-12 03:54:32.956880', 'DMC24', 'rezvialauddin', 'eyJhbGciOiJIUzI1NiIsInR5cCI6IkpXVCJ9.eyJ0b2tlbl90eXBlIjoiYWNjZXNzIiwiZXhwIjoxNzAyMzYwNDcyLCJpYXQiOjE3MDIzNTMyNzIsImp0aSI6IjY0N2M5MzRiMDlhODQ4YzhiYmFkMzFkYmM5OWVlOTVkIiwidXNlcl9pZCI6IkRNQzI0In0.fMQE_X19ZDLe4Vrf5qEnpQY2S0Y83H4OUWsp-bLGUKc'),
(66, '2023-12-12 04:09:23.702004', 'DMC79', 'Nazmul', 'eyJhbGciOiJIUzI1NiIsInR5cCI6IkpXVCJ9.eyJ0b2tlbl90eXBlIjoiYWNjZXNzIiwiZXhwIjoxNzAyMzYxMzYzLCJpYXQiOjE3MDIzNTQxNjMsImp0aSI6IjY0OGQ4ZDA3ZDEzZTQ3MDA4MzdjYzE3YzE5YzcyOTI3IiwidXNlcl9pZCI6IkRNQzc5In0.oo45vF9bEsM8rNKwVRbmJF6e-uIEz99DmBt5TL2n_M8'),
(67, '2023-12-12 04:13:09.608192', 'DMC24', 'rezvialauddin', 'eyJhbGciOiJIUzI1NiIsInR5cCI6IkpXVCJ9.eyJ0b2tlbl90eXBlIjoiYWNjZXNzIiwiZXhwIjoxNzAyMzYxNTg5LCJpYXQiOjE3MDIzNTQzODksImp0aSI6ImQyZDk1NmY5NmQxODQxYzBhNDc5OGJiNDBmODE4OTVlIiwidXNlcl9pZCI6IkRNQzI0In0.BUorXZPg1P7fdmlexCZtGXCKv2TOoydtkLNRuFAC46w'),
(68, '2023-12-12 05:17:07.216261', 'DMC24', 'rezvialauddin', 'eyJhbGciOiJIUzI1NiIsInR5cCI6IkpXVCJ9.eyJ0b2tlbl90eXBlIjoiYWNjZXNzIiwiZXhwIjoxNzAyMzY1NDI3LCJpYXQiOjE3MDIzNTgyMjcsImp0aSI6ImYwODMyZmU1MmEwNzQ3YzdhNzhhMmJkYTNlMGYxOTVlIiwidXNlcl9pZCI6IkRNQzI0In0.JsIswi1BPdXV-pJp4qB8hGRMgZo_WqOXJ-Gh0KUgrKk'),
(69, '2023-12-12 05:17:16.670685', 'DMC24', 'rezvialauddin', 'eyJhbGciOiJIUzI1NiIsInR5cCI6IkpXVCJ9.eyJ0b2tlbl90eXBlIjoiYWNjZXNzIiwiZXhwIjoxNzAyMzY1NDM2LCJpYXQiOjE3MDIzNTgyMzYsImp0aSI6IjNhMzA1MmVhZjRhZTRmYWZiMWU3NTMyNzhhMGJiMzk4IiwidXNlcl9pZCI6IkRNQzI0In0.rVPg2BH8441aVJCq9IOXGe2k02wm2glIjxdwV7LjSgU'),
(70, '2023-12-12 05:17:54.642093', 'DMC24', 'rezvialauddin', 'eyJhbGciOiJIUzI1NiIsInR5cCI6IkpXVCJ9.eyJ0b2tlbl90eXBlIjoiYWNjZXNzIiwiZXhwIjoxNzAyMzY1NDc0LCJpYXQiOjE3MDIzNTgyNzQsImp0aSI6IjA1ZDc0ZmQ2Y2YxODRlZjI4YjA5NGVmYzY4ZjViMGFhIiwidXNlcl9pZCI6IkRNQzI0In0.klLaQ_6MuqYY3Umq3yzAO3fIcmZdNT1CmQazhM4OZxQ'),
(71, '2023-12-12 05:18:24.189886', 'DMC24', 'rezvialauddin', 'eyJhbGciOiJIUzI1NiIsInR5cCI6IkpXVCJ9.eyJ0b2tlbl90eXBlIjoiYWNjZXNzIiwiZXhwIjoxNzAyMzY1NTA0LCJpYXQiOjE3MDIzNTgzMDQsImp0aSI6IjQ3MjMzM2Q4ZjE0NjQ4YTk4YzA2YWIyYTY2ZmQyY2FiIiwidXNlcl9pZCI6IkRNQzI0In0.A2gcl3Orc0087CrEGbqASXFyqR-lAIk5bOSEpadDos8'),
(72, '2023-12-12 05:23:14.163576', 'DMC24', 'rezvialauddin', 'eyJhbGciOiJIUzI1NiIsInR5cCI6IkpXVCJ9.eyJ0b2tlbl90eXBlIjoiYWNjZXNzIiwiZXhwIjoxNzAyMzY1Nzk0LCJpYXQiOjE3MDIzNTg1OTQsImp0aSI6ImFlMzcyOThlMTY0YzQxMTM5MTk1NzcxZmMxYzdkYjJjIiwidXNlcl9pZCI6IkRNQzI0In0.-oj6Rf6bzz3Z0NtiUQB0g6wEAYVWclgdhFujzotlxJQ'),
(73, '2023-12-12 06:23:43.521515', 'DMC24', 'rezvialauddin', 'eyJhbGciOiJIUzI1NiIsInR5cCI6IkpXVCJ9.eyJ0b2tlbl90eXBlIjoiYWNjZXNzIiwiZXhwIjoxNzAyMzY5NDIzLCJpYXQiOjE3MDIzNjIyMjMsImp0aSI6IjVlNjhmOTM1MTE5ODQwMzA5MjI2ODc2NWM4OWRhOTEyIiwidXNlcl9pZCI6IkRNQzI0In0.onthCbJk5o1h9srmnqmXVB0D1YVPDTMQiAiX__jw9mA'),
(74, '2023-12-12 07:15:26.711618', 'DMC79', 'Nazmul', 'eyJhbGciOiJIUzI1NiIsInR5cCI6IkpXVCJ9.eyJ0b2tlbl90eXBlIjoiYWNjZXNzIiwiZXhwIjoxNzAyMzcyNTI2LCJpYXQiOjE3MDIzNjUzMjYsImp0aSI6Ijc2OTJiMDZlZmQ1NjQ4MWZhZTE3NDdlOGU2NDgwNDhiIiwidXNlcl9pZCI6IkRNQzc5In0.BEgtG4F2SO-HUI2toKDSd-UtDuTpHAg3Evh2_J5DddM'),
(75, '2023-12-12 07:31:08.861710', 'DMC24', 'rezvialauddin', 'eyJhbGciOiJIUzI1NiIsInR5cCI6IkpXVCJ9.eyJ0b2tlbl90eXBlIjoiYWNjZXNzIiwiZXhwIjoxNzAyMzczNDY4LCJpYXQiOjE3MDIzNjYyNjgsImp0aSI6IjE0MmJkMzhkZTljNDQ3ZTM5NTMxNmQ1YmJiOGNkYjZhIiwidXNlcl9pZCI6IkRNQzI0In0.FP1Ts6gUq9qsFNTNSJ-grf7VkPNv9odlEclsFrJEDHQ'),
(76, '2023-12-12 07:46:25.590449', 'DMC24', 'rezvialauddin', 'eyJhbGciOiJIUzI1NiIsInR5cCI6IkpXVCJ9.eyJ0b2tlbl90eXBlIjoiYWNjZXNzIiwiZXhwIjoxNzAyMzc0Mzg1LCJpYXQiOjE3MDIzNjcxODUsImp0aSI6IjJjMTMzNDUyODVhMzRlNDU4MTlhMmQ0YTRmMWMxMmVjIiwidXNlcl9pZCI6IkRNQzI0In0.mn1fWD2Au2dILZ5KuM6NG_KJi0b_RuADik2BHoiyOYk'),
(77, '2023-12-12 08:12:53.536342', 'DMC24', 'rezvialauddin', 'eyJhbGciOiJIUzI1NiIsInR5cCI6IkpXVCJ9.eyJ0b2tlbl90eXBlIjoiYWNjZXNzIiwiZXhwIjoxNzAyMzc1OTczLCJpYXQiOjE3MDIzNjg3NzMsImp0aSI6ImUxOTc1MTVhMTVjMTRmMjI4MjMwN2UwNGY3NjBhYzkyIiwidXNlcl9pZCI6IkRNQzI0In0.zNc4JVPj0iGJRm7G_2K4CAehR5rMtgxlPz7vdkJUxKM'),
(78, '2023-12-12 09:50:59.355692', 'DMC24', 'rezvialauddin', 'eyJhbGciOiJIUzI1NiIsInR5cCI6IkpXVCJ9.eyJ0b2tlbl90eXBlIjoiYWNjZXNzIiwiZXhwIjoxNzAyMzgxODU5LCJpYXQiOjE3MDIzNzQ2NTksImp0aSI6IjRhYzFkMTdkZjJhNjRlZjM5YTg2NDk1NGI3YzA4OWQ3IiwidXNlcl9pZCI6IkRNQzI0In0.-W3WiVQB8Pw1vwe3Zin2MHJyIpTVmixU0dAUpxhexCA'),
(79, '2023-12-12 09:53:43.577183', 'DMC79', 'Nazmul', 'eyJhbGciOiJIUzI1NiIsInR5cCI6IkpXVCJ9.eyJ0b2tlbl90eXBlIjoiYWNjZXNzIiwiZXhwIjoxNzAyMzgyMDIzLCJpYXQiOjE3MDIzNzQ4MjMsImp0aSI6IjJlYWRhYWNkN2M3MzQzZGE4ZjRiMTM3MzA3YzZhMTI0IiwidXNlcl9pZCI6IkRNQzc5In0.3SX7ocZJUqMcf9dAxZJjOf3Kq7MQhyYlIGXEN4gKGuM'),
(80, '2023-12-12 09:54:45.644772', 'DMC24', 'rezvialauddin', 'eyJhbGciOiJIUzI1NiIsInR5cCI6IkpXVCJ9.eyJ0b2tlbl90eXBlIjoiYWNjZXNzIiwiZXhwIjoxNzAyMzgyMDg1LCJpYXQiOjE3MDIzNzQ4ODUsImp0aSI6IjZlZGFlZDg0MWY4NzRiYjRhNDc1OTEwNzVmYWY0NzlmIiwidXNlcl9pZCI6IkRNQzI0In0.cKhBWbOkgsYmx_vPJ7tpNYbAGRtLHkf6cUbTvIfxsqk'),
(81, '2023-12-12 09:56:54.782750', 'DMC24', 'rezvialauddin', 'eyJhbGciOiJIUzI1NiIsInR5cCI6IkpXVCJ9.eyJ0b2tlbl90eXBlIjoiYWNjZXNzIiwiZXhwIjoxNzAyMzgyMjE0LCJpYXQiOjE3MDIzNzUwMTQsImp0aSI6Ijk4NGI4ODk1Nzc3NTRlY2JhZWJhOTgxYTVhZTMzOGU0IiwidXNlcl9pZCI6IkRNQzI0In0.d9kIUf0n3piie5mLqtqxmNErB4I7n3xrboiYPqaODpk'),
(82, '2023-12-12 10:24:20.569752', 'DMC24', 'rezvialauddin', 'eyJhbGciOiJIUzI1NiIsInR5cCI6IkpXVCJ9.eyJ0b2tlbl90eXBlIjoiYWNjZXNzIiwiZXhwIjoxNzAyMzgzODYwLCJpYXQiOjE3MDIzNzY2NjAsImp0aSI6IjE5NWE5Njg4MDdjZDRiNDRiZjJmMzNmMWRlYTcyNWE5IiwidXNlcl9pZCI6IkRNQzI0In0.aBUAMS9qhkPRenGpudAi_0culGd-Q5PcrwBlzmiawdU'),
(83, '2023-12-12 11:51:32.883615', 'DMC79', 'Nazmul', 'eyJhbGciOiJIUzI1NiIsInR5cCI6IkpXVCJ9.eyJ0b2tlbl90eXBlIjoiYWNjZXNzIiwiZXhwIjoxNzAyMzg5MDkyLCJpYXQiOjE3MDIzODE4OTIsImp0aSI6IjAwOGRlNDAzZGM4ODRhOTk4ZmQwZDAzZWJjMzVhNzhkIiwidXNlcl9pZCI6IkRNQzc5In0.wVWAYW3K2Iu0R-UBPggcEi1qOyl0pLdC1-QtGTtwyd4'),
(84, '2023-12-12 12:04:46.819213', 'DMC24', 'rezvialauddin', 'eyJhbGciOiJIUzI1NiIsInR5cCI6IkpXVCJ9.eyJ0b2tlbl90eXBlIjoiYWNjZXNzIiwiZXhwIjoxNzAyMzg5ODg2LCJpYXQiOjE3MDIzODI2ODYsImp0aSI6IjJmNmU4MGFmNzBiNzRkZTQ5NjAyMjY3ZDI4MjRjNzc3IiwidXNlcl9pZCI6IkRNQzI0In0.lz8fT2NeqqxLhugkmWBCCASXKJs9egb8WMU77sFNz_8'),
(85, '2023-12-13 03:52:07.930044', 'DMC24', 'rezvialauddin', 'eyJhbGciOiJIUzI1NiIsInR5cCI6IkpXVCJ9.eyJ0b2tlbl90eXBlIjoiYWNjZXNzIiwiZXhwIjoxNzAyNDQ2NzI3LCJpYXQiOjE3MDI0Mzk1MjcsImp0aSI6IjUyMmViOTA2MzdkYzRhODE5ZjU4NzgwNTY4NzEzNmQ5IiwidXNlcl9pZCI6IkRNQzI0In0.O24XUQ8LqgID0rbzF80w30Au08wcCJeC7eijG9RZu_M'),
(86, '2023-12-13 04:36:21.273152', 'DMC24', 'rezvialauddin', 'eyJhbGciOiJIUzI1NiIsInR5cCI6IkpXVCJ9.eyJ0b2tlbl90eXBlIjoiYWNjZXNzIiwiZXhwIjoxNzAyNDQ5MzgxLCJpYXQiOjE3MDI0NDIxODEsImp0aSI6IjE3ZWU3ZjRjMjRlMjQxZjA4YjEwMTRhNDg1ZDA5MWUwIiwidXNlcl9pZCI6IkRNQzI0In0.xKqFWd3jQhzs80kOtVpjHbrQ_ukQUJMxk01SOaZfqm0'),
(87, '2023-12-13 04:41:08.939560', 'DMC79', 'Nazmul', 'eyJhbGciOiJIUzI1NiIsInR5cCI6IkpXVCJ9.eyJ0b2tlbl90eXBlIjoiYWNjZXNzIiwiZXhwIjoxNzAyNDQ5NjY4LCJpYXQiOjE3MDI0NDI0NjgsImp0aSI6IjJjNDJmMTMyN2IzYzQzYzJhZDRkODU3MGExNWRhMjc0IiwidXNlcl9pZCI6IkRNQzc5In0.gxONj-Ovic3iASfMNYpKVbF1yvtiS4MpycrNsRlTnmU'),
(88, '2023-12-13 04:42:09.185240', 'DMC24', 'rezvialauddin', 'eyJhbGciOiJIUzI1NiIsInR5cCI6IkpXVCJ9.eyJ0b2tlbl90eXBlIjoiYWNjZXNzIiwiZXhwIjoxNzAyNDQ5NzI5LCJpYXQiOjE3MDI0NDI1MjksImp0aSI6Ijk4NDM1ZjIwYzM3ZjQzYTk5OTA3MDZmYmMzYzVhNGM1IiwidXNlcl9pZCI6IkRNQzI0In0.ZdzjZOsC1jHZ2-UMGEVdE_nZ5KiBsC4HKMiQUjftM2M');

-- --------------------------------------------------------

--
-- Table structure for table `log_log`
--

CREATE TABLE `log_log` (
  `r_clsf_record_id` int(11) NOT NULL,
  `CardName` varchar(100) DEFAULT NULL,
  `InTime` datetime(6) DEFAULT NULL,
  `RecNo` int(11) DEFAULT NULL,
  `RoomNumber` varchar(100) DEFAULT NULL,
  `Status` int(11) DEFAULT NULL,
  `Type` varchar(100) DEFAULT NULL,
  `image_url` varchar(100) DEFAULT NULL,
  `device_id_id` varchar(100) NOT NULL,
  `employee_id_id` varchar(100) DEFAULT NULL
) ENGINE=InnoDB DEFAULT CHARSET=utf8mb4 COLLATE=utf8mb4_general_ci;

--
-- Dumping data for table `log_log`
--

INSERT INTO `log_log` (`r_clsf_record_id`, `CardName`, `InTime`, `RecNo`, `RoomNumber`, `Status`, `Type`, `image_url`, `device_id_id`, `employee_id_id`) VALUES
(500, 'rezvi', '2023-12-03 09:59:34.000000', 284, '', 1, 'Entry', '/SnapShotFilePath/2023-12-03/11/59/1_99_100_20231203115934610.jpg', 'DmcGate1', '1'),
(501, 'rezvi', '2023-12-03 10:47:21.000000', 285, '', 1, 'Entry', '/SnapShotFilePath/2023-12-03/12/47/1_99_100_20231203124721742.jpg', 'DmcGate1', '1'),
(502, 'rezvi', '2023-12-03 10:47:24.000000', 286, '', 1, 'Entry', '/SnapShotFilePath/2023-12-03/12/47/1_99_100_20231203124724758.jpg', 'DmcGate1', '1'),
(503, 'rezvi', '2023-12-03 10:47:29.000000', 287, '', 1, 'Entry', '/SnapShotFilePath/2023-12-03/12/47/1_99_100_20231203124729733.jpg', 'DmcGate1', '1'),
(504, 'rezvi', '2023-12-03 10:58:44.000000', 288, '', 1, 'Entry', '/SnapShotFilePath/2023-12-03/12/58/1_99_100_20231203125844251.jpg', 'DmcGate1', '1'),
(505, 'Prince', '2023-12-03 15:13:36.000000', 289, '', 1, 'Entry', '/SnapShotFilePath/2023-12-03/17/13/DMC77_96_100_20231203171336065.jpg', 'DmcGate1', 'DMC77'),
(506, 'NAYEMURRAHMAN', '2023-12-03 16:45:13.000000', 290, '', 1, 'Entry', '/SnapShotFilePath/2023-12-03/18/45/DMC70_99_100_20231203184513694.jpg', 'DmcGate1', 'DMC70'),
(507, 'NAYEMURRAHMAN', '2023-12-03 16:45:20.000000', 291, '', 1, 'Entry', '/SnapShotFilePath/2023-12-03/18/45/DMC70_99_100_20231203184520242.jpg', 'DmcGate1', 'DMC70'),
(508, 'rezvi', '2023-12-04 12:15:48.000000', 293, '', 1, 'Entry', '/SnapShotFilePath/2023-12-04/14/15/1_98_100_20231204141548719.jpg', 'DmcGate1', '1'),
(509, 'rezvi', '2023-12-04 12:25:24.000000', 294, '', 1, 'Entry', '/SnapShotFilePath/2023-12-04/14/25/1_99_100_20231204142524419.jpg', 'DmcGate1', '1'),
(510, 'Prince', '2023-12-04 12:44:57.000000', 296, '', 1, 'Entry', '/SnapShotFilePath/2023-12-04/14/44/DMC77_87_100_20231204144457805.jpg', 'DmcGate1', 'DMC77'),
(511, 'Prince', '2023-12-04 12:45:32.000000', 297, '', 1, 'Entry', '/SnapShotFilePath/2023-12-04/14/45/DMC77_99_100_20231204144532481.jpg', 'DmcGate1', 'DMC77'),
(512, 'rezvi', '2023-12-05 11:56:02.000000', 298, '', 1, 'Entry', '/SnapShotFilePath/2023-12-05/13/56/1_99_100_20231205135602053.jpg', 'DmcGate14', '1'),
(513, 'rezvi', '2023-12-05 12:03:26.000000', 299, '', 1, 'Entry', '/SnapShotFilePath/2023-12-05/14/03/1_99_100_20231205140326588.jpg', 'DmcGate14', '1'),
(514, 'rezvi', '2023-11-20 10:12:09.000000', 14, '', 1, 'Entry', '/SnapShotFilePath/2023-11-20/12/12/1_99_100_20231120121209423.jpg', 'DmcGate14', '1'),
(515, 'rezvi', '2023-11-20 10:50:09.000000', 18, '', 1, 'Entry', '/SnapShotFilePath/2023-11-20/12/50/1_99_100_20231120125009074.jpg', 'DmcGate14', '1'),
(516, 'rezvi', '2023-11-20 10:50:31.000000', 19, '', 1, 'Entry', '/SnapShotFilePath/2023-11-20/12/50/1_99_100_20231120125031879.jpg', 'DmcGate14', '1'),
(517, 'rezvi', '2023-11-20 10:50:35.000000', 20, '', 1, 'Entry', '/SnapShotFilePath/2023-11-20/12/50/1_93_100_20231120125035064.jpg', 'DmcGate14', '1'),
(518, 'rezvi', '2023-11-20 10:51:06.000000', 21, '', 1, 'Entry', '/SnapShotFilePath/2023-11-20/12/51/1_99_100_20231120125106562.jpg', 'DmcGate14', '1'),
(519, 'rezvi', '2023-11-21 09:34:24.000000', 51, '', 1, 'Entry', '/SnapShotFilePath/2023-11-21/11/34/1_99_100_20231121113424831.jpg', 'DmcGate14', '1'),
(520, 'rezvi', '2023-11-21 09:34:47.000000', 52, '', 1, 'Entry', '/SnapShotFilePath/2023-11-21/11/34/1_98_100_20231121113447465.jpg', 'DmcGate14', '1'),
(521, 'rezvi', '2023-11-21 11:20:49.000000', 55, '', 1, 'Entry', '/SnapShotFilePath/2023-11-21/13/20/1_99_100_20231121132049176.jpg', 'DmcGate14', '1'),
(522, 'rezvi', '2023-11-21 11:25:44.000000', 56, '', 1, 'Entry', '/SnapShotFilePath/2023-11-21/13/25/1_99_100_20231121132544603.jpg', 'DmcGate14', '1'),
(523, 'rezvi', '2023-11-21 11:28:46.000000', 57, '', 1, 'Entry', '/SnapShotFilePath/2023-11-21/13/28/1_99_100_20231121132846826.jpg', 'DmcGate14', '1'),
(524, 'rezvi', '2023-11-21 11:29:46.000000', 58, '', 1, 'Entry', '/SnapShotFilePath/2023-11-21/13/29/1_96_100_20231121132946848.jpg', 'DmcGate14', '1'),
(525, 'rezvi', '2023-11-21 11:35:03.000000', 59, '', 1, 'Entry', '/SnapShotFilePath/2023-11-21/13/35/1_99_100_20231121133503399.jpg', 'DmcGate14', '1'),
(526, 'Nazmul haque', '2023-11-21 13:08:05.000000', 61, '', 1, 'Entry', '/SnapShotFilePath/2023-11-21/15/08/DMC39_99_100_20231121150805485.jpg', 'DmcGate14', 'DMC39'),
(527, 'Nazmul haque', '2023-11-21 13:08:08.000000', 62, '', 1, 'Entry', '/SnapShotFilePath/2023-11-21/15/08/DMC39_99_100_20231121150808324.jpg', 'DmcGate14', 'DMC39'),
(528, 'rezvi', '2023-11-21 15:44:12.000000', 65, '', 1, 'Entry', '/SnapShotFilePath/2023-11-21/17/44/1_99_100_20231121174412125.jpg', 'DmcGate14', '1'),
(529, 'rezvi', '2023-11-21 15:45:28.000000', 68, '', 1, 'Entry', '/SnapShotFilePath/2023-11-21/17/45/1_99_100_20231121174528332.jpg', 'DmcGate14', '1'),
(530, 'Urmi Hera', '2023-11-21 15:45:30.000000', 69, '', 1, 'Entry', '/SnapShotFilePath/2023-11-21/17/45/DMC40_99_100_20231121174530368.jpg', 'DmcGate14', 'DMC40'),
(531, 'Urmi Hera', '2023-11-21 15:45:33.000000', 70, '', 1, 'Entry', '/SnapShotFilePath/2023-11-21/17/45/DMC40_99_100_20231121174533441.jpg', 'DmcGate14', 'DMC40'),
(532, 'Urmi Hera', '2023-11-21 15:45:36.000000', 71, '', 1, 'Entry', '/SnapShotFilePath/2023-11-21/17/45/DMC40_99_100_20231121174536569.jpg', 'DmcGate14', 'DMC40'),
(533, 'Nazmul haque', '2023-11-21 17:25:21.000000', 72, '', 1, 'Entry', '/SnapShotFilePath/2023-11-21/19/25/DMC39_99_100_20231121192521799.jpg', 'DmcGate14', 'DMC39'),
(534, 'rezvi', '2023-11-22 10:49:17.000000', 73, '', 1, 'Entry', '/SnapShotFilePath/2023-11-22/12/49/1_99_100_20231122124917333.jpg', 'DmcGate14', '1'),
(535, 'rezvi', '2023-11-22 10:49:38.000000', 74, '', 1, 'Entry', '/SnapShotFilePath/2023-11-22/12/49/1_99_100_20231122124938746.jpg', 'DmcGate14', '1'),
(536, 'rezvi', '2023-11-22 18:00:01.000000', 91, '', 1, 'Entry', '/SnapShotFilePath/2023-11-22/20/00/1_99_100_20231122200001674.jpg', 'DmcGate14', '1'),
(537, 'rezvi', '2023-11-22 18:06:27.000000', 92, '', 1, 'Entry', '/SnapShotFilePath/2023-11-22/20/06/1_99_100_20231122200627267.jpg', 'DmcGate14', '1'),
(538, 'Siful Alam', '2023-11-22 18:12:55.000000', 95, '', 1, 'Entry', '/SnapShotFilePath/2023-11-22/20/12/DMC44_99_100_20231122201255400.jpg', 'DmcGate14', 'DMC44'),
(539, 'Siful Alam', '2023-11-22 18:12:59.000000', 96, '', 1, 'Entry', '/SnapShotFilePath/2023-11-22/20/12/DMC44_98_100_20231122201259974.jpg', 'DmcGate14', 'DMC44'),
(540, 'rezvi', '2023-11-23 09:27:47.000000', 98, '', 1, 'Entry', '/SnapShotFilePath/2023-11-23/11/27/1_99_100_20231123112747293.jpg', 'DmcGate14', '1'),
(541, 'rezvi', '2023-11-23 09:28:16.000000', 99, '', 1, 'Entry', '/SnapShotFilePath/2023-11-23/11/28/1_99_100_20231123112816797.jpg', 'DmcGate14', '1'),
(542, 'NAYEMURRAHMAN', '2023-11-26 17:41:00.000000', 122, '', 1, 'Entry', '/SnapShotFilePath/2023-11-26/19/41/DMC70_99_100_20231126194100859.jpg', 'DmcGate14', 'DMC70'),
(543, 'NAYEMURRAHMAN', '2023-11-26 17:41:03.000000', 123, '', 1, 'Entry', '/SnapShotFilePath/2023-11-26/19/41/DMC70_99_100_20231126194103888.jpg', 'DmcGate14', 'DMC70'),
(544, 'NAYEMURRAHMAN', '2023-11-26 17:41:07.000000', 124, '', 1, 'Entry', '/SnapShotFilePath/2023-11-26/19/41/DMC70_99_100_20231126194107029.jpg', 'DmcGate14', 'DMC70'),
(545, 'NAYEMURRAHMAN', '2023-11-26 17:41:10.000000', 125, '', 1, 'Entry', '/SnapShotFilePath/2023-11-26/19/41/DMC70_99_100_20231126194110224.jpg', 'DmcGate14', 'DMC70'),
(546, 'NAYEMURRAHMAN', '2023-11-26 17:41:13.000000', 126, '', 1, 'Entry', '/SnapShotFilePath/2023-11-26/19/41/DMC70_99_100_20231126194113291.jpg', 'DmcGate14', 'DMC70'),
(547, 'NAYEMURRAHMAN', '2023-11-26 17:41:16.000000', 127, '', 1, 'Entry', '/SnapShotFilePath/2023-11-26/19/41/DMC70_99_100_20231126194116504.jpg', 'DmcGate14', 'DMC70'),
(548, 'NAYEMURRAHMAN', '2023-11-26 17:41:20.000000', 128, '', 1, 'Entry', '/SnapShotFilePath/2023-11-26/19/41/DMC70_99_100_20231126194120495.jpg', 'DmcGate14', 'DMC70'),
(549, 'rezvi', '2023-11-27 10:47:37.000000', 138, '', 1, 'Entry', '/SnapShotFilePath/2023-11-27/12/47/1_99_100_20231127124737641.jpg', 'DmcGate14', '1'),
(550, 'MAMUN', '2023-11-27 10:47:51.000000', 140, '', 1, 'Entry', '/SnapShotFilePath/2023-11-27/12/47/DMC69_99_100_20231127124751260.jpg', 'DmcGate14', 'DMC69'),
(551, 'jiaur', '2023-11-27 10:47:57.000000', 141, '', 1, 'Entry', '/SnapShotFilePath/2023-11-27/12/47/DMC60_99_100_20231127124757822.jpg', 'DmcGate14', 'DMC60'),
(552, 'jiaur', '2023-11-27 10:48:05.000000', 142, '', 1, 'Entry', '/SnapShotFilePath/2023-11-27/12/48/DMC60_99_100_20231127124805781.jpg', 'DmcGate14', 'DMC60'),
(553, 'Urmi Hera', '2023-11-27 10:48:09.000000', 143, '', 1, 'Entry', '/SnapShotFilePath/2023-11-27/12/48/DMC40_99_100_20231127124809293.jpg', 'DmcGate14', 'DMC40'),
(554, 'rezvi', '2023-11-27 15:02:57.000000', 144, '', 1, 'Entry', '/SnapShotFilePath/2023-11-27/17/02/1_99_100_20231127170257050.jpg', 'DmcGate14', '1'),
(555, 'Nazmul haque', '2023-11-27 15:04:42.000000', 145, '', 1, 'Entry', '/SnapShotFilePath/2023-11-27/17/04/DMC39_99_100_20231127170442600.jpg', 'DmcGate14', 'DMC39'),
(556, 'Nazmul haque', '2023-11-27 15:04:45.000000', 146, '', 1, 'Entry', '/SnapShotFilePath/2023-11-27/17/04/DMC39_99_100_20231127170445583.jpg', 'DmcGate14', 'DMC39'),
(557, 'rezvi', '2023-11-27 15:04:48.000000', 147, '', 1, 'Entry', '/SnapShotFilePath/2023-11-27/17/04/1_95_100_20231127170448349.jpg', 'DmcGate14', '1'),
(558, 'Nazmul haque', '2023-11-27 15:18:25.000000', 148, '', 1, 'Entry', '/SnapShotFilePath/2023-11-27/17/18/DMC39_99_100_20231127171825239.jpg', 'DmcGate14', 'DMC39'),
(559, 'Nazmul haque', '2023-11-28 11:32:41.000000', 152, '', 1, 'Entry', '/SnapShotFilePath/2023-11-28/13/32/DMC39_99_100_20231128133241013.jpg', 'DmcGate14', 'DMC39'),
(560, 'rezvi', '2023-11-28 11:32:44.000000', 153, '', 1, 'Entry', '/SnapShotFilePath/2023-11-28/13/32/1_99_100_20231128133244486.jpg', 'DmcGate14', '1'),
(561, 'MAMUN', '2023-11-28 11:33:08.000000', 155, '', 1, 'Entry', '/SnapShotFilePath/2023-11-28/13/33/DMC69_99_100_20231128133308122.jpg', 'DmcGate14', 'DMC69'),
(562, 'Nazmul haque', '2023-11-28 11:50:57.000000', 156, '', 1, 'Entry', '/SnapShotFilePath/2023-11-28/13/50/DMC39_99_100_20231128135057259.jpg', 'DmcGate14', 'DMC39'),
(563, 'Nazmul haque', '2023-11-28 11:50:59.000000', 157, '', 1, 'Entry', '/SnapShotFilePath/2023-11-28/13/50/DMC39_99_100_20231128135059968.jpg', 'DmcGate14', 'DMC39'),
(564, 'rezvi', '2023-11-28 13:00:41.000000', 158, '', 1, 'Entry', '/SnapShotFilePath/2023-11-28/15/00/1_99_100_20231128150041346.jpg', 'DmcGate14', '1'),
(565, 'MAMUN', '2023-11-28 13:01:10.000000', 159, '', 1, 'Entry', '/SnapShotFilePath/2023-11-28/15/01/DMC69_99_100_20231128150110415.jpg', 'DmcGate14', 'DMC69'),
(566, 'Nazmul haque', '2023-11-28 13:09:25.000000', 161, '', 1, 'Entry', '/SnapShotFilePath/2023-11-28/15/09/DMC39_99_100_20231128150925780.jpg', 'DmcGate14', 'DMC39'),
(567, 'NAYEMURRAHMAN', '2023-11-28 13:09:32.000000', 162, '', 1, 'Entry', '/SnapShotFilePath/2023-11-28/15/09/DMC70_99_100_20231128150932417.jpg', 'DmcGate14', 'DMC70'),
(568, 'Nazmul haque', '2023-11-28 14:01:24.000000', 163, '', 1, 'Entry', '/SnapShotFilePath/2023-11-28/16/01/DMC39_99_100_20231128160124805.jpg', 'DmcGate14', 'DMC39'),
(569, 'rezvi', '2023-11-28 14:18:44.000000', 164, '', 1, 'Entry', '/SnapShotFilePath/2023-11-28/16/18/1_99_100_20231128161844964.jpg', 'DmcGate14', '1'),
(570, 'rezvi', '2023-11-28 15:12:36.000000', 171, '', 1, 'Entry', '/SnapShotFilePath/2023-11-28/17/12/1_99_100_20231128171236495.jpg', 'DmcGate14', '1'),
(571, 'Mirazuddin', '2023-11-28 15:17:22.000000', 172, '', 1, 'Entry', '/SnapShotFilePath/2023-11-28/17/17/DMC74_96_100_20231128171722077.jpg', 'DmcGate14', 'DMC74'),
(572, 'Mirazuddin', '2023-11-28 15:17:26.000000', 173, '', 1, 'Entry', '/SnapShotFilePath/2023-11-28/17/17/DMC74_99_100_20231128171726120.jpg', 'DmcGate14', 'DMC74'),
(573, 'Mirazuddin', '2023-11-28 15:17:29.000000', 174, '', 1, 'Entry', '/SnapShotFilePath/2023-11-28/17/17/DMC74_99_100_20231128171729218.jpg', 'DmcGate14', 'DMC74'),
(574, 'Mirazuddin', '2023-11-28 15:17:30.000000', 175, '', 1, 'Entry', '/SnapShotFilePath/2023-11-28/17/17/DMC74_99_100_20231128171730488.jpg', 'DmcGate14', 'DMC74'),
(575, 'Mirazuddin', '2023-11-28 15:17:33.000000', 176, '', 1, 'Entry', '/SnapShotFilePath/2023-11-28/17/17/DMC74_98_100_20231128171733702.jpg', 'DmcGate14', 'DMC74'),
(576, 'Mirazuddin', '2023-11-28 15:26:03.000000', 177, '', 1, 'Entry', '/SnapShotFilePath/2023-11-28/17/26/DMC74_99_100_20231128172603246.jpg', 'DmcGate14', 'DMC74'),
(577, 'Mirazuddin', '2023-11-28 15:26:06.000000', 178, '', 1, 'Entry', '/SnapShotFilePath/2023-11-28/17/26/DMC74_99_100_20231128172606607.jpg', 'DmcGate14', 'DMC74'),
(578, 'NAYEMURRAHMAN', '2023-11-28 16:14:11.000000', 179, '', 1, 'Entry', '/SnapShotFilePath/2023-11-28/18/14/DMC70_99_100_20231128181411345.jpg', 'DmcGate14', 'DMC70'),
(579, 'NAYEMURRAHMAN', '2023-11-28 16:14:14.000000', 180, '', 1, 'Entry', '/SnapShotFilePath/2023-11-28/18/14/DMC70_99_100_20231128181414782.jpg', 'DmcGate14', 'DMC70'),
(580, 'NAYEMURRAHMAN', '2023-11-28 16:14:18.000000', 181, '', 1, 'Entry', '/SnapShotFilePath/2023-11-28/18/14/DMC70_93_100_20231128181418481.jpg', 'DmcGate14', 'DMC70'),
(581, 'NAYEMURRAHMAN', '2023-11-28 16:14:20.000000', 182, '', 1, 'Entry', '/SnapShotFilePath/2023-11-28/18/14/DMC70_99_100_20231128181420733.jpg', 'DmcGate14', 'DMC70'),
(582, 'NAYEMURRAHMAN', '2023-11-28 16:14:23.000000', 183, '', 1, 'Entry', '/SnapShotFilePath/2023-11-28/18/14/DMC70_99_100_20231128181423719.jpg', 'DmcGate14', 'DMC70'),
(583, 'NAYEMURRAHMAN', '2023-11-28 16:14:26.000000', 184, '', 1, 'Entry', '/SnapShotFilePath/2023-11-28/18/14/DMC70_99_100_20231128181426788.jpg', 'DmcGate14', 'DMC70'),
(584, 'NAYEMURRAHMAN', '2023-11-28 16:14:30.000000', 185, '', 1, 'Entry', '/SnapShotFilePath/2023-11-28/18/14/DMC70_95_100_20231128181430164.jpg', 'DmcGate14', 'DMC70'),
(585, 'Nazmul haque', '2023-11-29 10:07:08.000000', 186, '', 1, 'Entry', '/SnapShotFilePath/2023-11-29/12/07/DMC39_99_100_20231129120708743.jpg', 'DmcGate14', 'DMC39'),
(586, 'rezvi', '2023-11-29 11:21:26.000000', 187, '', 1, 'Entry', '/SnapShotFilePath/2023-11-29/13/21/1_99_100_20231129132126519.jpg', 'DmcGate14', '1'),
(587, 'Nazmul haque', '2023-11-29 11:21:31.000000', 188, '', 1, 'Entry', '/SnapShotFilePath/2023-11-29/13/21/DMC39_99_100_20231129132131705.jpg', 'DmcGate14', 'DMC39'),
(588, 'rezvi', '2023-11-29 12:10:23.000000', 195, '', 1, 'Entry', '/SnapShotFilePath/2023-11-29/14/10/1_99_100_20231129141023367.jpg', 'DmcGate14', '1'),
(589, 'Mihal', '2023-11-29 12:35:15.000000', 197, '', 1, 'Entry', '/SnapShotFilePath/2023-11-29/14/35/DMC76_96_100_20231129143515127.jpg', 'DmcGate14', 'DMC76'),
(590, 'rezvi', '2023-11-29 12:43:09.000000', 198, '', 1, 'Entry', '/SnapShotFilePath/2023-11-29/14/43/1_82_100_20231129144309548.jpg', 'DmcGate14', '1'),
(591, 'rezvi', '2023-11-29 12:43:12.000000', 199, '', 1, 'Entry', '/SnapShotFilePath/2023-11-29/14/43/1_99_100_20231129144312609.jpg', 'DmcGate14', '1'),
(592, 'rezvi', '2023-11-29 12:47:29.000000', 201, '', 1, 'Entry', '/SnapShotFilePath/2023-11-29/14/47/1_99_100_20231129144729058.jpg', 'DmcGate14', '1'),
(593, 'rezvi', '2023-11-29 12:50:15.000000', 202, '', 1, 'Entry', '/SnapShotFilePath/2023-11-29/14/50/1_96_100_20231129145015548.jpg', 'DmcGate14', '1'),
(594, 'rezvi', '2023-11-29 12:53:17.000000', 203, '', 1, 'Entry', '/SnapShotFilePath/2023-11-29/14/53/1_99_100_20231129145317309.jpg', 'DmcGate14', '1'),
(595, 'rezvi', '2023-11-29 12:55:58.000000', 204, '', 1, 'Entry', '/SnapShotFilePath/2023-11-29/14/55/1_99_100_20231129145558789.jpg', 'DmcGate14', '1'),
(596, 'rezvi', '2023-11-29 13:00:27.000000', 205, '', 1, 'Entry', '/SnapShotFilePath/2023-11-29/15/00/1_78_100_20231129150027163.jpg', 'DmcGate14', '1'),
(597, 'rezvi', '2023-11-29 13:00:31.000000', 206, '', 1, 'Entry', '/SnapShotFilePath/2023-11-29/15/00/1_99_100_20231129150031019.jpg', 'DmcGate14', '1'),
(598, 'rezvi', '2023-11-29 13:09:02.000000', 207, '', 1, 'Entry', '/SnapShotFilePath/2023-11-29/15/09/1_94_100_20231129150902012.jpg', 'DmcGate14', '1'),
(599, 'rezvi', '2023-11-29 13:11:21.000000', 208, '', 1, 'Entry', '/SnapShotFilePath/2023-11-29/15/11/1_99_100_20231129151121683.jpg', 'DmcGate14', '1'),
(600, 'NAYEMURRAHMAN', '2023-11-29 14:51:11.000000', 209, '', 1, 'Entry', '/SnapShotFilePath/2023-11-29/16/51/DMC70_99_100_20231129165111071.jpg', 'DmcGate14', 'DMC70'),
(601, 'NAYEMURRAHMAN', '2023-11-29 14:51:15.000000', 210, '', 1, 'Entry', '/SnapShotFilePath/2023-11-29/16/51/DMC70_99_100_20231129165115522.jpg', 'DmcGate14', 'DMC70'),
(602, 'NAYEMURRAHMAN', '2023-11-29 14:51:17.000000', 211, '', 1, 'Entry', '/SnapShotFilePath/2023-11-29/16/51/DMC70_99_100_20231129165117983.jpg', 'DmcGate14', 'DMC70'),
(603, 'NAYEMURRAHMAN', '2023-11-29 14:51:21.000000', 212, '', 1, 'Entry', '/SnapShotFilePath/2023-11-29/16/51/DMC70_99_100_20231129165121142.jpg', 'DmcGate14', 'DMC70'),
(604, 'NAYEMURRAHMAN', '2023-11-29 14:51:24.000000', 213, '', 1, 'Entry', '/SnapShotFilePath/2023-11-29/16/51/DMC70_99_100_20231129165124299.jpg', 'DmcGate14', 'DMC70'),
(605, 'NAYEMURRAHMAN', '2023-11-29 14:51:27.000000', 214, '', 1, 'Entry', '/SnapShotFilePath/2023-11-29/16/51/DMC70_99_100_20231129165127371.jpg', 'DmcGate14', 'DMC70'),
(606, 'NAYEMURRAHMAN', '2023-11-29 14:51:30.000000', 215, '', 1, 'Entry', '/SnapShotFilePath/2023-11-29/16/51/DMC70_99_100_20231129165130499.jpg', 'DmcGate14', 'DMC70'),
(607, 'NAYEMURRAHMAN', '2023-11-29 14:51:38.000000', 216, '', 1, 'Entry', '/SnapShotFilePath/2023-11-29/16/51/DMC70_99_100_20231129165138795.jpg', 'DmcGate14', 'DMC70'),
(608, 'NAYEMURRAHMAN', '2023-11-29 14:51:41.000000', 217, '', 1, 'Entry', '/SnapShotFilePath/2023-11-29/16/51/DMC70_99_100_20231129165141648.jpg', 'DmcGate14', 'DMC70'),
(609, 'NAYEMURRAHMAN', '2023-11-29 14:51:42.000000', 218, '', 1, 'Entry', '/SnapShotFilePath/2023-11-29/16/51/DMC70_95_100_20231129165142770.jpg', 'DmcGate14', 'DMC70'),
(610, 'NAYEMURRAHMAN', '2023-11-29 14:51:45.000000', 219, '', 1, 'Entry', '/SnapShotFilePath/2023-11-29/16/51/DMC70_99_100_20231129165145214.jpg', 'DmcGate14', 'DMC70'),
(611, 'NAYEMURRAHMAN', '2023-11-29 14:51:48.000000', 220, '', 1, 'Entry', '/SnapShotFilePath/2023-11-29/16/51/DMC70_99_100_20231129165148520.jpg', 'DmcGate14', 'DMC70'),
(612, 'NAYEMURRAHMAN', '2023-11-29 14:51:59.000000', 221, '', 1, 'Entry', '/SnapShotFilePath/2023-11-29/16/51/DMC70_99_100_20231129165159144.jpg', 'DmcGate14', 'DMC70'),
(613, 'NAYEMURRAHMAN', '2023-11-29 14:52:17.000000', 222, '', 1, 'Entry', '/SnapShotFilePath/2023-11-29/16/52/DMC70_99_100_20231129165217466.jpg', 'DmcGate14', 'DMC70'),
(614, 'NAYEMURRAHMAN', '2023-11-29 14:52:20.000000', 223, '', 1, 'Entry', '/SnapShotFilePath/2023-11-29/16/52/DMC70_99_100_20231129165220655.jpg', 'DmcGate14', 'DMC70'),
(615, 'NAYEMURRAHMAN', '2023-11-29 14:52:46.000000', 227, '', 1, 'Entry', '/SnapShotFilePath/2023-11-29/16/52/DMC70_99_100_20231129165246896.jpg', 'DmcGate14', 'DMC70'),
(616, 'rezvi', '2023-11-29 15:00:53.000000', 228, '', 1, 'Entry', '/SnapShotFilePath/2023-11-29/17/00/1_99_100_20231129170053425.jpg', 'DmcGate14', '1'),
(617, 'Nazmul haque', '2023-11-29 15:01:06.000000', 229, '', 1, 'Entry', '/SnapShotFilePath/2023-11-29/17/01/DMC39_99_100_20231129170106177.jpg', 'DmcGate14', 'DMC39'),
(618, 'Nazmul haque', '2023-11-29 15:01:09.000000', 230, '', 1, 'Entry', '/SnapShotFilePath/2023-11-29/17/01/DMC39_99_100_20231129170109875.jpg', 'DmcGate14', 'DMC39'),
(619, 'Nazmul haque', '2023-11-29 15:01:13.000000', 231, '', 1, 'Entry', '/SnapShotFilePath/2023-11-29/17/01/DMC39_99_100_20231129170113425.jpg', 'DmcGate14', 'DMC39'),
(620, 'Nazmul haque', '2023-11-29 15:01:16.000000', 232, '', 1, 'Entry', '/SnapShotFilePath/2023-11-29/17/01/DMC39_99_100_20231129170116555.jpg', 'DmcGate14', 'DMC39'),
(621, 'Nazmul haque', '2023-11-29 15:01:20.000000', 233, '', 1, 'Entry', '/SnapShotFilePath/2023-11-29/17/01/DMC39_99_100_20231129170120252.jpg', 'DmcGate14', 'DMC39'),
(622, 'rezvi', '2023-11-29 15:12:42.000000', 234, '', 1, 'Entry', '/SnapShotFilePath/2023-11-29/17/12/1_99_100_20231129171242196.jpg', 'DmcGate14', '1'),
(623, 'Nazmul haque', '2023-11-29 15:18:06.000000', 235, '', 1, 'Entry', '/SnapShotFilePath/2023-11-29/17/18/DMC39_99_100_20231129171806193.jpg', 'DmcGate14', 'DMC39'),
(624, 'Nazmul haque', '2023-11-29 15:18:07.000000', 236, '', 1, 'Entry', '/SnapShotFilePath/2023-11-29/17/18/DMC39_99_100_20231129171807508.jpg', 'DmcGate14', 'DMC39'),
(625, 'Nazmul haque', '2023-11-29 15:22:11.000000', 237, '', 1, 'Entry', '/SnapShotFilePath/2023-11-29/17/22/DMC39_99_100_20231129172211758.jpg', 'DmcGate14', 'DMC39'),
(626, 'rezvi', '2023-11-29 15:25:17.000000', 238, '', 1, 'Entry', '/SnapShotFilePath/2023-11-29/17/25/1_99_100_20231129172517943.jpg', 'DmcGate14', '1'),
(627, 'rezvi', '2023-11-29 15:26:54.000000', 239, '', 1, 'Entry', '/SnapShotFilePath/2023-11-29/17/26/1_99_100_20231129172654818.jpg', 'DmcGate14', '1'),
(628, 'rezvi', '2023-11-29 15:32:46.000000', 240, '', 1, 'Entry', '/SnapShotFilePath/2023-11-29/17/32/1_99_100_20231129173246952.jpg', 'DmcGate14', '1'),
(629, 'rezvi', '2023-11-29 15:36:28.000000', 241, '', 1, 'Entry', '/SnapShotFilePath/2023-11-29/17/36/1_99_100_20231129173628501.jpg', 'DmcGate14', '1'),
(630, 'Prince', '2023-11-29 15:37:59.000000', 243, '', 1, 'Entry', '/SnapShotFilePath/2023-11-29/17/37/DMC77_96_100_20231129173759528.jpg', 'DmcGate14', 'DMC77'),
(631, 'Prince', '2023-11-29 15:38:44.000000', 244, '', 1, 'Entry', '/SnapShotFilePath/2023-11-29/17/38/DMC77_92_100_20231129173844892.jpg', 'DmcGate14', 'DMC77'),
(632, 'Prince', '2023-11-29 15:38:48.000000', 245, '', 1, 'Entry', '/SnapShotFilePath/2023-11-29/17/38/DMC77_96_100_20231129173848926.jpg', 'DmcGate14', 'DMC77'),
(633, 'Prince', '2023-11-29 15:39:57.000000', 246, '', 1, 'Entry', '/SnapShotFilePath/2023-11-29/17/39/DMC77_94_100_20231129173957171.jpg', 'DmcGate14', 'DMC77'),
(634, 'rezvi', '2023-11-29 15:41:59.000000', 247, '', 1, 'Entry', '/SnapShotFilePath/2023-11-29/17/41/1_99_100_20231129174159042.jpg', 'DmcGate14', '1'),
(635, 'rezvi', '2023-11-29 15:46:58.000000', 248, '', 1, 'Entry', '/SnapShotFilePath/2023-11-29/17/46/1_99_100_20231129174658179.jpg', 'DmcGate14', '1'),
(636, 'Nazmul haque', '2023-11-29 15:50:00.000000', 249, '', 1, 'Entry', '/SnapShotFilePath/2023-11-29/17/50/DMC39_99_100_20231129175000101.jpg', 'DmcGate14', 'DMC39'),
(637, 'rezvi', '2023-11-30 08:52:34.000000', 257, '', 1, 'Entry', '/SnapShotFilePath/2023-11-30/10/52/1_98_100_20231130105234787.jpg', 'DmcGate14', '1'),
(638, 'Rashed', '2023-11-30 10:40:26.000000', 258, '', 1, 'Entry', '/SnapShotFilePath/2023-11-30/12/40/DMC78_99_100_20231130124026487.jpg', 'DmcGate14', 'DMC78'),
(639, 'Rashed', '2023-11-30 10:40:29.000000', 259, '', 1, 'Entry', '/SnapShotFilePath/2023-11-30/12/40/DMC78_99_100_20231130124029355.jpg', 'DmcGate14', 'DMC78'),
(640, 'NAYEMURRAHMAN', '2023-11-30 13:38:42.000000', 260, '', 1, 'Entry', '/SnapShotFilePath/2023-11-30/15/38/DMC70_99_100_20231130153842538.jpg', 'DmcGate14', 'DMC70'),
(641, 'NAYEMURRAHMAN', '2023-11-30 13:38:45.000000', 261, '', 1, 'Entry', '/SnapShotFilePath/2023-11-30/15/38/DMC70_99_100_20231130153845715.jpg', 'DmcGate14', 'DMC70'),
(642, 'NAYEMURRAHMAN', '2023-11-30 13:38:48.000000', 262, '', 1, 'Entry', '/SnapShotFilePath/2023-11-30/15/38/DMC70_99_100_20231130153848393.jpg', 'DmcGate14', 'DMC70'),
(643, 'NAYEMURRAHMAN', '2023-11-30 13:38:51.000000', 263, '', 1, 'Entry', '/SnapShotFilePath/2023-11-30/15/38/DMC70_91_100_20231130153851611.jpg', 'DmcGate14', 'DMC70'),
(644, 'rezvi', '2023-11-30 15:31:27.000000', 266, '', 1, 'Entry', '/SnapShotFilePath/2023-11-30/17/31/1_99_100_20231130173127623.jpg', 'DmcGate14', '1'),
(645, 'rezvi', '2023-11-30 15:31:30.000000', 267, '', 1, 'Entry', '/SnapShotFilePath/2023-11-30/17/31/1_99_100_20231130173130584.jpg', 'DmcGate14', '1'),
(646, 'rezvi', '2023-11-30 15:31:32.000000', 268, '', 1, 'Entry', '/SnapShotFilePath/2023-11-30/17/31/1_98_100_20231130173132895.jpg', 'DmcGate14', '1'),
(647, 'rezvi', '2023-11-30 16:11:45.000000', 269, '', 1, 'Entry', '/SnapShotFilePath/2023-11-30/18/11/1_99_100_20231130181145498.jpg', 'DmcGate14', '1'),
(648, 'rezvi', '2023-11-30 16:11:47.000000', 270, '', 1, 'Entry', '/SnapShotFilePath/2023-11-30/18/11/1_98_100_20231130181147361.jpg', 'DmcGate14', '1'),
(649, 'rezvi', '2023-11-30 16:11:50.000000', 271, '', 1, 'Entry', '/SnapShotFilePath/2023-11-30/18/11/1_99_100_20231130181150272.jpg', 'DmcGate14', '1'),
(650, 'rezvi', '2023-11-30 16:26:40.000000', 272, '', 1, 'Entry', '/SnapShotFilePath/2023-11-30/18/26/1_99_100_20231130182640532.jpg', 'DmcGate14', '1'),
(651, 'rezvi', '2023-11-30 16:34:04.000000', 273, '', 1, 'Entry', '/SnapShotFilePath/2023-11-30/18/34/1_99_100_20231130183404694.jpg', 'DmcGate14', '1'),
(652, 'rezvi', '2023-11-30 16:49:09.000000', 274, '', 1, 'Entry', '/SnapShotFilePath/2023-11-30/18/49/1_99_100_20231130184909220.jpg', 'DmcGate14', '1'),
(653, 'rezvi', '2023-11-30 17:08:46.000000', 275, '', 1, 'Entry', '/SnapShotFilePath/2023-11-30/19/08/1_99_100_20231130190846585.jpg', 'DmcGate14', '1'),
(654, 'rezvi', '2023-11-30 17:08:49.000000', 276, '', 1, 'Entry', '/SnapShotFilePath/2023-11-30/19/08/1_99_100_20231130190849471.jpg', 'DmcGate14', '1'),
(655, 'Mihal', '2023-11-30 17:08:54.000000', 277, '', 1, 'Entry', '/SnapShotFilePath/2023-11-30/19/08/DMC76_94_100_20231130190854564.jpg', 'DmcGate14', 'DMC76'),
(656, 'Mihal', '2023-11-30 17:08:57.000000', 278, '', 1, 'Entry', '/SnapShotFilePath/2023-11-30/19/08/DMC76_91_100_20231130190857549.jpg', 'DmcGate14', 'DMC76'),
(657, 'rezvi', '2023-11-30 17:15:00.000000', 279, '', 1, 'Entry', '/SnapShotFilePath/2023-11-30/19/15/1_99_100_20231130191500335.jpg', 'DmcGate14', '1'),
(658, 'Nazmul', '2023-11-30 17:36:07.000000', 280, '', 1, 'Entry', '/SnapShotFilePath/2023-11-30/19/36/DMC79_92_100_20231130193607648.jpg', 'DmcGate14', 'DMC79'),
(659, 'Nazmul', '2023-11-30 17:36:10.000000', 281, '', 1, 'Entry', '/SnapShotFilePath/2023-11-30/19/36/DMC79_99_100_20231130193610619.jpg', 'DmcGate14', 'DMC79'),
(660, 'Nazmul', '2023-11-30 17:36:10.000000', 282, '', 1, 'Entry', '/SnapShotFilePath/2023-11-30/19/36/DMC79_90_100_20231130193610983.jpg', 'DmcGate14', 'DMC79'),
(661, 'Prince', '2023-11-30 17:36:15.000000', 283, '', 1, 'Entry', '/SnapShotFilePath/2023-11-30/19/36/DMC77_87_100_20231130193615804.jpg', 'DmcGate14', 'DMC77'),
(662, 'rezvi', '2023-12-06 16:58:18.000000', 300, '', 1, 'Entry', '/SnapShotFilePath/2023-12-06/18/58/1_99_100_20231206185818652.jpg', 'DmcGate14', '1'),
(663, 'rezvi', '2023-12-06 16:58:20.000000', 301, '', 1, 'Entry', '/SnapShotFilePath/2023-12-06/18/58/1_95_100_20231206185820436.jpg', 'DmcGate14', '1'),
(664, 'rezvi', '2023-12-06 17:23:51.000000', 302, '', 1, 'Entry', '/SnapShotFilePath/2023-12-06/19/23/1_99_100_20231206192351385.jpg', 'DmcGate14', '1'),
(665, 'rezvi', '2023-12-06 17:23:54.000000', 303, '', 1, 'Entry', '/SnapShotFilePath/2023-12-06/19/23/1_99_100_20231206192354256.jpg', 'DmcGate14', '1'),
(666, 'rezvi', '2023-12-06 17:23:59.000000', 304, '', 1, 'Entry', '/SnapShotFilePath/2023-12-06/19/23/1_99_100_20231206192359802.jpg', 'DmcGate14', '1'),
(667, 'rezvi', '2023-12-06 17:24:01.000000', 305, '', 1, 'Entry', '/SnapShotFilePath/2023-12-06/19/24/1_99_100_20231206192401781.jpg', 'DmcGate14', '1'),
(668, 'Prince', '2023-12-06 18:22:56.000000', 306, '', 1, 'Entry', '/SnapShotFilePath/2023-12-06/20/22/DMC77_99_100_20231206202256989.jpg', 'DmcGate14', 'DMC77'),
(669, 'Prince', '2023-12-06 18:23:03.000000', 307, '', 1, 'Entry', '/SnapShotFilePath/2023-12-06/20/23/DMC77_99_100_20231206202303065.jpg', 'DmcGate14', 'DMC77'),
(670, 'Prince', '2023-12-06 18:23:14.000000', 308, '', 1, 'Entry', '/SnapShotFilePath/2023-12-06/20/23/DMC77_99_100_20231206202314718.jpg', 'DmcGate14', 'DMC77'),
(671, 'Prince', '2023-12-06 18:23:22.000000', 309, '', 1, 'Entry', '/SnapShotFilePath/2023-12-06/20/23/DMC77_92_100_20231206202322243.jpg', 'DmcGate14', 'DMC77'),
(672, 'rezvi', '2023-12-07 10:17:54.000000', 311, '', 1, 'Entry', '/SnapShotFilePath/2023-12-07/12/17/1_99_100_20231207121754671.jpg', 'DmcGate14', '1'),
(673, 'rezvi', '2023-12-07 10:17:54.000000', 311, '', 1, 'Entry', '/SnapShotFilePath/2023-12-07/12/17/1_99_100_20231207121754671.jpg', 'DmcGate14', '1'),
(674, 'rezvi', '2023-12-07 10:18:07.000000', 313, '', 1, 'Entry', '/SnapShotFilePath/2023-12-07/12/18/1_99_100_20231207121807260.jpg', 'DmcGate14', '1'),
(675, 'Mirazuddin', '2023-12-07 12:03:39.000000', 314, '', 1, 'Entry', '/SnapShotFilePath/2023-12-07/14/03/DMC74_99_100_20231207140339618.jpg', 'DmcGate14', 'DMC74'),
(676, 'Mirazuddin', '2023-12-07 12:03:40.000000', 315, '', 1, 'Entry', '/SnapShotFilePath/2023-12-07/14/03/DMC74_87_100_20231207140340438.jpg', 'DmcGate14', 'DMC74'),
(677, 'Prince', '2023-12-07 13:26:57.000000', 316, '', 1, 'Entry', '/SnapShotFilePath/2023-12-07/15/26/DMC77_99_100_20231207152657111.jpg', 'DmcGate14', 'DMC77'),
(678, 'Prince', '2023-12-07 13:27:01.000000', 317, '', 1, 'Entry', '/SnapShotFilePath/2023-12-07/15/27/DMC77_96_100_20231207152701173.jpg', 'DmcGate14', 'DMC77'),
(679, 'Prince', '2023-12-07 13:27:05.000000', 318, '', 1, 'Entry', '/SnapShotFilePath/2023-12-07/15/27/DMC77_99_100_20231207152705558.jpg', 'DmcGate14', 'DMC77'),
(680, 'Prince', '2023-12-07 13:29:29.000000', 321, '', 1, 'Entry', '/SnapShotFilePath/2023-12-07/15/29/DMC77_86_100_20231207152929882.jpg', 'DmcGate14', 'DMC77'),
(681, 'MAMUN', '2023-12-07 13:43:41.000000', 322, '', 1, 'Entry', '/SnapShotFilePath/2023-12-07/15/43/DMC69_99_100_20231207154341259.jpg', 'DmcGate14', 'DMC69'),
(682, 'MAMUN', '2023-12-07 13:44:00.000000', 323, '', 1, 'Entry', '/SnapShotFilePath/2023-12-07/15/44/DMC69_99_100_20231207154400734.jpg', 'DmcGate14', 'DMC69'),
(683, 'Prince', '2023-12-07 18:01:05.000000', 324, '', 1, 'Entry', '/SnapShotFilePath/2023-12-07/20/01/DMC77_99_100_20231207200105467.jpg', 'DmcGate14', 'DMC77'),
(684, 'Prince', '2023-12-07 18:01:06.000000', 325, '', 1, 'Entry', '/SnapShotFilePath/2023-12-07/20/01/DMC77_99_100_20231207200106197.jpg', 'DmcGate14', 'DMC77'),
(685, 'Mr.Tanim', '2023-12-07 18:14:42.000000', 327, '', 1, 'Entry', '/SnapShotFilePath/2023-12-07/20/14/DMC78_94_100_20231207201442345.jpg', 'DmcGate14', 'DMC78'),
(686, 'Mr.Tanim', '2023-12-07 18:14:45.000000', 328, '', 1, 'Entry', '/SnapShotFilePath/2023-12-07/20/14/DMC78_98_100_20231207201445448.jpg', 'DmcGate14', 'DMC78'),
(687, 'Azad', '2023-12-10 12:16:41.000000', 341, '', 1, 'Entry', '/SnapShotFilePath/2023-12-10/14/16/DMC75_98_100_20231210141641559.jpg', 'DmcGate14', 'DMC75'),
(688, 'Urmi Hera', '2023-12-10 12:16:48.000000', 342, '', 1, 'Entry', '/SnapShotFilePath/2023-12-10/14/16/DMC40_93_100_20231210141648689.jpg', 'DmcGate14', 'DMC40'),
(689, 'Urmi Hera', '2023-12-10 12:35:11.000000', 343, '', 1, 'Entry', '/SnapShotFilePath/2023-12-10/14/35/DMC40_89_100_20231210143511813.jpg', 'DmcGate14', 'DMC40'),
(690, 'Urmi Hera', '2023-12-10 13:03:17.000000', 350, '', 1, 'Entry', '/SnapShotFilePath/2023-12-10/15/03/DMC40_87_100_20231210150317337.jpg', 'DmcGate14', 'DMC40'),
(691, 'NAYEMURRAHMAN', '2023-12-10 13:05:49.000000', 351, '', 1, 'Entry', '/SnapShotFilePath/2023-12-10/15/05/DMC70_99_100_20231210150550105.jpg', 'DmcGate14', 'DMC70'),
(692, 'Nazmul', '2023-12-10 13:09:20.000000', 352, '', 1, 'Entry', '/SnapShotFilePath/2023-12-10/15/09/DMC79_99_100_20231210150920915.jpg', 'DmcGate14', 'DMC79'),
(693, 'Nazmul', '2023-12-10 13:09:21.000000', 353, '', 1, 'Entry', '/SnapShotFilePath/2023-12-10/15/09/DMC79_93_100_20231210150921318.jpg', 'DmcGate14', 'DMC79'),
(694, 'MAMUN', '2023-12-10 13:20:23.000000', 355, '', 1, 'Entry', '/SnapShotFilePath/2023-12-10/15/20/DMC69_99_100_20231210152023615.jpg', 'DmcGate14', 'DMC69'),
(695, 'Mr.Tanim', '2023-12-10 13:20:25.000000', 356, '', 1, 'Entry', '/SnapShotFilePath/2023-12-10/15/20/DMC78_95_100_20231210152025347.jpg', 'DmcGate14', 'DMC78'),
(696, 'Mr.Tanim', '2023-12-10 13:20:29.000000', 357, '', 1, 'Entry', '/SnapShotFilePath/2023-12-10/15/20/DMC78_99_100_20231210152029303.jpg', 'DmcGate14', 'DMC78'),
(697, 'Mr.Tanim', '2023-12-10 13:20:32.000000', 358, '', 1, 'Entry', '/SnapShotFilePath/2023-12-10/15/20/DMC78_99_100_20231210152032316.jpg', 'DmcGate14', 'DMC78'),
(698, 'MAMUN', '2023-12-10 13:20:34.000000', 359, '', 1, 'Entry', '/SnapShotFilePath/2023-12-10/15/20/DMC69_99_100_20231210152034628.jpg', 'DmcGate14', 'DMC69'),
(699, 'MAMUN', '2023-12-10 13:20:39.000000', 360, '', 1, 'Entry', '/SnapShotFilePath/2023-12-10/15/20/DMC69_99_100_20231210152039055.jpg', 'DmcGate14', 'DMC69'),
(700, 'Prince', '2023-12-10 13:20:40.000000', 361, '', 1, 'Entry', '/SnapShotFilePath/2023-12-10/15/20/DMC77_98_100_20231210152040189.jpg', 'DmcGate14', 'DMC77'),
(701, 'MAMUN', '2023-12-10 13:20:41.000000', 362, '', 1, 'Entry', '/SnapShotFilePath/2023-12-10/15/20/DMC69_99_100_20231210152041878.jpg', 'DmcGate14', 'DMC69'),
(702, 'Mr.Tanim', '2023-12-10 13:20:43.000000', 363, '', 1, 'Entry', '/SnapShotFilePath/2023-12-10/15/20/DMC78_98_100_20231210152043442.jpg', 'DmcGate14', 'DMC78'),
(703, 'MAMUN', '2023-12-10 13:20:46.000000', 364, '', 1, 'Entry', '/SnapShotFilePath/2023-12-10/15/20/DMC69_99_100_20231210152046796.jpg', 'DmcGate14', 'DMC69'),
(704, 'Mr.Tanim', '2023-12-10 13:20:49.000000', 365, '', 1, 'Entry', '/SnapShotFilePath/2023-12-10/15/20/DMC78_99_100_20231210152049023.jpg', 'DmcGate14', 'DMC78'),
(705, 'Mr.Tanim', '2023-12-10 13:20:52.000000', 366, '', 1, 'Entry', '/SnapShotFilePath/2023-12-10/15/20/DMC78_99_100_20231210152052209.jpg', 'DmcGate1', 'DMC78'),
(706, 'Mr.Tanim', '2023-12-10 13:20:55.000000', 367, '', 1, 'Entry', '/SnapShotFilePath/2023-12-10/15/20/DMC78_99_100_20231210152055182.jpg', 'DmcGate14', 'DMC78'),
(707, 'MAMUN', '2023-12-10 13:20:58.000000', 368, '', 1, 'Entry', '/SnapShotFilePath/2023-12-10/15/20/DMC69_99_100_20231210152058193.jpg', 'DmcGate14', 'DMC69'),
(708, 'Mr.Tanim', '2023-12-10 13:20:59.000000', 369, '', 1, 'Entry', '/SnapShotFilePath/2023-12-10/15/20/DMC78_96_100_20231210152059563.jpg', 'DmcGate1', 'DMC78'),
(709, 'Mr.Tanim', '2023-12-10 13:21:02.000000', 370, '', 1, 'Entry', '/SnapShotFilePath/2023-12-10/15/21/DMC78_99_100_20231210152102734.jpg', 'DmcGate14', 'DMC78'),
(710, 'MAMUN', '2023-12-10 13:21:07.000000', 371, '', 1, 'Entry', '/SnapShotFilePath/2023-12-10/15/21/DMC69_99_100_20231210152107104.jpg', 'DmcGate14', 'DMC69'),
(711, 'MAMUN', '2023-12-10 13:21:10.000000', 372, '', 1, 'Entry', '/SnapShotFilePath/2023-12-10/15/21/DMC69_99_100_20231210152110418.jpg', 'DmcGate14', 'DMC69'),
(712, 'Mr.Tanim', '2023-12-10 13:21:14.000000', 373, '', 1, 'Entry', '/SnapShotFilePath/2023-12-10/15/21/DMC78_96_100_20231210152114903.jpg', 'DmcGate14', 'DMC78'),
(713, 'Mr.Tanim', '2023-12-10 13:21:27.000000', 374, '', 1, 'Entry', '/SnapShotFilePath/2023-12-10/15/21/DMC78_99_100_20231210152127812.jpg', 'DmcGate14', 'DMC78'),
(714, 'Mr.Tanim', '2023-12-10 13:21:30.000000', 375, '', 1, 'Entry', '/SnapShotFilePath/2023-12-10/15/21/DMC78_99_100_20231210152130825.jpg', 'DmcGate14', 'DMC78'),
(715, 'Mr.Tanim', '2023-12-10 13:21:33.000000', 376, '', 1, 'Entry', '/SnapShotFilePath/2023-12-10/15/21/DMC78_99_100_20231210152133925.jpg', 'DmcGate14', 'DMC78'),
(716, 'Mr.Tanim', '2023-12-10 13:21:37.000000', 377, '', 1, 'Entry', '/SnapShotFilePath/2023-12-10/15/21/DMC78_99_100_20231210152137477.jpg', 'DmcGate14', 'DMC78'),
(717, 'MAMUN', '2023-12-10 13:22:08.000000', 378, '', 1, 'Entry', '/SnapShotFilePath/2023-12-10/15/22/DMC69_99_100_20231210152208810.jpg', 'DmcGate14', 'DMC69'),
(718, 'MAMUN', '2023-12-10 13:22:09.000000', 379, '', 1, 'Entry', '/SnapShotFilePath/2023-12-10/15/22/DMC69_99_100_20231210152209075.jpg', 'DmcGate14', 'DMC69'),
(719, 'Prince', '2023-12-10 13:22:38.000000', 380, '', 1, 'Entry', '/SnapShotFilePath/2023-12-10/15/22/DMC77_98_100_20231210152238406.jpg', 'DmcGate14', 'DMC77'),
(720, 'MAMUN', '2023-12-10 13:22:58.000000', 381, '', 1, 'Entry', '/SnapShotFilePath/2023-12-10/15/22/DMC69_99_100_20231210152258333.jpg', 'DmcGate14', 'DMC69'),
(721, 'Prince', '2023-12-10 13:23:08.000000', 382, '', 1, 'Entry', '/SnapShotFilePath/2023-12-10/15/23/DMC77_85_100_20231210152308688.jpg', 'DmcGate14', 'DMC77'),
(722, 'Prince', '2023-12-10 13:23:15.000000', 383, '', 1, 'Entry', '/SnapShotFilePath/2023-12-10/15/23/DMC77_92_100_20231210152315328.jpg', 'DmcGate14', 'DMC77'),
(723, 'MAMUN', '2023-12-10 13:24:04.000000', 384, '', 1, 'Entry', '/SnapShotFilePath/2023-12-10/15/24/DMC69_99_100_20231210152404275.jpg', 'DmcGate14', 'DMC69'),
(724, 'jiaur', '2023-12-10 13:24:12.000000', 385, '', 1, 'Entry', '/SnapShotFilePath/2023-12-10/15/24/DMC60_99_100_20231210152412454.jpg', 'DmcGate14', 'DMC60'),
(725, 'jiaur', '2023-12-10 13:26:01.000000', 386, '', 1, 'Entry', '/SnapShotFilePath/2023-12-10/15/26/DMC60_99_100_20231210152601582.jpg', 'DmcGate14', 'DMC60'),
(726, 'jiaur', '2023-12-10 13:26:04.000000', 387, '', 1, 'Entry', '/SnapShotFilePath/2023-12-10/15/26/DMC60_99_100_20231210152604642.jpg', 'DmcGate14', 'DMC60'),
(727, 'jiaur', '2023-12-10 13:26:07.000000', 388, '', 1, 'Entry', '/SnapShotFilePath/2023-12-10/15/26/DMC60_99_100_20231210152607784.jpg', 'DmcGate14', 'DMC60'),
(728, 'Prince', '2023-12-10 13:28:52.000000', 389, '', 1, 'Entry', '/SnapShotFilePath/2023-12-10/15/28/DMC77_99_100_20231210152852066.jpg', 'DmcGate14', 'DMC77'),
(729, 'Prince', '2023-12-10 13:28:56.000000', 390, '', 1, 'Entry', '/SnapShotFilePath/2023-12-10/15/28/DMC77_99_100_20231210152856049.jpg', 'DmcGate14', 'DMC77'),
(730, 'Prince', '2023-12-10 13:28:59.000000', 391, '', 1, 'Entry', '/SnapShotFilePath/2023-12-10/15/28/DMC77_92_100_20231210152859474.jpg', 'DmcGate1', 'DMC77'),
(731, 'Prince', '2023-12-10 13:29:02.000000', 392, '', 1, 'Entry', '/SnapShotFilePath/2023-12-10/15/29/DMC77_99_100_20231210152902658.jpg', 'DmcGate1', 'DMC77'),
(732, 'Prince', '2023-12-10 13:29:06.000000', 393, '', 1, 'Entry', '/SnapShotFilePath/2023-12-10/15/29/DMC77_99_100_20231210152906383.jpg', 'DmcGate14', 'DMC77'),
(733, 'Prince', '2023-12-10 13:29:12.000000', 394, '', 1, 'Entry', '/SnapShotFilePath/2023-12-10/15/29/DMC77_99_100_20231210152912162.jpg', 'DmcGate14', 'DMC77'),
(734, 'Prince', '2023-12-10 13:29:15.000000', 395, '', 1, 'Entry', '/SnapShotFilePath/2023-12-10/15/29/DMC77_95_100_20231210152915684.jpg', 'DmcGate14', 'DMC77'),
(735, 'Prince', '2023-12-10 13:29:18.000000', 396, '', 1, 'Entry', '/SnapShotFilePath/2023-12-10/15/29/DMC77_99_100_20231210152918803.jpg', 'DmcGate14', 'DMC77'),
(736, 'Nazmul', '2023-12-10 13:30:58.000000', 397, '', 1, 'Entry', '/SnapShotFilePath/2023-12-10/15/30/DMC79_96_100_20231210153058991.jpg', 'DmcGate14', 'DMC79'),
(737, 'Prince', '2023-12-10 13:31:32.000000', 399, '', 1, 'Entry', '/SnapShotFilePath/2023-12-10/15/31/DMC77_94_100_20231210153132049.jpg', 'DmcGate14', 'DMC77'),
(738, 'NAYEMURRAHMAN', '2023-12-10 13:40:16.000000', 400, '', 1, 'Entry', '/SnapShotFilePath/2023-12-10/15/40/DMC70_95_100_20231210154016872.jpg', 'DmcGate14', 'DMC70'),
(739, 'NAYEMURRAHMAN', '2023-12-10 13:40:26.000000', 401, '', 1, 'Entry', '/SnapShotFilePath/2023-12-10/15/40/DMC70_99_100_20231210154026434.jpg', 'DmcGate14', 'DMC70'),
(740, 'Mr.Tanim', '2023-12-10 13:42:15.000000', 402, '', 1, 'Entry', '/SnapShotFilePath/2023-12-10/15/42/DMC78_89_100_20231210154215562.jpg', 'DmcGate14', 'DMC78'),
(741, 'jiaur', '2023-12-10 13:44:06.000000', 403, '', 1, 'Entry', '/SnapShotFilePath/2023-12-10/15/44/DMC60_99_100_20231210154406909.jpg', 'DmcGate14', 'DMC60'),
(742, 'Azad', '2023-12-10 13:56:16.000000', 404, '', 1, 'Entry', '/SnapShotFilePath/2023-12-10/15/56/DMC75_99_100_20231210155616938.jpg', 'DmcGate14', 'DMC75'),
(743, 'MAMUN', '2023-12-10 14:05:46.000000', 405, '', 1, 'Entry', '/SnapShotFilePath/2023-12-10/16/05/DMC69_99_100_20231210160546605.jpg', 'DmcGate14', 'DMC69'),
(744, 'Azad', '2023-12-10 14:09:47.000000', 406, '', 1, 'Entry', '/SnapShotFilePath/2023-12-10/16/09/DMC75_99_100_20231210160947482.jpg', 'DmcGate14', 'DMC75'),
(745, 'rezvi', '2023-12-10 14:24:04.000000', 407, '', 1, 'Entry', '/SnapShotFilePath/2023-12-10/16/24/1_99_100_20231210162404647.jpg', 'DmcGate14', '1'),
(746, 'rezvi', '2023-12-10 14:27:50.000000', 408, '', 1, 'Entry', '/SnapShotFilePath/2023-12-10/16/27/1_99_100_20231210162750666.jpg', 'DmcGate14', '1'),
(747, 'MAMUN', '2023-12-10 14:28:00.000000', 409, '', 1, 'Entry', '/SnapShotFilePath/2023-12-10/16/28/DMC69_97_100_20231210162800825.jpg', 'DmcGate14', 'DMC69'),
(748, 'rezvi', '2023-12-10 14:28:11.000000', 411, '', 1, 'Entry', '/SnapShotFilePath/2023-12-10/16/28/1_99_100_20231210162811802.jpg', 'DmcGate14', '1'),
(749, 'rezvi', '2023-12-10 14:28:15.000000', 412, '', 1, 'Entry', '/SnapShotFilePath/2023-12-10/16/28/1_99_100_20231210162815032.jpg', 'DmcGate14', '1'),
(750, 'rezvi', '2023-12-10 14:28:18.000000', 413, '', 1, 'Entry', '/SnapShotFilePath/2023-12-10/16/28/1_99_100_20231210162818206.jpg', 'DmcGate14', '1'),
(751, 'rezvi', '2023-12-10 14:28:24.000000', 414, '', 1, 'Entry', '/SnapShotFilePath/2023-12-10/16/28/1_96_100_20231210162824828.jpg', 'DmcGate14', '1'),
(752, 'rezvi', '2023-12-10 14:31:14.000000', 416, '', 1, 'Entry', '/SnapShotFilePath/2023-12-10/16/31/1_99_100_20231210163114693.jpg', 'DmcGate14', '1'),
(753, 'rezvi', '2023-12-10 14:31:28.000000', 419, '', 1, 'Entry', '/SnapShotFilePath/2023-12-10/16/31/1_99_100_20231210163128161.jpg', 'DmcGate14', '1'),
(754, 'rezvi', '2023-12-10 14:31:34.000000', 421, '', 1, 'Entry', '/SnapShotFilePath/2023-12-10/16/31/1_99_100_20231210163134418.jpg', 'DmcGate14', '1'),
(755, 'rezvi', '2023-12-10 14:31:41.000000', 422, '', 1, 'Entry', '/SnapShotFilePath/2023-12-10/16/31/1_99_100_20231210163141387.jpg', 'DmcGate14', '1'),
(756, 'rezvi', '2023-12-10 14:31:44.000000', 423, '', 1, 'Entry', '/SnapShotFilePath/2023-12-10/16/31/1_99_100_20231210163144521.jpg', 'DmcGate14', '1'),
(757, 'rezvi', '2023-12-10 14:32:06.000000', 428, '', 1, 'Entry', '/SnapShotFilePath/2023-12-10/16/32/1_99_100_20231210163206144.jpg', 'DmcGate14', '1'),
(758, 'NAYEMURRAHMAN', '2023-12-10 14:32:12.000000', 429, '', 1, 'Entry', '/SnapShotFilePath/2023-12-10/16/32/DMC70_99_100_20231210163212359.jpg', 'DmcGate14', 'DMC70'),
(759, 'NAYEMURRAHMAN', '2023-12-10 14:53:47.000000', 430, '', 1, 'Entry', '/SnapShotFilePath/2023-12-10/16/53/DMC70_99_100_20231210165347223.jpg', 'DmcGate14', 'DMC70'),
(760, 'NAYEMURRAHMAN', '2023-12-10 14:53:55.000000', 431, '', 1, 'Entry', '/SnapShotFilePath/2023-12-10/16/53/DMC70_99_100_20231210165355945.jpg', 'DmcGate14', 'DMC70'),
(761, 'NAYEMURRAHMAN', '2023-12-10 14:53:59.000000', 432, '', 1, 'Entry', '/SnapShotFilePath/2023-12-10/16/53/DMC70_99_100_20231210165359145.jpg', 'DmcGate14', 'DMC70'),
(762, 'Prince', '2023-12-10 14:54:11.000000', 433, '', 1, 'Entry', '/SnapShotFilePath/2023-12-10/16/54/DMC77_99_100_20231210165411909.jpg', 'DmcGate14', 'DMC77'),
(763, 'Prince', '2023-12-10 15:17:02.000000', 434, '', 1, 'Entry', '/SnapShotFilePath/2023-12-10/17/17/DMC77_99_100_20231210171702202.jpg', 'DmcGate14', 'DMC77'),
(764, 'Prince', '2023-12-10 15:17:06.000000', 435, '', 1, 'Entry', '/SnapShotFilePath/2023-12-10/17/17/DMC77_87_100_20231210171706608.jpg', 'DmcGate14', 'DMC77'),
(765, 'Prince', '2023-12-10 15:17:09.000000', 436, '', 1, 'Entry', '/SnapShotFilePath/2023-12-10/17/17/DMC77_99_100_20231210171709781.jpg', 'DmcGate14', 'DMC77'),
(766, 'Prince', '2023-12-10 15:17:12.000000', 437, '', 1, 'Entry', '/SnapShotFilePath/2023-12-10/17/17/DMC77_99_100_20231210171712955.jpg', 'DmcGate14', 'DMC77'),
(767, 'Prince', '2023-12-10 15:17:16.000000', 438, '', 1, 'Entry', '/SnapShotFilePath/2023-12-10/17/17/DMC77_96_100_20231210171716072.jpg', 'DmcGate14', 'DMC77'),
(768, 'jamiul', '2023-12-10 15:33:54.000000', 440, '', 1, 'Entry', '/SnapShotFilePath/2023-12-10/17/33/DMC66_98_100_20231210173354504.jpg', 'DmcGate14', 'DMC66'),
(769, 'jamiul', '2023-12-10 15:33:57.000000', 441, '', 1, 'Entry', '/SnapShotFilePath/2023-12-10/17/33/DMC66_99_100_20231210173357851.jpg', 'DmcGate14', 'DMC66'),
(770, 'jamiul', '2023-12-10 15:40:48.000000', 443, '', 1, 'Entry', '/SnapShotFilePath/2023-12-10/17/40/DMC66_99_100_20231210174048696.jpg', 'DmcGate14', 'DMC66'),
(771, 'jamiul', '2023-12-10 15:41:16.000000', 444, '', 1, 'Entry', '/SnapShotFilePath/2023-12-10/17/41/DMC66_99_100_20231210174116439.jpg', 'DmcGate14', 'DMC66'),
(772, 'jamiul', '2023-12-10 15:59:05.000000', 445, '', 1, 'Entry', '/SnapShotFilePath/2023-12-10/17/59/DMC66_99_100_20231210175905691.jpg', 'DmcGate14', 'DMC66'),
(773, 'Urmi Hera', '2023-12-10 16:09:41.000000', 446, '', 1, 'Entry', '/SnapShotFilePath/2023-12-10/18/09/DMC40_99_100_20231210180941608.jpg', 'DmcGate14', 'DMC40'),
(774, 'Prince', '2023-12-10 16:11:09.000000', 447, '', 1, 'Entry', '/SnapShotFilePath/2023-12-10/18/11/DMC77_95_100_20231210181109243.jpg', 'DmcGate14', 'DMC77'),
(775, 'Urmi Hera', '2023-12-10 16:16:13.000000', 450, '', 1, 'Entry', '/SnapShotFilePath/2023-12-10/18/16/DMC40_99_100_20231210181613377.jpg', 'DmcGate14', 'DMC40'),
(776, 'Azad', '2023-12-10 16:16:37.000000', 451, '', 1, 'Entry', '/SnapShotFilePath/2023-12-10/18/16/DMC75_94_100_20231210181637802.jpg', 'DmcGate14', 'DMC75'),
(777, 'Prince', '2023-12-10 16:18:20.000000', 452, '', 1, 'Entry', '/SnapShotFilePath/2023-12-10/18/18/DMC77_93_100_20231210181820117.jpg', 'DmcGate14', 'DMC77'),
(778, 'jiaur', '2023-12-10 16:20:58.000000', 453, '', 1, 'Entry', '/SnapShotFilePath/2023-12-10/18/20/DMC60_98_100_20231210182058661.jpg', 'DmcGate14', 'DMC60'),
(779, 'Azad', '2023-12-10 16:21:37.000000', 454, '', 1, 'Entry', '/SnapShotFilePath/2023-12-10/18/21/DMC75_99_100_20231210182137391.jpg', 'DmcGate14', 'DMC75'),
(780, 'Nazmul', '2023-12-10 16:25:23.000000', 455, '', 1, 'Entry', '/SnapShotFilePath/2023-12-10/18/25/DMC79_90_100_20231210182523442.jpg', 'DmcGate14', 'DMC79'),
(781, 'Mihal', '2023-12-10 16:27:14.000000', 456, '', 1, 'Entry', '/SnapShotFilePath/2023-12-10/18/27/DMC76_98_100_20231210182714694.jpg', 'DmcGate14', 'DMC76'),
(782, 'Prince', '2023-12-10 16:51:39.000000', 459, '', 1, 'Entry', '/SnapShotFilePath/2023-12-10/18/51/DMC77_99_100_20231210185139136.jpg', 'DmcGate14', 'DMC77'),
(783, 'Prince', '2023-12-10 16:51:42.000000', 460, '', 1, 'Entry', '/SnapShotFilePath/2023-12-10/18/51/DMC77_99_100_20231210185142355.jpg', 'DmcGate14', 'DMC77'),
(784, 'Prince', '2023-12-10 16:51:45.000000', 461, '', 1, 'Entry', '/SnapShotFilePath/2023-12-10/18/51/DMC77_99_100_20231210185145629.jpg', 'DmcGate14', 'DMC77'),
(785, 'Urmi Hera', '2023-12-10 16:56:22.000000', 462, '', 1, 'Entry', '/SnapShotFilePath/2023-12-10/18/56/DMC40_99_100_20231210185622998.jpg', 'DmcGate14', 'DMC40'),
(786, 'Urmi Hera', '2023-12-10 16:56:25.000000', 463, '', 1, 'Entry', '/SnapShotFilePath/2023-12-10/18/56/DMC40_99_100_20231210185625892.jpg', 'DmcGate14', 'DMC40'),
(787, 'jiaur', '2023-12-10 17:01:36.000000', 464, '', 1, 'Entry', '/SnapShotFilePath/2023-12-10/19/01/DMC60_99_100_20231210190136909.jpg', 'DmcGate14', 'DMC60'),
(788, 'jiaur', '2023-12-10 17:05:19.000000', 465, '', 1, 'Entry', '/SnapShotFilePath/2023-12-10/19/05/DMC60_99_100_20231210190519553.jpg', 'DmcGate14', 'DMC60'),
(789, 'Prince', '2023-12-10 17:05:23.000000', 466, '', 1, 'Entry', '/SnapShotFilePath/2023-12-10/19/05/DMC77_99_100_20231210190523524.jpg', 'DmcGate14', 'DMC77'),
(790, 'Prince', '2023-12-10 17:05:27.000000', 467, '', 1, 'Entry', '/SnapShotFilePath/2023-12-10/19/05/DMC77_99_100_20231210190527174.jpg', 'DmcGate14', 'DMC77'),
(791, 'Prince', '2023-12-10 17:05:33.000000', 469, '', 1, 'Entry', '/SnapShotFilePath/2023-12-10/19/05/DMC77_99_100_20231210190533764.jpg', 'DmcGate14', 'DMC77'),
(792, 'Prince', '2023-12-10 17:05:36.000000', 470, '', 1, 'Entry', '/SnapShotFilePath/2023-12-10/19/05/DMC77_99_100_20231210190536892.jpg', 'DmcGate14', 'DMC77'),
(793, 'Prince', '2023-12-10 17:07:15.000000', 471, '', 1, 'Entry', '/SnapShotFilePath/2023-12-10/19/07/DMC77_99_100_20231210190715580.jpg', 'DmcGate14', 'DMC77'),
(794, 'Nazmul', '2023-12-10 17:17:31.000000', 480, '', 1, 'Entry', '/SnapShotFilePath/2023-12-10/19/17/DMC79_87_100_20231210191732002.jpg', 'DmcGate14', 'DMC79'),
(795, 'Urmi Hera', '2023-12-10 17:23:59.000000', 485, '', 1, 'Entry', '/SnapShotFilePath/2023-12-10/19/23/DMC40_99_100_20231210192359907.jpg', 'DmcGate14', 'DMC40'),
(796, 'MAMUN', '2023-12-10 17:25:00.000000', 486, '', 1, 'Entry', '/SnapShotFilePath/2023-12-10/19/25/DMC69_94_100_20231210192500950.jpg', 'DmcGate14', 'DMC69'),
(797, 'Mihal', '2023-12-10 17:25:29.000000', 487, '', 1, 'Entry', '/SnapShotFilePath/2023-12-10/19/25/DMC76_91_100_20231210192529593.jpg', 'DmcGate14', 'DMC76'),
(798, 'Azad', '2023-12-10 17:25:37.000000', 488, '', 1, 'Entry', '/SnapShotFilePath/2023-12-10/19/25/DMC75_88_100_20231210192537644.jpg', 'DmcGate14', 'DMC75'),
(799, 'Nazmul', '2023-12-10 17:26:03.000000', 489, '', 1, 'Entry', '/SnapShotFilePath/2023-12-10/19/26/DMC79_97_100_20231210192603359.jpg', 'DmcGate14', 'DMC79'),
(800, 'Nazmul', '2023-12-10 17:26:06.000000', 490, '', 1, 'Entry', '/SnapShotFilePath/2023-12-10/19/26/DMC79_99_100_20231210192606419.jpg', 'DmcGate14', 'DMC79'),
(801, 'Prince', '2023-12-10 17:32:19.000000', 492, '', 1, 'Entry', '/SnapShotFilePath/2023-12-10/19/32/DMC77_99_100_20231210193219583.jpg', 'DmcGate14', 'DMC77'),
(802, 'Prince', '2023-12-10 17:32:24.000000', 493, '', 1, 'Entry', '/SnapShotFilePath/2023-12-10/19/32/DMC77_89_100_20231210193224124.jpg', 'DmcGate14', 'DMC77'),
(803, 'Prince', '2023-12-10 17:34:13.000000', 494, '', 1, 'Entry', '/SnapShotFilePath/2023-12-10/19/34/DMC77_94_100_20231210193413110.jpg', 'DmcGate14', 'DMC77'),
(804, 'Prince', '2023-12-10 17:34:20.000000', 495, '', 1, 'Entry', '/SnapShotFilePath/2023-12-10/19/34/DMC77_92_100_20231210193420976.jpg', 'DmcGate14', 'DMC77'),
(805, 'Prince', '2023-12-10 17:34:25.000000', 496, '', 1, 'Entry', '/SnapShotFilePath/2023-12-10/19/34/DMC77_99_100_20231210193425495.jpg', 'DmcGate14', 'DMC77'),
(806, 'Prince', '2023-12-10 17:34:35.000000', 497, '', 1, 'Entry', '/SnapShotFilePath/2023-12-10/19/34/DMC77_92_100_20231210193435786.jpg', 'DmcGate14', 'DMC77'),
(807, 'Prince', '2023-12-10 17:34:50.000000', 498, '', 1, 'Entry', '/SnapShotFilePath/2023-12-10/19/34/DMC77_99_100_20231210193450502.jpg', 'DmcGate14', 'DMC77'),
(808, 'Prince', '2023-12-10 17:35:31.000000', 500, '', 1, 'Entry', '/SnapShotFilePath/2023-12-10/19/35/DMC77_99_100_20231210193531239.jpg', 'DmcGate14', 'DMC77'),
(809, 'Urmi Hera', '2023-12-10 17:36:55.000000', 501, '', 1, 'Entry', '/SnapShotFilePath/2023-12-10/19/36/DMC40_85_100_20231210193655465.jpg', 'DmcGate14', 'DMC40'),
(810, 'Nazmul', '2023-12-10 17:45:29.000000', 504, '', 1, 'Entry', '/SnapShotFilePath/2023-12-10/19/45/DMC79_98_100_20231210194529476.jpg', 'DmcGate14', 'DMC79');
INSERT INTO `log_log` (`r_clsf_record_id`, `CardName`, `InTime`, `RecNo`, `RoomNumber`, `Status`, `Type`, `image_url`, `device_id_id`, `employee_id_id`) VALUES
(811, 'MAMUN', '2023-12-10 18:02:22.000000', 505, '', 1, 'Entry', '/SnapShotFilePath/2023-12-10/20/02/DMC69_99_100_20231210200222607.jpg', 'DmcGate14', 'DMC69'),
(812, 'jamiul', '2023-12-10 18:04:27.000000', 506, '', 1, 'Entry', '/SnapShotFilePath/2023-12-10/20/04/DMC66_95_100_20231210200427980.jpg', 'DmcGate14', 'DMC66'),
(813, 'Azad', '2023-12-10 18:04:40.000000', 507, '', 1, 'Entry', '/SnapShotFilePath/2023-12-10/20/04/DMC75_96_100_20231210200440471.jpg', 'DmcGate14', 'DMC75'),
(814, 'Mihal', '2023-12-10 18:09:44.000000', 508, '', 1, 'Entry', '/SnapShotFilePath/2023-12-10/20/09/DMC76_93_100_20231210200944938.jpg', 'DmcGate14', 'DMC76'),
(815, 'Azad', '2023-12-10 18:12:45.000000', 509, '', 1, 'Entry', '/SnapShotFilePath/2023-12-10/20/12/DMC75_93_100_20231210201245012.jpg', 'DmcGate14', 'DMC75'),
(816, 'Mihal', '2023-12-10 18:12:47.000000', 510, '', 1, 'Entry', '/SnapShotFilePath/2023-12-10/20/12/DMC76_98_100_20231210201247918.jpg', 'DmcGate14', 'DMC76'),
(817, 'Urmi Hera', '2023-12-10 18:23:28.000000', 511, '', 1, 'Entry', '/SnapShotFilePath/2023-12-10/20/23/DMC40_96_100_20231210202328803.jpg', 'DmcGate14', 'DMC40'),
(818, 'Mihal', '2023-12-10 18:24:26.000000', 512, '', 1, 'Entry', '/SnapShotFilePath/2023-12-10/20/24/DMC76_92_100_20231210202426035.jpg', 'DmcGate14', 'DMC76'),
(819, 'Mihal', '2023-12-10 18:26:27.000000', 513, '', 1, 'Entry', '/SnapShotFilePath/2023-12-10/20/26/DMC76_99_100_20231210202627721.jpg', 'DmcGate14', 'DMC76'),
(820, 'Nazmul', '2023-12-10 18:28:23.000000', 514, '', 1, 'Entry', '/SnapShotFilePath/2023-12-10/20/28/DMC79_95_100_20231210202823112.jpg', 'DmcGate14', 'DMC79'),
(821, 'Urmi Hera', '2023-12-10 18:40:00.000000', 515, '', 1, 'Entry', '/SnapShotFilePath/2023-12-10/20/40/DMC40_97_100_20231210204000047.jpg', 'DmcGate1', 'DMC40'),
(822, 'Azad', '2023-12-11 08:41:30.000000', 572, '', 1, 'Entry', '/SnapShotFilePath/2023-12-11/10/41/DMC75_99_100_20231211104130226.jpg', 'DmcGate14', 'DMC75'),
(823, 'Azad', '2023-12-11 08:42:51.000000', 573, '', 1, 'Entry', '/SnapShotFilePath/2023-12-11/10/42/DMC75_99_100_20231211104251454.jpg', 'DmcGate14', 'DMC75'),
(824, 'jiaur', '2023-12-11 08:55:40.000000', 574, '', 1, 'Entry', '/SnapShotFilePath/2023-12-11/10/55/DMC60_98_100_20231211105540711.jpg', 'DmcGate14', 'DMC60'),
(825, 'Azad', '2023-12-11 09:04:15.000000', 575, '', 1, 'Entry', '/SnapShotFilePath/2023-12-11/11/04/DMC75_99_100_20231211110415914.jpg', 'DmcGate14', 'DMC75'),
(826, 'NAYEMURRAHMAN', '2023-12-11 09:14:22.000000', 576, '', 1, 'Entry', '/SnapShotFilePath/2023-12-11/11/14/DMC70_98_100_20231211111422481.jpg', 'DmcGate14', 'DMC70'),
(827, 'Prince', '2023-12-11 09:14:29.000000', 577, '', 1, 'Entry', '/SnapShotFilePath/2023-12-11/11/14/DMC77_99_100_20231211111429463.jpg', 'DmcGate14', 'DMC77'),
(828, 'Prince', '2023-12-11 09:15:50.000000', 578, '', 1, 'Entry', '/SnapShotFilePath/2023-12-11/11/15/DMC77_99_100_20231211111550650.jpg', 'DmcGate14', 'DMC77'),
(829, 'Mihal', '2023-12-11 09:21:41.000000', 580, '', 1, 'Entry', '/SnapShotFilePath/2023-12-11/11/21/DMC76_99_100_20231211112141125.jpg', 'DmcGate14', 'DMC76'),
(830, 'Prince', '2023-12-11 09:52:40.000000', 581, '', 1, 'Entry', '/SnapShotFilePath/2023-12-11/11/52/DMC77_88_100_20231211115240045.jpg', 'DmcGate14', 'DMC77'),
(831, 'Prince', '2023-12-11 10:01:04.000000', 582, '', 1, 'Entry', '/SnapShotFilePath/2023-12-11/12/01/DMC77_92_100_20231211120104414.jpg', 'DmcGate14', 'DMC77'),
(832, 'jiaur', '2023-12-11 10:07:33.000000', 583, '', 1, 'Entry', '/SnapShotFilePath/2023-12-11/12/07/DMC60_99_100_20231211120733213.jpg', 'DmcGate14', 'DMC60'),
(833, 'Azad', '2023-12-11 10:14:37.000000', 584, '', 1, 'Entry', '/SnapShotFilePath/2023-12-11/12/14/DMC75_99_100_20231211121437350.jpg', 'DmcGate14', 'DMC75'),
(834, 'Azad', '2023-12-11 10:23:59.000000', 585, '', 1, 'Entry', '/SnapShotFilePath/2023-12-11/12/23/DMC75_98_100_20231211122359739.jpg', 'DmcGate14', 'DMC75'),
(835, 'Azad', '2023-12-11 10:25:11.000000', 586, '', 1, 'Entry', '/SnapShotFilePath/2023-12-11/12/25/DMC75_85_100_20231211122511390.jpg', 'DmcGate1', 'DMC75'),
(836, 'Nazmul', '2023-12-11 10:27:06.000000', 587, '', 1, 'Entry', '/SnapShotFilePath/2023-12-11/12/27/DMC79_99_100_20231211122706139.jpg', 'DmcGate14', 'DMC79'),
(837, 'Mihal', '2023-12-11 10:41:57.000000', 588, '', 1, 'Entry', '/SnapShotFilePath/2023-12-11/12/41/DMC76_99_100_20231211124157195.jpg', 'DmcGate14', 'DMC76'),
(838, 'Mihal', '2023-12-11 11:15:43.000000', 591, '', 1, 'Entry', '/SnapShotFilePath/2023-12-11/13/15/DMC76_99_100_20231211131543971.jpg', 'DmcGate14', 'DMC76'),
(839, 'MAMUN', '2023-12-11 11:27:20.000000', 592, '', 1, 'Entry', '/SnapShotFilePath/2023-12-11/13/27/DMC69_93_100_20231211132720599.jpg', 'DmcGate14', 'DMC69'),
(840, 'Urmi Hera', '2023-12-11 11:27:43.000000', 594, '', 1, 'Entry', '/SnapShotFilePath/2023-12-11/13/27/DMC40_96_100_20231211132743594.jpg', 'DmcGate14', 'DMC40'),
(841, 'Urmi Hera', '2023-12-11 11:28:30.000000', 595, '', 1, 'Entry', '/SnapShotFilePath/2023-12-11/13/28/DMC40_92_100_20231211132830255.jpg', 'DmcGate14', 'DMC40'),
(842, 'Urmi Hera', '2023-12-11 11:30:06.000000', 596, '', 1, 'Entry', '/SnapShotFilePath/2023-12-11/13/30/DMC40_87_100_20231211133006111.jpg', 'DmcGate14', 'DMC40'),
(843, 'Urmi Hera', '2023-12-11 11:30:46.000000', 597, '', 1, 'Entry', '/SnapShotFilePath/2023-12-11/13/30/DMC40_97_100_20231211133046009.jpg', 'DmcGate14', 'DMC40'),
(844, 'Azad', '2023-12-11 11:34:20.000000', 598, '', 1, 'Entry', '/SnapShotFilePath/2023-12-11/13/34/DMC75_95_100_20231211133420380.jpg', 'DmcGate14', 'DMC75'),
(845, 'NAYEMURRAHMAN', '2023-12-11 12:10:15.000000', 599, '', 1, 'Entry', '/SnapShotFilePath/2023-12-11/14/10/DMC70_99_100_20231211141015195.jpg', 'DmcGate14', 'DMC70'),
(846, 'NAYEMURRAHMAN', '2023-12-11 12:10:20.000000', 600, '', 1, 'Entry', '/SnapShotFilePath/2023-12-11/14/10/DMC70_99_100_20231211141020650.jpg', 'DmcGate14', 'DMC70'),
(847, 'Prince', '2023-12-11 12:20:17.000000', 601, '', 1, 'Entry', '/SnapShotFilePath/2023-12-11/14/20/DMC77_94_100_20231211142017331.jpg', 'DmcGate14', 'DMC77'),
(848, 'Urmi Hera', '2023-12-11 13:02:57.000000', 602, '', 1, 'Entry', '/SnapShotFilePath/2023-12-11/15/02/DMC40_94_100_20231211150257010.jpg', 'DmcGate14', 'DMC40'),
(849, 'Urmi Hera', '2023-12-11 13:03:39.000000', 603, '', 1, 'Entry', '/SnapShotFilePath/2023-12-11/15/03/DMC40_99_100_20231211150339753.jpg', 'DmcGate14', 'DMC40'),
(850, 'Urmi Hera', '2023-12-11 13:04:07.000000', 604, '', 1, 'Entry', '/SnapShotFilePath/2023-12-11/15/04/DMC40_90_100_20231211150407209.jpg', 'DmcGate14', 'DMC40'),
(851, 'MAMUN', '2023-12-11 13:31:33.000000', 605, '', 1, 'Entry', '/SnapShotFilePath/2023-12-11/15/31/DMC69_99_100_20231211153133071.jpg', 'DmcGate14', 'DMC69'),
(852, 'MAMUN', '2023-12-11 13:31:41.000000', 606, '', 1, 'Entry', '/SnapShotFilePath/2023-12-11/15/31/DMC69_85_100_20231211153141128.jpg', 'DmcGate14', 'DMC69'),
(853, 'MAMUN', '2023-12-11 13:37:14.000000', 607, '', 1, 'Entry', '/SnapShotFilePath/2023-12-11/15/37/DMC69_99_100_20231211153714120.jpg', 'DmcGate14', 'DMC69'),
(854, 'MAMUN', '2023-12-11 13:37:19.000000', 608, '', 1, 'Entry', '/SnapShotFilePath/2023-12-11/15/37/DMC69_99_100_20231211153719637.jpg', 'DmcGate14', 'DMC69'),
(855, 'MAMUN', '2023-12-11 13:37:22.000000', 609, '', 1, 'Entry', '/SnapShotFilePath/2023-12-11/15/37/DMC69_99_100_20231211153722721.jpg', 'DmcGate14', 'DMC69'),
(856, 'MAMUN', '2023-12-11 13:37:26.000000', 610, '', 1, 'Entry', '/SnapShotFilePath/2023-12-11/15/37/DMC69_87_100_20231211153726800.jpg', 'DmcGate14', 'DMC69'),
(857, 'NAYEMURRAHMAN', '2023-12-11 13:42:43.000000', 611, '', 1, 'Entry', '/SnapShotFilePath/2023-12-11/15/42/DMC70_99_100_20231211154243212.jpg', 'DmcGate14', 'DMC70'),
(858, 'MAMUN', '2023-12-11 13:43:55.000000', 613, '', 1, 'Entry', '/SnapShotFilePath/2023-12-11/15/43/DMC69_93_100_20231211154355972.jpg', 'DmcGate14', 'DMC69'),
(859, 'Mirazuddin', '2023-12-11 13:44:10.000000', 614, '', 1, 'Entry', '/SnapShotFilePath/2023-12-11/15/44/DMC74_99_100_20231211154410078.jpg', 'DmcGate14', 'DMC74'),
(860, 'Mihal', '2023-12-11 13:49:50.000000', 615, '', 1, 'Entry', '/SnapShotFilePath/2023-12-11/15/49/DMC76_99_100_20231211154950001.jpg', 'DmcGate14', 'DMC76'),
(861, 'Urmi Hera', '2023-12-11 14:13:53.000000', 616, '', 1, 'Entry', '/SnapShotFilePath/2023-12-11/16/13/DMC40_99_100_20231211161353536.jpg', 'DmcGate14', 'DMC40'),
(862, 'Azad', '2023-12-11 14:22:47.000000', 618, '', 1, 'Entry', '/SnapShotFilePath/2023-12-11/16/22/DMC75_99_100_20231211162247111.jpg', 'DmcGate14', 'DMC75'),
(863, 'Nazmul', '2023-12-11 14:23:00.000000', 619, '', 1, 'Entry', '/SnapShotFilePath/2023-12-11/16/23/DMC79_92_100_20231211162300926.jpg', 'DmcGate14', 'DMC79'),
(864, 'Prince', '2023-12-11 14:35:08.000000', 620, '', 1, 'Entry', '/SnapShotFilePath/2023-12-11/16/35/DMC77_99_100_20231211163508093.jpg', 'DmcGate14', 'DMC77'),
(865, 'Mihal', '2023-12-11 14:47:20.000000', 621, '', 1, 'Entry', '/SnapShotFilePath/2023-12-11/16/47/DMC76_99_100_20231211164720562.jpg', 'DmcGate14', 'DMC76'),
(866, 'MAMUN', '2023-12-11 14:57:16.000000', 622, '', 1, 'Entry', '/SnapShotFilePath/2023-12-11/16/57/DMC69_99_100_20231211165716267.jpg', 'DmcGate14', 'DMC69'),
(867, 'MAMUN', '2023-12-11 14:58:36.000000', 623, '', 1, 'Entry', '/SnapShotFilePath/2023-12-11/16/58/DMC69_99_100_20231211165836163.jpg', 'DmcGate14', 'DMC69'),
(868, 'Mihal', '2023-12-11 15:04:41.000000', 624, '', 1, 'Entry', '/SnapShotFilePath/2023-12-11/17/04/DMC76_96_100_20231211170441929.jpg', 'DmcGate14', 'DMC76'),
(869, 'Prince', '2023-12-11 15:16:17.000000', 625, '', 1, 'Entry', '/SnapShotFilePath/2023-12-11/17/16/DMC77_98_100_20231211171617816.jpg', 'DmcGate14', 'DMC77'),
(870, 'Prince', '2023-12-11 15:16:33.000000', 626, '', 1, 'Entry', '/SnapShotFilePath/2023-12-11/17/16/DMC77_99_100_20231211171633640.jpg', 'DmcGate14', 'DMC77'),
(871, 'jiaur', '2023-12-12 08:37:00.000000', 797, '', 1, 'Entry', '/SnapShotFilePath/2023-12-12/10/37/DMC60_95_100_20231212103700883.jpg', 'DmcGate14', 'DMC60'),
(872, 'jiaur', '2023-12-12 08:37:04.000000', 798, '', 1, 'Entry', '/SnapShotFilePath/2023-12-12/10/37/DMC60_88_100_20231212103704130.jpg', 'DmcGate14', 'DMC60'),
(873, 'jiaur', '2023-12-12 08:37:07.000000', 799, '', 1, 'Entry', '/SnapShotFilePath/2023-12-12/10/37/DMC60_99_100_20231212103707550.jpg', 'DmcGate14', 'DMC60'),
(874, 'jiaur', '2023-12-12 08:37:10.000000', 800, '', 1, 'Entry', '/SnapShotFilePath/2023-12-12/10/37/DMC60_99_100_20231212103710401.jpg', 'DmcGate14', 'DMC60'),
(875, 'jiaur', '2023-12-12 08:37:13.000000', 801, '', 1, 'Entry', '/SnapShotFilePath/2023-12-12/10/37/DMC60_99_100_20231212103713517.jpg', 'DmcGate14', 'DMC60'),
(876, 'jiaur', '2023-12-12 08:37:16.000000', 802, '', 1, 'Entry', '/SnapShotFilePath/2023-12-12/10/37/DMC60_99_100_20231212103716559.jpg', 'DmcGate14', 'DMC60'),
(877, 'jiaur', '2023-12-12 08:37:19.000000', 804, '', 1, 'Entry', '/SnapShotFilePath/2023-12-12/10/37/DMC60_92_100_20231212103719979.jpg', 'DmcGate14', 'DMC60'),
(878, 'jiaur', '2023-12-12 08:37:23.000000', 806, '', 1, 'Entry', '/SnapShotFilePath/2023-12-12/10/37/DMC60_97_100_20231212103723240.jpg', 'DmcGate14', 'DMC60'),
(879, 'jiaur', '2023-12-12 08:37:26.000000', 808, '', 1, 'Entry', '/SnapShotFilePath/2023-12-12/10/37/DMC60_99_100_20231212103726850.jpg', 'DmcGate14', 'DMC60'),
(880, 'jiaur', '2023-12-12 08:37:29.000000', 809, '', 1, 'Entry', '/SnapShotFilePath/2023-12-12/10/37/DMC60_99_100_20231212103729920.jpg', 'DmcGate14', 'DMC60'),
(881, 'jiaur', '2023-12-12 08:37:33.000000', 810, '', 1, 'Entry', '/SnapShotFilePath/2023-12-12/10/37/DMC60_99_100_20231212103733080.jpg', 'DmcGate14', 'DMC60'),
(882, 'jiaur', '2023-12-12 08:37:36.000000', 811, '', 1, 'Entry', '/SnapShotFilePath/2023-12-12/10/37/DMC60_99_100_20231212103736254.jpg', 'DmcGate14', 'DMC60'),
(883, 'jiaur', '2023-12-12 08:37:39.000000', 812, '', 1, 'Entry', '/SnapShotFilePath/2023-12-12/10/37/DMC60_99_100_20231212103739395.jpg', 'DmcGate14', 'DMC60'),
(884, 'jiaur', '2023-12-12 08:37:42.000000', 813, '', 1, 'Entry', '/SnapShotFilePath/2023-12-12/10/37/DMC60_99_100_20231212103742569.jpg', 'DmcGate14', 'DMC60'),
(885, 'jiaur', '2023-12-12 08:37:48.000000', 814, '', 1, 'Entry', '/SnapShotFilePath/2023-12-12/10/37/DMC60_99_100_20231212103748913.jpg', 'DmcGate14', 'DMC60'),
(886, 'jiaur', '2023-12-12 08:37:52.000000', 815, '', 1, 'Entry', '/SnapShotFilePath/2023-12-12/10/37/DMC60_99_100_20231212103752144.jpg', 'DmcGate14', 'DMC60'),
(887, 'jiaur', '2023-12-12 08:37:55.000000', 816, '', 1, 'Entry', '/SnapShotFilePath/2023-12-12/10/37/DMC60_99_100_20231212103755290.jpg', 'DmcGate14', 'DMC60'),
(888, 'jiaur', '2023-12-12 08:37:59.000000', 817, '', 1, 'Entry', '/SnapShotFilePath/2023-12-12/10/37/DMC60_99_100_20231212103759771.jpg', 'DmcGate14', 'DMC60'),
(889, 'jiaur', '2023-12-12 08:38:00.000000', 818, '', 1, 'Entry', '/SnapShotFilePath/2023-12-12/10/38/DMC60_99_100_20231212103800498.jpg', 'DmcGate14', 'DMC60'),
(890, 'Azad', '2023-12-12 08:58:06.000000', 821, '', 1, 'Entry', '/SnapShotFilePath/2023-12-12/10/58/DMC75_98_100_20231212105806114.jpg', 'DmcGate14', 'DMC75'),
(891, 'Urmi Hera', '2023-12-12 09:04:03.000000', 823, '', 1, 'Entry', '/SnapShotFilePath/2023-12-12/11/04/DMC40_98_100_20231212110403881.jpg', 'DmcGate14', 'DMC40'),
(892, 'MAMUN', '2023-12-12 09:04:06.000000', 824, '', 1, 'Entry', '/SnapShotFilePath/2023-12-12/11/04/DMC69_92_100_20231212110406489.jpg', 'DmcGate14', 'DMC69'),
(893, 'Mihal', '2023-12-12 09:05:16.000000', 825, '', 1, 'Entry', '/SnapShotFilePath/2023-12-12/11/05/DMC76_85_100_20231212110516394.jpg', 'DmcGate14', 'DMC76'),
(894, 'Urmi Hera', '2023-12-12 09:05:51.000000', 826, '', 1, 'Entry', '/SnapShotFilePath/2023-12-12/11/05/DMC40_94_100_20231212110551283.jpg', 'DmcGate14', 'DMC40'),
(895, 'Mihal', '2023-12-12 09:06:18.000000', 827, '', 1, 'Entry', '/SnapShotFilePath/2023-12-12/11/06/DMC76_89_100_20231212110618601.jpg', 'DmcGate14', 'DMC76'),
(896, 'Urmi Hera', '2023-12-12 09:18:38.000000', 828, '', 1, 'Entry', '/SnapShotFilePath/2023-12-12/11/18/DMC40_99_100_20231212111838294.jpg', 'DmcGate14', 'DMC40'),
(897, 'MAMUN', '2023-12-12 09:54:44.000000', 829, '', 1, 'Entry', '/SnapShotFilePath/2023-12-12/11/54/DMC69_89_100_20231212115444747.jpg', 'DmcGate14', 'DMC69'),
(898, 'MAMUN', '2023-12-12 10:33:15.000000', 831, '', 1, 'Entry', '/SnapShotFilePath/2023-12-12/12/33/DMC69_98_100_20231212123315527.jpg', 'DmcGate14', 'DMC69'),
(899, 'MAMUN', '2023-12-12 10:35:34.000000', 832, '', 1, 'Entry', '/SnapShotFilePath/2023-12-12/12/35/DMC69_98_100_20231212123534286.jpg', 'DmcGate14', 'DMC69'),
(900, 'Nazmul', '2023-12-12 10:36:05.000000', 833, '', 1, 'Entry', '/SnapShotFilePath/2023-12-12/12/36/DMC79_92_100_20231212123605420.jpg', 'DmcGate14', 'DMC79'),
(901, 'Nazmul', '2023-12-12 10:37:08.000000', 834, '', 1, 'Entry', '/SnapShotFilePath/2023-12-12/12/37/DMC79_87_100_20231212123708515.jpg', 'DmcGate14', 'DMC79'),
(902, 'jiaur', '2023-12-12 10:37:09.000000', 835, '', 1, 'Entry', '/SnapShotFilePath/2023-12-12/12/37/DMC60_99_100_20231212123709359.jpg', 'DmcGate14', 'DMC60'),
(903, 'MAMUN', '2023-12-12 10:37:12.000000', 836, '', 1, 'Entry', '/SnapShotFilePath/2023-12-12/12/37/DMC69_94_100_20231212123712257.jpg', 'DmcGate14', 'DMC69'),
(904, 'Prince', '2023-12-12 10:55:33.000000', 839, '', 1, 'Entry', '/SnapShotFilePath/2023-12-12/12/55/DMC77_92_100_20231212125533085.jpg', 'DmcGate14', 'DMC77'),
(905, 'Prince', '2023-12-12 11:05:03.000000', 840, '', 1, 'Entry', '/SnapShotFilePath/2023-12-12/13/05/DMC77_93_100_20231212130503908.jpg', 'DmcGate14', 'DMC77'),
(906, 'Prince', '2023-12-12 11:05:06.000000', 841, '', 1, 'Entry', '/SnapShotFilePath/2023-12-12/13/05/DMC77_85_100_20231212130506866.jpg', 'DmcGate14', 'DMC77'),
(907, 'Prince', '2023-12-12 11:05:18.000000', 842, '', 1, 'Entry', '/SnapShotFilePath/2023-12-12/13/05/DMC77_89_100_20231212130518758.jpg', 'DmcGate14', 'DMC77'),
(908, 'Mihal', '2023-12-12 11:08:46.000000', 843, '', 1, 'Entry', '/SnapShotFilePath/2023-12-12/13/08/DMC76_94_100_20231212130846320.jpg', 'DmcGate14', 'DMC76'),
(909, 'Prince', '2023-12-12 11:09:25.000000', 844, '', 1, 'Entry', '/SnapShotFilePath/2023-12-12/13/09/DMC77_88_100_20231212130925168.jpg', 'DmcGate14', 'DMC77'),
(910, 'Prince', '2023-12-12 11:12:02.000000', 846, '', 1, 'Entry', '/SnapShotFilePath/2023-12-12/13/12/DMC77_99_100_20231212131202390.jpg', 'DmcGate14', 'DMC77'),
(911, 'Prince', '2023-12-12 11:12:02.000000', 846, '', 1, 'Entry', '/SnapShotFilePath/2023-12-12/13/12/DMC77_99_100_20231212131202390.jpg', 'DmcGate14', 'DMC77'),
(912, 'Prince', '2023-12-12 11:18:37.000000', 847, '', 1, 'Entry', '/SnapShotFilePath/2023-12-12/13/18/DMC77_98_100_20231212131837369.jpg', 'DmcGate14', 'DMC77'),
(913, 'Prince', '2023-12-12 11:18:45.000000', 848, '', 1, 'Entry', '/SnapShotFilePath/2023-12-12/13/18/DMC77_86_100_20231212131845361.jpg', 'DmcGate14', 'DMC77'),
(914, 'Prince', '2023-12-12 11:18:50.000000', 849, '', 1, 'Entry', '/SnapShotFilePath/2023-12-12/13/18/DMC77_88_100_20231212131850528.jpg', 'DmcGate14', 'DMC77'),
(915, 'Prince', '2023-12-12 11:19:06.000000', 850, '', 1, 'Entry', '/SnapShotFilePath/2023-12-12/13/19/DMC77_93_100_20231212131906346.jpg', 'DmcGate14', 'DMC77'),
(916, 'Prince', '2023-12-12 11:19:27.000000', 851, '', 1, 'Entry', '/SnapShotFilePath/2023-12-12/13/19/DMC77_99_100_20231212131927466.jpg', 'DmcGate14', 'DMC77'),
(917, 'Prince', '2023-12-12 11:20:20.000000', 852, '', 1, 'Entry', '/SnapShotFilePath/2023-12-12/13/20/DMC77_94_100_20231212132020546.jpg', 'DmcGate14', 'DMC77'),
(918, 'MAMUN', '2023-12-12 11:23:46.000000', 853, '', 1, 'Entry', '/SnapShotFilePath/2023-12-12/13/23/DMC69_99_100_20231212132346553.jpg', 'DmcGate14', 'DMC69'),
(919, 'Prince', '2023-12-12 11:24:17.000000', 854, '', 1, 'Entry', '/SnapShotFilePath/2023-12-12/13/24/DMC77_98_100_20231212132417892.jpg', 'DmcGate14', 'DMC77'),
(920, 'jiaur', '2023-12-12 11:24:19.000000', 855, '', 1, 'Entry', '/SnapShotFilePath/2023-12-12/13/24/DMC60_99_100_20231212132419158.jpg', 'DmcGate14', 'DMC60'),
(921, 'Prince', '2023-12-12 11:24:30.000000', 856, '', 1, 'Entry', '/SnapShotFilePath/2023-12-12/13/24/DMC77_88_100_20231212132430406.jpg', 'DmcGate14', 'DMC77'),
(922, 'Prince', '2023-12-12 11:26:00.000000', 857, '', 1, 'Entry', '/SnapShotFilePath/2023-12-12/13/26/DMC77_99_100_20231212132600671.jpg', 'DmcGate14', 'DMC77'),
(923, 'Mihal', '2023-12-12 11:28:43.000000', 858, '', 1, 'Entry', '/SnapShotFilePath/2023-12-12/13/28/DMC76_95_100_20231212132843076.jpg', 'DmcGate14', 'DMC76'),
(924, 'Azad', '2023-12-12 11:34:54.000000', 860, '', 1, 'Entry', '/SnapShotFilePath/2023-12-12/13/34/DMC75_99_100_20231212133454857.jpg', 'DmcGate14', 'DMC75'),
(925, 'Prince', '2023-12-12 11:36:31.000000', 861, '', 1, 'Entry', '/SnapShotFilePath/2023-12-12/13/36/DMC77_89_100_20231212133631791.jpg', 'DmcGate14', 'DMC77'),
(926, 'Prince', '2023-12-12 11:37:41.000000', 862, '', 1, 'Entry', '/SnapShotFilePath/2023-12-12/13/37/DMC77_95_100_20231212133741623.jpg', 'DmcGate14', 'DMC77'),
(927, 'Prince', '2023-12-12 11:37:45.000000', 864, '', 1, 'Entry', '/SnapShotFilePath/2023-12-12/13/37/DMC77_90_100_20231212133745599.jpg', 'DmcGate14', 'DMC77'),
(928, 'Prince', '2023-12-12 11:37:49.000000', 866, '', 1, 'Entry', '/SnapShotFilePath/2023-12-12/13/37/DMC77_94_100_20231212133749192.jpg', 'DmcGate14', 'DMC77'),
(929, 'Azad', '2023-12-12 11:39:10.000000', 867, '', 1, 'Entry', '/SnapShotFilePath/2023-12-12/13/39/DMC75_99_100_20231212133910420.jpg', 'DmcGate14', 'DMC75'),
(930, 'Azad', '2023-12-12 11:39:10.000000', 867, '', 1, 'Entry', '/SnapShotFilePath/2023-12-12/13/39/DMC75_99_100_20231212133910420.jpg', 'DmcGate14', 'DMC75'),
(931, 'Azad', '2023-12-12 11:39:10.000000', 868, '', 1, 'Entry', '/SnapShotFilePath/2023-12-12/13/39/DMC75_99_100_20231212133910990.jpg', 'DmcGate14', 'DMC75'),
(932, 'Prince', '2023-12-12 11:40:00.000000', 869, '', 1, 'Entry', '/SnapShotFilePath/2023-12-12/13/40/DMC77_93_100_20231212134000327.jpg', 'DmcGate14', 'DMC77'),
(933, 'Prince', '2023-12-12 11:41:22.000000', 870, '', 1, 'Entry', '/SnapShotFilePath/2023-12-12/13/41/DMC77_99_100_20231212134122185.jpg', 'DmcGate14', 'DMC77'),
(934, 'Prince', '2023-12-12 11:43:03.000000', 871, '', 1, 'Entry', '/SnapShotFilePath/2023-12-12/13/43/DMC77_94_100_20231212134303759.jpg', 'DmcGate14', 'DMC77'),
(935, 'Urmi Hera', '2023-12-12 11:45:51.000000', 873, '', 1, 'Entry', '/SnapShotFilePath/2023-12-12/13/45/DMC40_99_100_20231212134551808.jpg', 'DmcGate14', 'DMC40'),
(936, 'Urmi Hera', '2023-12-12 11:45:51.000000', 873, '', 1, 'Entry', '/SnapShotFilePath/2023-12-12/13/45/DMC40_99_100_20231212134551808.jpg', 'DmcGate14', 'DMC40'),
(937, 'MOSHARRAF HOSEN', '2023-12-12 11:47:10.000000', 874, '', 1, 'Entry', '/SnapShotFilePath/2023-12-12/13/47/DMC107_99_100_20231212134710156.jpg', 'DmcGate14', 'DMC107'),
(938, 'MOSHARRAF HOSEN', '2023-12-12 11:47:10.000000', 874, '', 1, 'Entry', '/SnapShotFilePath/2023-12-12/13/47/DMC107_99_100_20231212134710156.jpg', 'DmcGate14', 'DMC107'),
(939, 'Prince', '2023-12-12 11:47:44.000000', 875, '', 1, 'Entry', '/SnapShotFilePath/2023-12-12/13/47/DMC77_94_100_20231212134744040.jpg', 'DmcGate14', 'DMC77'),
(940, 'Urmi Hera', '2023-12-12 11:50:51.000000', 876, '', 1, 'Entry', '/SnapShotFilePath/2023-12-12/13/50/DMC40_90_100_20231212135051153.jpg', 'DmcGate14', 'DMC40'),
(941, 'Prince', '2023-12-12 11:51:04.000000', 877, '', 1, 'Entry', '/SnapShotFilePath/2023-12-12/13/51/DMC77_93_100_20231212135104530.jpg', 'DmcGate14', 'DMC77'),
(942, 'MAMUN', '2023-12-12 11:57:25.000000', 878, '', 1, 'Entry', '/SnapShotFilePath/2023-12-12/13/57/DMC69_90_100_20231212135725397.jpg', 'DmcGate14', 'DMC69'),
(943, 'MAMUN', '2023-12-12 11:57:29.000000', 879, '', 1, 'Entry', '/SnapShotFilePath/2023-12-12/13/57/DMC69_99_100_20231212135729970.jpg', 'DmcGate14', 'DMC69'),
(944, 'Prince', '2023-12-12 11:57:45.000000', 880, '', 1, 'Entry', '/SnapShotFilePath/2023-12-12/13/57/DMC77_91_100_20231212135745190.jpg', 'DmcGate14', 'DMC77'),
(945, 'jiaur', '2023-12-12 11:58:07.000000', 881, '', 1, 'Entry', '/SnapShotFilePath/2023-12-12/13/58/DMC60_99_100_20231212135807499.jpg', 'DmcGate14', 'DMC60'),
(946, 'Nazmul', '2023-12-12 12:04:11.000000', 882, '', 1, 'Entry', '/SnapShotFilePath/2023-12-12/14/04/DMC79_99_100_20231212140411124.jpg', 'DmcGate14', 'DMC79'),
(947, 'Nazmul', '2023-12-12 12:04:14.000000', 883, '', 1, 'Entry', '/SnapShotFilePath/2023-12-12/14/04/DMC79_99_100_20231212140414992.jpg', 'DmcGate14', 'DMC79'),
(948, 'Nazmul', '2023-12-12 12:04:18.000000', 884, '', 1, 'Entry', '/SnapShotFilePath/2023-12-12/14/04/DMC79_99_100_20231212140418075.jpg', 'DmcGate14', 'DMC79'),
(949, 'Nazmul', '2023-12-12 12:04:36.000000', 885, '', 1, 'Entry', '/SnapShotFilePath/2023-12-12/14/04/DMC79_99_100_20231212140436664.jpg', 'DmcGate14', 'DMC79'),
(950, 'rezvi', '2023-12-12 12:04:40.000000', 886, '', 1, 'Entry', '/SnapShotFilePath/2023-12-12/14/04/1_99_100_20231212140440855.jpg', 'DmcGate14', '1'),
(951, 'rezvi', '2023-12-12 12:04:43.000000', 887, '', 1, 'Entry', '/SnapShotFilePath/2023-12-12/14/04/1_99_100_20231212140443970.jpg', 'DmcGate14', '1'),
(952, 'Nazmul', '2023-12-12 12:04:46.000000', 888, '', 1, 'Entry', '/SnapShotFilePath/2023-12-12/14/04/DMC79_99_100_20231212140446631.jpg', 'DmcGate14', 'DMC79'),
(953, 'Nazmul', '2023-12-12 12:05:18.000000', 889, '', 1, 'Entry', '/SnapShotFilePath/2023-12-12/14/05/DMC79_99_100_20231212140518278.jpg', 'DmcGate14', 'DMC79'),
(954, 'Nazmul', '2023-12-12 12:05:32.000000', 890, '', 1, 'Entry', '/SnapShotFilePath/2023-12-12/14/05/DMC79_99_100_20231212140532554.jpg', 'DmcGate14', 'DMC79'),
(955, 'Nazmul', '2023-12-12 12:05:42.000000', 891, '', 1, 'Entry', '/SnapShotFilePath/2023-12-12/14/05/DMC79_99_100_20231212140542420.jpg', 'DmcGate14', 'DMC79'),
(956, 'Nazmul', '2023-12-12 12:05:45.000000', 892, '', 1, 'Entry', '/SnapShotFilePath/2023-12-12/14/05/DMC79_99_100_20231212140545533.jpg', 'DmcGate14', 'DMC79'),
(957, 'Nazmul', '2023-12-12 12:05:48.000000', 893, '', 1, 'Entry', '/SnapShotFilePath/2023-12-12/14/05/DMC79_99_100_20231212140548618.jpg', 'DmcGate14', 'DMC79'),
(958, 'Nazmul', '2023-12-12 12:05:51.000000', 894, '', 1, 'Entry', '/SnapShotFilePath/2023-12-12/14/05/DMC79_99_100_20231212140551746.jpg', 'DmcGate14', 'DMC79'),
(959, 'Nazmul', '2023-12-12 12:05:59.000000', 895, '', 1, 'Entry', '/SnapShotFilePath/2023-12-12/14/05/DMC79_99_100_20231212140559326.jpg', 'DmcGate14', 'DMC79'),
(960, 'Nazmul', '2023-12-12 12:11:05.000000', 896, '', 1, 'Entry', '/SnapShotFilePath/2023-12-12/14/11/DMC79_99_100_20231212141105847.jpg', 'DmcGate14', 'DMC79'),
(961, 'Nazmul', '2023-12-12 12:12:27.000000', 897, '', 1, 'Entry', '/SnapShotFilePath/2023-12-12/14/12/DMC79_99_100_20231212141227876.jpg', 'DmcGate14', 'DMC79'),
(962, 'Nazmul', '2023-12-12 12:12:33.000000', 898, '', 1, 'Entry', '/SnapShotFilePath/2023-12-12/14/12/DMC79_99_100_20231212141233786.jpg', 'DmcGate14', 'DMC79'),
(963, 'NAYEMURRAHMAN', '2023-12-12 12:17:08.000000', 901, '', 1, 'Entry', '/SnapShotFilePath/2023-12-12/14/17/DMC70_99_100_20231212141708185.jpg', 'DmcGate14', 'DMC70'),
(964, 'Mihal', '2023-12-12 12:17:55.000000', 902, '', 1, 'Entry', '/SnapShotFilePath/2023-12-12/14/17/DMC76_99_100_20231212141755449.jpg', 'DmcGate14', 'DMC76'),
(965, 'Mihal', '2023-12-12 12:17:58.000000', 903, '', 1, 'Entry', '/SnapShotFilePath/2023-12-12/14/17/DMC76_99_100_20231212141758689.jpg', 'DmcGate14', 'DMC76'),
(966, 'Mihal', '2023-12-12 12:18:01.000000', 904, '', 1, 'Entry', '/SnapShotFilePath/2023-12-12/14/18/DMC76_99_100_20231212141801860.jpg', 'DmcGate14', 'DMC76'),
(967, 'Mihal', '2023-12-12 12:18:03.000000', 905, '', 1, 'Entry', '/SnapShotFilePath/2023-12-12/14/18/DMC76_99_100_20231212141803422.jpg', 'DmcGate14', 'DMC76'),
(968, 'Mihal', '2023-12-12 12:18:07.000000', 906, '', 1, 'Entry', '/SnapShotFilePath/2023-12-12/14/18/DMC76_89_100_20231212141807886.jpg', 'DmcGate14', 'DMC76'),
(969, 'MAMUN', '2023-12-12 12:19:01.000000', 907, '', 1, 'Entry', '/SnapShotFilePath/2023-12-12/14/19/DMC69_90_100_20231212141901461.jpg', 'DmcGate14', 'DMC69'),
(970, 'rezvi', '2023-12-12 12:57:47.000000', 932, '', 1, 'Entry', '/SnapShotFilePath/2023-12-12/14/57/1_99_100_20231212145747741.jpg', 'DmcGate1', '1'),
(971, 'Nazmul', '2023-12-12 12:57:58.000000', 933, '', 1, 'Entry', '/SnapShotFilePath/2023-12-12/14/57/DMC79_99_100_20231212145758773.jpg', 'DmcGate1', 'DMC79'),
(972, 'Sathy Akter', '2023-12-12 12:59:43.000000', 936, '', 1, 'Entry', '/SnapShotFilePath/2023-12-12/14/59/DMC100_97_100_20231212145943150.jpg', 'DmcGate1', 'DMC100'),
(973, 'rezvi', '2023-12-12 13:02:14.000000', 938, '', 1, 'Entry', '/SnapShotFilePath/2023-12-12/15/02/1_99_100_20231212150214940.jpg', 'DmcGate1', '1'),
(974, 'Prince', '2023-12-12 13:02:19.000000', 939, '', 1, 'Entry', '/SnapShotFilePath/2023-12-12/15/02/DMC77_99_100_20231212150219233.jpg', 'DmcGate1', 'DMC77'),
(975, 'Prince', '2023-12-12 13:06:39.000000', 940, '', 1, 'Entry', '/SnapShotFilePath/2023-12-12/15/06/DMC77_87_100_20231212150639428.jpg', 'DmcGate1', 'DMC77'),
(976, 'Prince', '2023-12-12 13:07:40.000000', 941, '', 1, 'Entry', '/SnapShotFilePath/2023-12-12/15/07/DMC77_99_100_20231212150740701.jpg', 'DmcGate1', 'DMC77'),
(977, 'Prince', '2023-12-12 13:10:33.000000', 942, '', 1, 'Entry', '/SnapShotFilePath/2023-12-12/15/10/DMC77_99_100_20231212151033827.jpg', 'DmcGate1', 'DMC77'),
(978, 'Prince', '2023-12-12 13:17:23.000000', 943, '', 1, 'Entry', '/SnapShotFilePath/2023-12-12/15/17/DMC77_95_100_20231212151723335.jpg', 'DmcGate1', 'DMC77'),
(979, 'jiaur', '2023-12-12 12:35:48.000000', 909, '', 1, 'Entry', '/SnapShotFilePath/2023-12-12/14/35/DMC60_99_100_20231212143548219.jpg', 'DmcGate14', 'DMC60'),
(980, 'Prince', '2023-12-12 12:42:26.000000', 910, '', 1, 'Entry', '/SnapShotFilePath/2023-12-12/14/42/DMC77_99_100_20231212144226258.jpg', 'DmcGate14', 'DMC77'),
(981, 'Prince', '2023-12-12 12:47:36.000000', 911, '', 1, 'Entry', '/SnapShotFilePath/2023-12-12/14/47/DMC77_93_100_20231212144736955.jpg', 'DmcGate14', 'DMC77'),
(982, 'Urmi Hera', '2023-12-12 12:49:33.000000', 920, '', 1, 'Entry', '/SnapShotFilePath/2023-12-12/14/49/DMC40_92_100_20231212144933959.jpg', 'DmcGate14', 'DMC40'),
(983, 'Prince', '2023-12-12 12:51:37.000000', 921, '', 1, 'Entry', '/SnapShotFilePath/2023-12-12/14/51/DMC77_99_100_20231212145137441.jpg', 'DmcGate14', 'DMC77'),
(984, 'Prince', '2023-12-12 12:51:40.000000', 922, '', 1, 'Entry', '/SnapShotFilePath/2023-12-12/14/51/DMC77_97_100_20231212145140734.jpg', 'DmcGate14', 'DMC77'),
(985, 'Prince', '2023-12-12 12:51:46.000000', 924, '', 1, 'Entry', '/SnapShotFilePath/2023-12-12/14/51/DMC77_95_100_20231212145146288.jpg', 'DmcGate14', 'DMC77'),
(986, 'Prince', '2023-12-12 12:51:53.000000', 926, '', 1, 'Entry', '/SnapShotFilePath/2023-12-12/14/51/DMC77_99_100_20231212145153239.jpg', 'DmcGate14', 'DMC77'),
(987, 'Prince', '2023-12-12 12:52:01.000000', 927, '', 1, 'Entry', '/SnapShotFilePath/2023-12-12/14/52/DMC77_98_100_20231212145201456.jpg', 'DmcGate14', 'DMC77'),
(988, 'Prince', '2023-12-12 12:52:06.000000', 928, '', 1, 'Entry', '/SnapShotFilePath/2023-12-12/14/52/DMC77_93_100_20231212145206951.jpg', 'DmcGate14', 'DMC77'),
(989, 'Prince', '2023-12-12 12:52:13.000000', 929, '', 1, 'Entry', '/SnapShotFilePath/2023-12-12/14/52/DMC77_98_100_20231212145213742.jpg', 'DmcGate14', 'DMC77'),
(990, 'Urmi Hera', '2023-12-12 12:55:38.000000', 930, '', 1, 'Entry', '/SnapShotFilePath/2023-12-12/14/55/DMC40_86_100_20231212145538771.jpg', 'DmcGate14', 'DMC40'),
(991, 'Prince', '2023-12-12 12:55:46.000000', 931, '', 1, 'Entry', '/SnapShotFilePath/2023-12-12/14/55/DMC77_95_100_20231212145546517.jpg', 'DmcGate14', 'DMC77'),
(992, 'Prince', '2023-12-12 13:17:24.000000', 944, '', 1, 'Entry', '/SnapShotFilePath/2023-12-12/15/17/DMC77_94_100_20231212151724183.jpg', 'DmcGate14', 'DMC77'),
(993, 'Prince', '2023-12-12 13:17:25.000000', 945, '', 1, 'Entry', '/SnapShotFilePath/2023-12-12/15/17/DMC77_99_100_20231212151725098.jpg', 'DmcGate14', 'DMC77'),
(994, 'Prince', '2023-12-12 13:19:24.000000', 946, '', 1, 'Entry', '/SnapShotFilePath/2023-12-12/15/19/DMC77_98_100_20231212151924678.jpg', 'DmcGate14', 'DMC77'),
(995, 'MAMUN', '2023-12-12 13:22:58.000000', 947, '', 1, 'Entry', '/SnapShotFilePath/2023-12-12/15/22/DMC69_99_100_20231212152258039.jpg', 'DmcGate14', 'DMC69'),
(996, 'MAMUN', '2023-12-12 13:23:01.000000', 948, '', 1, 'Entry', '/SnapShotFilePath/2023-12-12/15/23/DMC69_99_100_20231212152301095.jpg', 'DmcGate14', 'DMC69'),
(997, 'MAMUN', '2023-12-12 13:23:06.000000', 949, '', 1, 'Entry', '/SnapShotFilePath/2023-12-12/15/23/DMC69_99_100_20231212152306405.jpg', 'DmcGate14', 'DMC69'),
(998, 'MAMUN', '2023-12-12 13:23:09.000000', 950, '', 1, 'Entry', '/SnapShotFilePath/2023-12-12/15/23/DMC69_99_100_20231212152309519.jpg', 'DmcGate14', 'DMC69'),
(999, 'jiaur', '2023-12-12 13:26:11.000000', 951, '', 1, 'Entry', '/SnapShotFilePath/2023-12-12/15/26/DMC60_99_100_20231212152611962.jpg', 'DmcGate14', 'DMC60'),
(1000, 'Mihal', '2023-12-12 13:27:59.000000', 952, '', 1, 'Entry', '/SnapShotFilePath/2023-12-12/15/27/DMC76_87_100_20231212152759547.jpg', 'DmcGate14', 'DMC76'),
(1001, 'Azad', '2023-12-12 13:29:04.000000', 953, '', 1, 'Entry', '/SnapShotFilePath/2023-12-12/15/29/DMC75_99_100_20231212152904230.jpg', 'DmcGate14', 'DMC75'),
(1002, 'Mirazuddin', '2023-12-12 13:39:26.000000', 956, '', 1, 'Entry', '/SnapShotFilePath/2023-12-12/15/39/DMC74_89_100_20231212153926325.jpg', 'DmcGate14', 'DMC74'),
(1003, 'NAYEMURRAHMAN', '2023-12-12 13:42:13.000000', 958, '', 1, 'Entry', '/SnapShotFilePath/2023-12-12/15/42/DMC70_94_100_20231212154213306.jpg', 'DmcGate14', 'DMC70'),
(1004, 'NAYEMURRAHMAN', '2023-12-12 13:42:24.000000', 959, '', 1, 'Entry', '/SnapShotFilePath/2023-12-12/15/42/DMC70_99_100_20231212154224021.jpg', 'DmcGate14', 'DMC70'),
(1005, 'Prince', '2023-12-12 13:48:15.000000', 960, '', 1, 'Entry', '/SnapShotFilePath/2023-12-12/15/48/DMC77_94_100_20231212154815862.jpg', 'DmcGate14', 'DMC77'),
(1006, 'Prince', '2023-12-12 13:49:49.000000', 964, '', 1, 'Entry', '/SnapShotFilePath/2023-12-12/15/49/DMC77_97_100_20231212154949101.jpg', 'DmcGate14', 'DMC77'),
(1007, 'Prince', '2023-12-12 13:53:05.000000', 965, '', 1, 'Entry', '/SnapShotFilePath/2023-12-12/15/53/DMC77_94_100_20231212155305252.jpg', 'DmcGate14', 'DMC77'),
(1008, 'Prince', '2023-12-12 13:53:17.000000', 966, '', 1, 'Entry', '/SnapShotFilePath/2023-12-12/15/53/DMC77_85_100_20231212155317114.jpg', 'DmcGate14', 'DMC77'),
(1009, 'Prince', '2023-12-12 14:26:05.000000', 968, '', 1, 'Entry', '/SnapShotFilePath/2023-12-12/16/26/DMC77_91_100_20231212162605406.jpg', 'DmcGate14', 'DMC77'),
(1010, 'Azad', '2023-12-12 14:34:48.000000', 974, '', 1, 'Entry', '/SnapShotFilePath/2023-12-12/16/34/DMC75_96_100_20231212163448106.jpg', 'DmcGate14', 'DMC75'),
(1011, 'Prince', '2023-12-12 14:37:57.000000', 975, '', 1, 'Entry', '/SnapShotFilePath/2023-12-12/16/37/DMC77_93_100_20231212163757043.jpg', 'DmcGate14', 'DMC77'),
(1012, 'Prince', '2023-12-12 14:38:28.000000', 976, '', 1, 'Entry', '/SnapShotFilePath/2023-12-12/16/38/DMC77_99_100_20231212163828901.jpg', 'DmcGate14', 'DMC77'),
(1013, 'MAMUN', '2023-12-12 14:50:59.000000', 977, '', 1, 'Entry', '/SnapShotFilePath/2023-12-12/16/50/DMC69_99_100_20231212165059512.jpg', 'DmcGate14', 'DMC69'),
(1014, 'MAMUN', '2023-12-12 14:51:03.000000', 978, '', 1, 'Entry', '/SnapShotFilePath/2023-12-12/16/51/DMC69_87_100_20231212165103267.jpg', 'DmcGate14', 'DMC69'),
(1015, 'Sathy Akter', '2023-12-12 14:51:13.000000', 979, '', 1, 'Entry', '/SnapShotFilePath/2023-12-12/16/51/DMC100_93_100_20231212165113434.jpg', 'DmcGate14', 'DMC100'),
(1016, 'Sathy Akter', '2023-12-12 14:51:13.000000', 979, '', 1, 'Entry', '/SnapShotFilePath/2023-12-12/16/51/DMC100_93_100_20231212165113434.jpg', 'DmcGate14', 'DMC100'),
(1017, 'Prince', '2023-12-12 14:52:35.000000', 981, '', 1, 'Entry', '/SnapShotFilePath/2023-12-12/16/52/DMC77_93_100_20231212165235441.jpg', 'DmcGate14', 'DMC77'),
(1018, 'Prince', '2023-12-12 14:52:49.000000', 983, '', 1, 'Entry', '/SnapShotFilePath/2023-12-12/16/52/DMC77_95_100_20231212165249606.jpg', 'DmcGate14', 'DMC77'),
(1019, 'MAMUN', '2023-12-12 14:54:48.000000', 984, '', 1, 'Entry', '/SnapShotFilePath/2023-12-12/16/54/DMC69_99_100_20231212165448805.jpg', 'DmcGate14', 'DMC69'),
(1020, 'MAMUN', '2023-12-12 14:58:54.000000', 985, '', 1, 'Entry', '/SnapShotFilePath/2023-12-12/16/58/DMC69_99_100_20231212165854564.jpg', 'DmcGate14', 'DMC69'),
(1021, 'MAMUN', '2023-12-12 14:58:57.000000', 986, '', 1, 'Entry', '/SnapShotFilePath/2023-12-12/16/58/DMC69_99_100_20231212165857618.jpg', 'DmcGate14', 'DMC69'),
(1022, 'NAYEMURRAHMAN', '2023-12-12 15:04:31.000000', 991, '', 1, 'Entry', '/SnapShotFilePath/2023-12-12/17/04/DMC70_99_100_20231212170431444.jpg', 'DmcGate14', 'DMC70'),
(1023, 'Prince', '2023-12-12 15:07:43.000000', 992, '', 1, 'Entry', '/SnapShotFilePath/2023-12-12/17/07/DMC77_99_100_20231212170743228.jpg', 'DmcGate14', 'DMC77'),
(1024, 'jiaur', '2023-12-12 15:39:09.000000', 993, '', 1, 'Entry', '/SnapShotFilePath/2023-12-12/17/39/DMC60_99_100_20231212173909244.jpg', 'DmcGate14', 'DMC60'),
(1025, 'jiaur', '2023-12-12 15:39:09.000000', 994, '', 1, 'Entry', '/SnapShotFilePath/2023-12-12/17/39/DMC60_99_100_20231212173909549.jpg', 'DmcGate14', 'DMC60'),
(1026, 'Prince', '2023-12-12 16:05:13.000000', 996, '', 1, 'Entry', '/SnapShotFilePath/2023-12-12/18/05/DMC77_89_100_20231212180513402.jpg', 'DmcGate14', 'DMC77'),
(1027, 'Prince', '2023-12-12 16:05:16.000000', 997, '', 1, 'Entry', '/SnapShotFilePath/2023-12-12/18/05/DMC77_95_100_20231212180516036.jpg', 'DmcGate14', 'DMC77'),
(1028, 'Mihal', '2023-12-12 16:05:40.000000', 999, '', 1, 'Entry', '/SnapShotFilePath/2023-12-12/18/05/DMC76_99_100_20231212180540196.jpg', 'DmcGate14', 'DMC76'),
(1029, 'MAMUN', '2023-12-12 16:10:36.000000', 1000, '', 1, 'Entry', '/SnapShotFilePath/2023-12-12/18/10/DMC69_96_100_20231212181036175.jpg', 'DmcGate14', 'DMC69'),
(1030, 'Prince', '2023-12-12 16:10:39.000000', 1001, '', 1, 'Entry', '/SnapShotFilePath/2023-12-12/18/10/DMC77_98_100_20231212181039161.jpg', 'DmcGate14', 'DMC77'),
(1031, 'jiaur', '2023-12-12 17:01:34.000000', 1005, '', 1, 'Entry', '/SnapShotFilePath/2023-12-12/19/01/DMC60_99_100_20231212190134133.jpg', 'DmcGate14', 'DMC60'),
(1032, 'jiaur', '2023-12-12 17:10:02.000000', 1006, '', 1, 'Entry', '/SnapShotFilePath/2023-12-12/19/10/DMC60_99_100_20231212191002338.jpg', 'DmcGate14', 'DMC60'),
(1033, 'Nazmul', '2023-12-12 17:28:54.000000', 1008, '', 1, 'Entry', '/SnapShotFilePath/2023-12-12/19/28/DMC79_99_100_20231212192854343.jpg', 'DmcGate14', 'DMC79'),
(1034, 'MD Rubel', '2023-12-12 17:30:29.000000', 1009, '', 1, 'Entry', '/SnapShotFilePath/2023-12-12/19/30/DMC81_93_100_20231212193029590.jpg', 'DmcGate14', 'DMC81'),
(1035, 'Mirazuddin', '2023-12-12 17:38:10.000000', 1010, '', 1, 'Entry', '/SnapShotFilePath/2023-12-12/19/38/DMC74_93_100_20231212193810546.jpg', 'DmcGate14', 'DMC74'),
(1036, 'Sathy Akter', '2023-12-13 09:02:01.000000', 1057, '', 1, 'Entry', '/SnapShotFilePath/2023-12-13/11/02/DMC100_88_100_20231213110201917.jpg', 'DmcGate14', 'DMC100'),
(1037, 'Sathy Akter', '2023-12-13 09:02:05.000000', 1058, '', 1, 'Entry', '/SnapShotFilePath/2023-12-13/11/02/DMC100_99_100_20231213110205061.jpg', 'DmcGate14', 'DMC100'),
(1038, 'Sathy Akter', '2023-12-13 09:02:16.000000', 1059, '', 1, 'Entry', '/SnapShotFilePath/2023-12-13/11/02/DMC100_96_100_20231213110216603.jpg', 'DmcGate14', 'DMC100'),
(1039, 'Mihal', '2023-12-13 09:02:23.000000', 1060, '', 1, 'Entry', '/SnapShotFilePath/2023-12-13/11/02/DMC76_97_100_20231213110223491.jpg', 'DmcGate14', 'DMC76'),
(1040, 'MAMUN', '2023-12-13 09:38:12.000000', 1062, '', 1, 'Entry', '/SnapShotFilePath/2023-12-13/11/38/DMC69_99_100_20231213113812908.jpg', 'DmcGate14', 'DMC69'),
(1041, 'MAMUN', '2023-12-13 09:39:24.000000', 1063, '', 1, 'Entry', '/SnapShotFilePath/2023-12-13/11/39/DMC69_86_100_20231213113924939.jpg', 'DmcGate14', 'DMC69'),
(1042, 'jiaur', '2023-12-13 09:58:19.000000', 1064, '', 1, 'Entry', '/SnapShotFilePath/2023-12-13/11/58/DMC60_98_100_20231213115819224.jpg', 'DmcGate14', 'DMC60'),
(1043, 'jiaur', '2023-12-13 10:23:16.000000', 1066, '', 1, 'Entry', '/SnapShotFilePath/2023-12-13/12/23/DMC60_99_100_20231213122316922.jpg', 'DmcGate14', 'DMC60'),
(1044, 'jiaur', '2023-12-13 10:23:41.000000', 1067, '', 1, 'Entry', '/SnapShotFilePath/2023-12-13/12/23/DMC60_99_100_20231213122341028.jpg', 'DmcGate14', 'DMC60');

-- --------------------------------------------------------

--
-- Table structure for table `role_role`
--

CREATE TABLE `role_role` (
  `role_id` int(11) NOT NULL,
  `role` varchar(100) NOT NULL,
  `role_description` varchar(200) DEFAULT NULL
) ENGINE=InnoDB DEFAULT CHARSET=utf8mb4 COLLATE=utf8mb4_general_ci;

--
-- Dumping data for table `role_role`
--

INSERT INTO `role_role` (`role_id`, `role`, `role_description`) VALUES
(5, 'admin', '-'),
(6, 'user', 'This role is for user'),
(8, 'CFO', '-');

-- --------------------------------------------------------

--
-- Table structure for table `shift_management_shiftmanagement`
--

CREATE TABLE `shift_management_shiftmanagement` (
  `shift_id` int(11) NOT NULL,
  `shift_beginning` time(6) NOT NULL,
  `shift_end` time(6) NOT NULL,
  `total_time` bigint(20) DEFAULT NULL
) ENGINE=InnoDB DEFAULT CHARSET=utf8mb4 COLLATE=utf8mb4_general_ci;

--
-- Dumping data for table `shift_management_shiftmanagement`
--

INSERT INTO `shift_management_shiftmanagement` (`shift_id`, `shift_beginning`, `shift_end`, `total_time`) VALUES
(1, '08:00:00.000000', '18:00:00.000000', 36000000000),
(2, '09:00:00.000000', '17:00:00.000000', 28800000000);

-- --------------------------------------------------------

--
-- Table structure for table `structuedlog_structuredlog`
--

CREATE TABLE `structuedlog_structuredlog` (
  `ID` int(11) NOT NULL,
  `username` varchar(100) DEFAULT NULL,
  `InTime` datetime(6) DEFAULT NULL,
  `OutTime` datetime(6) DEFAULT NULL,
  `total_work_minutes` int(11) DEFAULT NULL,
  `cumalative_work_minutes` int(11) DEFAULT NULL,
  `device_id_id` varchar(100) NOT NULL,
  `employee_id_id` varchar(100) DEFAULT NULL,
  `group_id_id` int(11) NOT NULL
) ENGINE=InnoDB DEFAULT CHARSET=utf8mb4 COLLATE=utf8mb4_general_ci;

--
-- Dumping data for table `structuedlog_structuredlog`
--

INSERT INTO `structuedlog_structuredlog` (`ID`, `username`, `InTime`, `OutTime`, `total_work_minutes`, `cumalative_work_minutes`, `device_id_id`, `employee_id_id`, `group_id_id`) VALUES
(5060, 'rezvi\r', '2023-12-05 11:56:02.000000', '2023-12-05 11:56:02.000000', 0, 0, 'DmcGate14', '1', 2),
(5061, 'rezvi\r', '2023-12-05 12:03:26.000000', '2023-12-05 12:03:26.000000', 0, 0, 'DmcGate14', '1', 2),
(5062, 'rezvi\r', '2023-11-20 10:12:09.000000', '2023-11-20 10:12:09.000000', 0, 0, 'DmcGate14', '1', 2),
(5063, 'rezvi\r', '2023-11-20 10:50:09.000000', '2023-11-20 10:50:09.000000', 0, 0, 'DmcGate14', '1', 2),
(5064, 'rezvi\r', '2023-11-20 10:50:31.000000', '2023-11-20 10:50:31.000000', 0, 0, 'DmcGate14', '1', 2),
(5065, 'rezvi\r', '2023-11-20 10:50:35.000000', '2023-11-20 10:50:35.000000', 0, 0, 'DmcGate14', '1', 2),
(5066, 'rezvi\r', '2023-11-20 10:51:06.000000', '2023-11-20 10:51:06.000000', 0, 0, 'DmcGate14', '1', 2),
(5067, 'rezvi\r', '2023-11-21 09:34:24.000000', '2023-11-21 09:34:24.000000', 0, 0, 'DmcGate14', '1', 2),
(5068, 'rezvi\r', '2023-11-21 09:34:47.000000', '2023-11-21 09:34:47.000000', 0, 0, 'DmcGate14', '1', 2),
(5069, 'rezvi\r', '2023-11-21 11:20:49.000000', '2023-11-21 11:20:49.000000', 0, 0, 'DmcGate14', '1', 2),
(5070, 'rezvi\r', '2023-11-21 11:25:44.000000', '2023-11-21 11:25:44.000000', 0, 0, 'DmcGate14', '1', 2),
(5071, 'rezvi\r', '2023-11-21 11:28:46.000000', '2023-11-21 11:28:46.000000', 0, 0, 'DmcGate14', '1', 2),
(5072, 'rezvi\r', '2023-11-21 11:29:46.000000', '2023-11-21 11:29:46.000000', 0, 0, 'DmcGate14', '1', 2),
(5073, 'rezvi\r', '2023-11-21 11:35:03.000000', '2023-11-21 11:35:03.000000', 0, 0, 'DmcGate14', '1', 2),
(5074, 'Nazmul haque\r', '2023-11-21 13:08:05.000000', '2023-11-21 13:08:05.000000', 0, 0, 'DmcGate14', 'DMC39', 2),
(5075, 'Nazmul haque\r', '2023-11-21 13:08:08.000000', '2023-11-21 13:08:08.000000', 0, 0, 'DmcGate14', 'DMC39', 2),
(5076, 'rezvi\r', '2023-11-21 15:44:12.000000', '2023-11-21 15:44:12.000000', 0, 0, 'DmcGate14', '1', 2),
(5077, 'rezvi\r', '2023-11-21 15:45:28.000000', '2023-11-21 15:45:28.000000', 0, 0, 'DmcGate14', '1', 2),
(5078, 'Urmi Hera\r', '2023-11-21 15:45:30.000000', '2023-11-21 15:45:30.000000', 0, 0, 'DmcGate14', 'DMC40', 2),
(5079, 'Urmi Hera\r', '2023-11-21 15:45:33.000000', '2023-11-21 15:45:33.000000', 0, 0, 'DmcGate14', 'DMC40', 2),
(5080, 'Urmi Hera\r', '2023-11-21 15:45:36.000000', '2023-11-21 15:45:36.000000', 0, 0, 'DmcGate14', 'DMC40', 2),
(5081, 'Nazmul haque\r', '2023-11-21 17:25:21.000000', '2023-11-21 17:25:21.000000', 0, 0, 'DmcGate14', 'DMC39', 2),
(5082, 'rezvi\r', '2023-11-22 10:49:17.000000', '2023-11-22 10:49:17.000000', 0, 0, 'DmcGate14', '1', 2),
(5083, 'rezvi\r', '2023-11-22 10:49:38.000000', '2023-11-22 10:49:38.000000', 0, 0, 'DmcGate14', '1', 2),
(5084, 'rezvi\r', '2023-11-22 18:00:01.000000', '2023-11-22 18:00:01.000000', 0, 0, 'DmcGate14', '1', 2),
(5085, 'rezvi\r', '2023-11-22 18:06:27.000000', '2023-11-22 18:06:27.000000', 0, 0, 'DmcGate14', '1', 2),
(5086, 'Siful Alam\r', '2023-11-22 18:12:55.000000', '2023-11-22 18:12:55.000000', 0, 0, 'DmcGate14', 'DMC44', 2),
(5087, 'Siful Alam\r', '2023-11-22 18:12:59.000000', '2023-11-22 18:12:59.000000', 0, 0, 'DmcGate14', 'DMC44', 2),
(5088, 'rezvi\r', '2023-11-23 09:27:47.000000', '2023-11-23 09:27:47.000000', 0, 0, 'DmcGate14', '1', 2),
(5089, 'rezvi\r', '2023-11-23 09:28:16.000000', '2023-11-23 09:28:16.000000', 0, 0, 'DmcGate14', '1', 2),
(5090, 'NAYEMURRAHMAN\r', '2023-11-26 17:41:00.000000', '2023-11-26 17:41:00.000000', 0, 0, 'DmcGate14', 'DMC70', 2),
(5091, 'NAYEMURRAHMAN\r', '2023-11-26 17:41:03.000000', '2023-11-26 17:41:03.000000', 0, 0, 'DmcGate14', 'DMC70', 2),
(5092, 'NAYEMURRAHMAN\r', '2023-11-26 17:41:07.000000', '2023-11-26 17:41:07.000000', 0, 0, 'DmcGate14', 'DMC70', 2),
(5093, 'NAYEMURRAHMAN\r', '2023-11-26 17:41:10.000000', '2023-11-26 17:41:10.000000', 0, 0, 'DmcGate14', 'DMC70', 2),
(5094, 'NAYEMURRAHMAN\r', '2023-11-26 17:41:13.000000', '2023-11-26 17:41:13.000000', 0, 0, 'DmcGate14', 'DMC70', 2),
(5095, 'NAYEMURRAHMAN\r', '2023-11-26 17:41:16.000000', '2023-11-26 17:41:16.000000', 0, 0, 'DmcGate14', 'DMC70', 2),
(5096, 'NAYEMURRAHMAN\r', '2023-11-26 17:41:20.000000', '2023-11-26 17:41:20.000000', 0, 0, 'DmcGate14', 'DMC70', 2),
(5097, 'rezvi\r', '2023-11-27 10:47:37.000000', '2023-11-27 10:47:37.000000', 0, 0, 'DmcGate14', '1', 2),
(5098, 'MAMUN\r', '2023-11-27 10:47:51.000000', '2023-11-27 10:47:51.000000', 0, 0, 'DmcGate14', 'DMC69', 2),
(5099, 'jiaur\r', '2023-11-27 10:47:57.000000', '2023-11-27 10:47:57.000000', 0, 0, 'DmcGate14', 'DMC60', 2),
(5100, 'jiaur\r', '2023-11-27 10:48:05.000000', '2023-11-27 10:48:05.000000', 0, 0, 'DmcGate14', 'DMC60', 2),
(5101, 'Urmi Hera\r', '2023-11-27 10:48:09.000000', '2023-11-27 10:48:09.000000', 0, 0, 'DmcGate14', 'DMC40', 2),
(5102, 'rezvi\r', '2023-11-27 15:02:57.000000', '2023-11-27 15:02:57.000000', 0, 0, 'DmcGate14', '1', 2),
(5103, 'Nazmul haque\r', '2023-11-27 15:04:42.000000', '2023-11-27 15:04:42.000000', 0, 0, 'DmcGate14', 'DMC39', 2),
(5104, 'Nazmul haque\r', '2023-11-27 15:04:45.000000', '2023-11-27 15:04:45.000000', 0, 0, 'DmcGate14', 'DMC39', 2),
(5105, 'rezvi\r', '2023-11-27 15:04:48.000000', '2023-11-27 15:04:48.000000', 0, 0, 'DmcGate14', '1', 2),
(5106, 'Nazmul haque\r', '2023-11-27 15:18:25.000000', '2023-11-27 15:18:25.000000', 0, 0, 'DmcGate14', 'DMC39', 2),
(5107, 'Nazmul haque\r', '2023-11-28 11:32:41.000000', '2023-11-28 11:32:41.000000', 0, 0, 'DmcGate14', 'DMC39', 2),
(5108, 'rezvi\r', '2023-11-28 11:32:44.000000', '2023-11-28 11:32:44.000000', 0, 0, 'DmcGate14', '1', 2),
(5109, 'MAMUN\r', '2023-11-28 11:33:08.000000', '2023-11-28 11:33:08.000000', 0, 0, 'DmcGate14', 'DMC69', 2),
(5110, 'Nazmul haque\r', '2023-11-28 11:50:57.000000', '2023-11-28 11:50:57.000000', 0, 0, 'DmcGate14', 'DMC39', 2),
(5111, 'Nazmul haque\r', '2023-11-28 11:50:59.000000', '2023-11-28 11:50:59.000000', 0, 0, 'DmcGate14', 'DMC39', 2),
(5112, 'rezvi\r', '2023-11-28 13:00:41.000000', '2023-11-28 13:00:41.000000', 0, 0, 'DmcGate14', '1', 2),
(5113, 'MAMUN\r', '2023-11-28 13:01:10.000000', '2023-11-28 13:01:10.000000', 0, 0, 'DmcGate14', 'DMC69', 2),
(5114, 'Nazmul haque\r', '2023-11-28 13:09:25.000000', '2023-11-28 13:09:25.000000', 0, 0, 'DmcGate14', 'DMC39', 2),
(5115, 'NAYEMURRAHMAN\r', '2023-11-28 13:09:32.000000', '2023-11-28 13:09:32.000000', 0, 0, 'DmcGate14', 'DMC70', 2),
(5116, 'Nazmul haque\r', '2023-11-28 14:01:24.000000', '2023-11-28 14:01:24.000000', 0, 0, 'DmcGate14', 'DMC39', 2),
(5117, 'rezvi\r', '2023-11-28 14:18:44.000000', '2023-11-28 14:18:44.000000', 0, 0, 'DmcGate14', '1', 2),
(5118, 'rezvi\r', '2023-11-28 15:12:36.000000', '2023-11-28 15:12:36.000000', 0, 0, 'DmcGate14', '1', 2),
(5119, 'Mirazuddin\r', '2023-11-28 15:17:22.000000', '2023-11-28 15:17:22.000000', 0, 0, 'DmcGate14', 'DMC74', 2),
(5120, 'Mirazuddin\r', '2023-11-28 15:17:26.000000', '2023-11-28 15:17:26.000000', 0, 0, 'DmcGate14', 'DMC74', 2),
(5121, 'Mirazuddin\r', '2023-11-28 15:17:29.000000', '2023-11-28 15:17:29.000000', 0, 0, 'DmcGate14', 'DMC74', 2),
(5122, 'Mirazuddin\r', '2023-11-28 15:17:30.000000', '2023-11-28 15:17:30.000000', 0, 0, 'DmcGate14', 'DMC74', 2),
(5123, 'Mirazuddin\r', '2023-11-28 15:17:33.000000', '2023-11-28 15:17:33.000000', 0, 0, 'DmcGate14', 'DMC74', 2),
(5124, 'Mirazuddin\r', '2023-11-28 15:26:03.000000', '2023-11-28 15:26:03.000000', 0, 0, 'DmcGate14', 'DMC74', 2),
(5125, 'Mirazuddin\r', '2023-11-28 15:26:06.000000', '2023-11-28 15:26:06.000000', 0, 0, 'DmcGate14', 'DMC74', 2),
(5126, 'NAYEMURRAHMAN\r', '2023-11-28 16:14:11.000000', '2023-11-28 16:14:11.000000', 0, 0, 'DmcGate14', 'DMC70', 2),
(5127, 'NAYEMURRAHMAN\r', '2023-11-28 16:14:14.000000', '2023-11-28 16:14:14.000000', 0, 0, 'DmcGate14', 'DMC70', 2),
(5128, 'NAYEMURRAHMAN\r', '2023-11-28 16:14:18.000000', '2023-11-28 16:14:18.000000', 0, 0, 'DmcGate14', 'DMC70', 2),
(5129, 'NAYEMURRAHMAN\r', '2023-11-28 16:14:20.000000', '2023-11-28 16:14:20.000000', 0, 0, 'DmcGate14', 'DMC70', 2),
(5130, 'NAYEMURRAHMAN\r', '2023-11-28 16:14:23.000000', '2023-11-28 16:14:23.000000', 0, 0, 'DmcGate14', 'DMC70', 2),
(5131, 'NAYEMURRAHMAN\r', '2023-11-28 16:14:26.000000', '2023-11-28 16:14:26.000000', 0, 0, 'DmcGate14', 'DMC70', 2),
(5132, 'NAYEMURRAHMAN\r', '2023-11-28 16:14:30.000000', '2023-11-28 16:14:30.000000', 0, 0, 'DmcGate14', 'DMC70', 2),
(5133, 'Nazmul haque\r', '2023-11-29 10:07:08.000000', '2023-11-29 10:07:08.000000', 0, 0, 'DmcGate14', 'DMC39', 2),
(5134, 'rezvi\r', '2023-11-29 11:21:26.000000', '2023-11-29 11:21:26.000000', 0, 0, 'DmcGate14', '1', 2),
(5135, 'Nazmul haque\r', '2023-11-29 11:21:31.000000', '2023-11-29 11:21:31.000000', 0, 0, 'DmcGate14', 'DMC39', 2),
(5136, 'rezvi\r', '2023-11-29 12:10:23.000000', '2023-11-29 12:10:23.000000', 0, 0, 'DmcGate14', '1', 2),
(5137, 'Mihal\r', '2023-11-29 12:35:15.000000', '2023-11-29 12:35:15.000000', 0, 0, 'DmcGate14', 'DMC76', 2),
(5138, 'rezvi\r', '2023-11-29 12:43:09.000000', '2023-11-29 12:43:09.000000', 0, 0, 'DmcGate14', '1', 2),
(5139, 'rezvi\r', '2023-11-29 12:43:12.000000', '2023-11-29 12:43:12.000000', 0, 0, 'DmcGate14', '1', 2),
(5140, 'rezvi\r', '2023-11-29 12:47:29.000000', '2023-11-29 12:47:29.000000', 0, 0, 'DmcGate14', '1', 2),
(5141, 'rezvi\r', '2023-11-29 12:50:15.000000', '2023-11-29 12:50:15.000000', 0, 0, 'DmcGate14', '1', 2),
(5142, 'rezvi\r', '2023-11-29 12:53:17.000000', '2023-11-29 12:53:17.000000', 0, 0, 'DmcGate14', '1', 2),
(5143, 'rezvi\r', '2023-11-29 12:55:58.000000', '2023-11-29 12:55:58.000000', 0, 0, 'DmcGate14', '1', 2),
(5144, 'rezvi\r', '2023-11-29 13:00:27.000000', '2023-11-29 13:00:27.000000', 0, 0, 'DmcGate14', '1', 2),
(5145, 'rezvi\r', '2023-11-29 13:00:31.000000', '2023-11-29 13:00:31.000000', 0, 0, 'DmcGate14', '1', 2),
(5146, 'rezvi\r', '2023-11-29 13:09:02.000000', '2023-11-29 13:09:02.000000', 0, 0, 'DmcGate14', '1', 2),
(5147, 'rezvi\r', '2023-11-29 13:11:21.000000', '2023-11-29 13:11:21.000000', 0, 0, 'DmcGate14', '1', 2),
(5148, 'NAYEMURRAHMAN\r', '2023-11-29 14:51:11.000000', '2023-11-29 14:51:11.000000', 0, 0, 'DmcGate14', 'DMC70', 2),
(5149, 'NAYEMURRAHMAN\r', '2023-11-29 14:51:15.000000', '2023-11-29 14:51:15.000000', 0, 0, 'DmcGate14', 'DMC70', 2),
(5150, 'NAYEMURRAHMAN\r', '2023-11-29 14:51:17.000000', '2023-11-29 14:51:17.000000', 0, 0, 'DmcGate14', 'DMC70', 2),
(5151, 'NAYEMURRAHMAN\r', '2023-11-29 14:51:21.000000', '2023-11-29 14:51:21.000000', 0, 0, 'DmcGate14', 'DMC70', 2),
(5152, 'NAYEMURRAHMAN\r', '2023-11-29 14:51:24.000000', '2023-11-29 14:51:24.000000', 0, 0, 'DmcGate14', 'DMC70', 2),
(5153, 'NAYEMURRAHMAN\r', '2023-11-29 14:51:27.000000', '2023-11-29 14:51:27.000000', 0, 0, 'DmcGate14', 'DMC70', 2),
(5154, 'NAYEMURRAHMAN\r', '2023-11-29 14:51:30.000000', '2023-11-29 14:51:30.000000', 0, 0, 'DmcGate14', 'DMC70', 2),
(5155, 'NAYEMURRAHMAN\r', '2023-11-29 14:51:38.000000', '2023-11-29 14:51:38.000000', 0, 0, 'DmcGate14', 'DMC70', 2),
(5156, 'NAYEMURRAHMAN\r', '2023-11-29 14:51:41.000000', '2023-11-29 14:51:41.000000', 0, 0, 'DmcGate14', 'DMC70', 2),
(5157, 'NAYEMURRAHMAN\r', '2023-11-29 14:51:42.000000', '2023-11-29 14:51:42.000000', 0, 0, 'DmcGate14', 'DMC70', 2),
(5158, 'NAYEMURRAHMAN\r', '2023-11-29 14:51:45.000000', '2023-11-29 14:51:45.000000', 0, 0, 'DmcGate14', 'DMC70', 2),
(5159, 'NAYEMURRAHMAN\r', '2023-11-29 14:51:48.000000', '2023-11-29 14:51:48.000000', 0, 0, 'DmcGate14', 'DMC70', 2),
(5160, 'NAYEMURRAHMAN\r', '2023-11-29 14:51:59.000000', '2023-11-29 14:51:59.000000', 0, 0, 'DmcGate14', 'DMC70', 2),
(5161, 'NAYEMURRAHMAN\r', '2023-11-29 14:52:17.000000', '2023-11-29 14:52:17.000000', 0, 0, 'DmcGate14', 'DMC70', 2),
(5162, 'NAYEMURRAHMAN\r', '2023-11-29 14:52:20.000000', '2023-11-29 14:52:20.000000', 0, 0, 'DmcGate14', 'DMC70', 2),
(5163, 'NAYEMURRAHMAN\r', '2023-11-29 14:52:46.000000', '2023-11-29 14:52:46.000000', 0, 0, 'DmcGate14', 'DMC70', 2),
(5164, 'rezvi\r', '2023-11-29 15:00:53.000000', '2023-11-29 15:00:53.000000', 0, 0, 'DmcGate14', '1', 2),
(5165, 'Nazmul haque\r', '2023-11-29 15:01:06.000000', '2023-11-29 15:01:06.000000', 0, 0, 'DmcGate14', 'DMC39', 2),
(5166, 'Nazmul haque\r', '2023-11-29 15:01:09.000000', '2023-11-29 15:01:09.000000', 0, 0, 'DmcGate14', 'DMC39', 2),
(5167, 'Nazmul haque\r', '2023-11-29 15:01:13.000000', '2023-11-29 15:01:13.000000', 0, 0, 'DmcGate14', 'DMC39', 2),
(5168, 'Nazmul haque\r', '2023-11-29 15:01:16.000000', '2023-11-29 15:01:16.000000', 0, 0, 'DmcGate14', 'DMC39', 2),
(5169, 'Nazmul haque\r', '2023-11-29 15:01:20.000000', '2023-11-29 15:01:20.000000', 0, 0, 'DmcGate14', 'DMC39', 2),
(5170, 'rezvi\r', '2023-11-29 15:12:42.000000', '2023-11-29 15:12:42.000000', 0, 0, 'DmcGate14', '1', 2),
(5171, 'Nazmul haque\r', '2023-11-29 15:18:06.000000', '2023-11-29 15:18:06.000000', 0, 0, 'DmcGate14', 'DMC39', 2),
(5172, 'Nazmul haque\r', '2023-11-29 15:18:07.000000', '2023-11-29 15:18:07.000000', 0, 0, 'DmcGate14', 'DMC39', 2),
(5173, 'Nazmul haque\r', '2023-11-29 15:22:11.000000', '2023-11-29 15:22:11.000000', 0, 0, 'DmcGate14', 'DMC39', 2),
(5174, 'rezvi\r', '2023-11-29 15:25:17.000000', '2023-11-29 15:25:17.000000', 0, 0, 'DmcGate14', '1', 2),
(5175, 'rezvi\r', '2023-11-29 15:26:54.000000', '2023-11-29 15:26:54.000000', 0, 0, 'DmcGate14', '1', 2),
(5176, 'rezvi\r', '2023-11-29 15:32:46.000000', '2023-11-29 15:32:46.000000', 0, 0, 'DmcGate14', '1', 2),
(5177, 'rezvi\r', '2023-11-29 15:36:28.000000', '2023-11-29 15:36:28.000000', 0, 0, 'DmcGate14', '1', 2),
(5178, 'Prince\r', '2023-11-29 15:37:59.000000', '2023-11-29 15:37:59.000000', 0, 0, 'DmcGate14', 'DMC77', 2),
(5179, 'Prince\r', '2023-11-29 15:38:44.000000', '2023-11-29 15:38:44.000000', 0, 0, 'DmcGate14', 'DMC77', 2),
(5180, 'Prince\r', '2023-11-29 15:38:48.000000', '2023-11-29 15:38:48.000000', 0, 0, 'DmcGate14', 'DMC77', 2),
(5181, 'Prince\r', '2023-11-29 15:39:57.000000', '2023-11-29 15:39:57.000000', 0, 0, 'DmcGate14', 'DMC77', 2),
(5182, 'rezvi\r', '2023-11-29 15:41:59.000000', '2023-11-29 15:41:59.000000', 0, 0, 'DmcGate14', '1', 2),
(5183, 'rezvi\r', '2023-11-29 15:46:58.000000', '2023-11-29 15:46:58.000000', 0, 0, 'DmcGate14', '1', 2),
(5184, 'Nazmul haque\r', '2023-11-29 15:50:00.000000', '2023-11-29 15:50:00.000000', 0, 0, 'DmcGate14', 'DMC39', 2),
(5185, 'rezvi\r', '2023-11-30 08:52:34.000000', '2023-11-30 08:52:34.000000', 0, 0, 'DmcGate14', '1', 2),
(5186, 'Rashed\r', '2023-11-30 10:40:26.000000', '2023-11-30 10:40:26.000000', 0, 0, 'DmcGate14', 'DMC78', 2),
(5187, 'Rashed\r', '2023-11-30 10:40:29.000000', '2023-11-30 10:40:29.000000', 0, 0, 'DmcGate14', 'DMC78', 2),
(5188, 'NAYEMURRAHMAN\r', '2023-11-30 13:38:42.000000', '2023-11-30 13:38:42.000000', 0, 0, 'DmcGate14', 'DMC70', 2),
(5189, 'NAYEMURRAHMAN\r', '2023-11-30 13:38:45.000000', '2023-11-30 13:38:45.000000', 0, 0, 'DmcGate14', 'DMC70', 2),
(5190, 'NAYEMURRAHMAN\r', '2023-11-30 13:38:48.000000', '2023-11-30 13:38:48.000000', 0, 0, 'DmcGate14', 'DMC70', 2),
(5191, 'NAYEMURRAHMAN\r', '2023-11-30 13:38:51.000000', '2023-11-30 13:38:51.000000', 0, 0, 'DmcGate14', 'DMC70', 2),
(5192, 'rezvi\r', '2023-11-30 15:31:27.000000', '2023-11-30 15:31:27.000000', 0, 0, 'DmcGate14', '1', 2),
(5193, 'rezvi\r', '2023-11-30 15:31:30.000000', '2023-11-30 15:31:30.000000', 0, 0, 'DmcGate14', '1', 2),
(5194, 'rezvi\r', '2023-11-30 15:31:32.000000', '2023-11-30 15:31:32.000000', 0, 0, 'DmcGate14', '1', 2),
(5195, 'rezvi\r', '2023-11-30 16:11:45.000000', '2023-11-30 16:11:45.000000', 0, 0, 'DmcGate14', '1', 2),
(5196, 'rezvi\r', '2023-11-30 16:11:47.000000', '2023-11-30 16:11:47.000000', 0, 0, 'DmcGate14', '1', 2),
(5197, 'rezvi\r', '2023-11-30 16:11:50.000000', '2023-11-30 16:11:50.000000', 0, 0, 'DmcGate14', '1', 2),
(5198, 'rezvi\r', '2023-11-30 16:26:40.000000', '2023-11-30 16:26:40.000000', 0, 0, 'DmcGate14', '1', 2),
(5199, 'rezvi\r', '2023-11-30 16:34:04.000000', '2023-11-30 16:34:04.000000', 0, 0, 'DmcGate14', '1', 2),
(5200, 'rezvi\r', '2023-11-30 16:49:09.000000', '2023-11-30 16:49:09.000000', 0, 0, 'DmcGate14', '1', 2),
(5201, 'rezvi\r', '2023-11-30 17:08:46.000000', '2023-11-30 17:08:46.000000', 0, 0, 'DmcGate14', '1', 2),
(5202, 'rezvi\r', '2023-11-30 17:08:49.000000', '2023-11-30 17:08:49.000000', 0, 0, 'DmcGate14', '1', 2),
(5203, 'Mihal\r', '2023-11-30 17:08:54.000000', '2023-11-30 17:08:54.000000', 0, 0, 'DmcGate14', 'DMC76', 2),
(5204, 'Mihal\r', '2023-11-30 17:08:57.000000', '2023-11-30 17:08:57.000000', 0, 0, 'DmcGate14', 'DMC76', 2),
(5205, 'rezvi\r', '2023-11-30 17:15:00.000000', '2023-11-30 17:15:00.000000', 0, 0, 'DmcGate14', '1', 2),
(5206, 'Nazmul\r', '2023-11-30 17:36:07.000000', '2023-11-30 17:36:07.000000', 0, 0, 'DmcGate14', 'DMC79', 2),
(5207, 'Nazmul\r', '2023-11-30 17:36:10.000000', '2023-11-30 17:36:10.000000', 0, 0, 'DmcGate14', 'DMC79', 2),
(5208, 'Nazmul\r', '2023-11-30 17:36:10.000000', '2023-11-30 17:36:10.000000', 0, 0, 'DmcGate14', 'DMC79', 2),
(5209, 'Prince\r', '2023-11-30 17:36:15.000000', '2023-11-30 17:36:15.000000', 0, 0, 'DmcGate14', 'DMC77', 2),
(5210, 'rezvi\r', '2023-12-06 16:58:18.000000', '2023-12-06 16:58:18.000000', 0, 0, 'DmcGate14', '1', 2),
(5211, 'rezvi\r', '2023-12-06 16:58:20.000000', '2023-12-06 16:58:20.000000', 0, 0, 'DmcGate14', '1', 2),
(5212, 'rezvi\r', '2023-12-06 17:23:51.000000', '2023-12-06 17:23:51.000000', 0, 0, 'DmcGate14', '1', 2),
(5213, 'rezvi\r', '2023-12-06 17:23:54.000000', '2023-12-06 17:23:54.000000', 0, 0, 'DmcGate14', '1', 2),
(5214, 'rezvi\r', '2023-12-06 17:23:59.000000', '2023-12-06 17:23:59.000000', 0, 0, 'DmcGate14', '1', 2),
(5215, 'rezvi\r', '2023-12-06 17:24:01.000000', '2023-12-06 17:24:01.000000', 0, 0, 'DmcGate14', '1', 2),
(5216, 'Prince\r', '2023-12-06 18:22:56.000000', '2023-12-06 18:22:56.000000', 0, 0, 'DmcGate14', 'DMC77', 2),
(5217, 'Prince\r', '2023-12-06 18:23:03.000000', '2023-12-06 18:23:03.000000', 0, 0, 'DmcGate14', 'DMC77', 2),
(5218, 'Prince\r', '2023-12-06 18:23:14.000000', '2023-12-06 18:23:14.000000', 0, 0, 'DmcGate14', 'DMC77', 2),
(5219, 'Prince\r', '2023-12-06 18:23:22.000000', '2023-12-06 18:23:22.000000', 0, 0, 'DmcGate14', 'DMC77', 2),
(5220, 'rezvi\r', '2023-12-07 10:17:54.000000', '2023-12-07 10:17:54.000000', 0, 0, 'DmcGate14', '1', 2),
(5221, 'rezvi\r', '2023-12-07 10:17:54.000000', '2023-12-07 10:17:54.000000', 0, 0, 'DmcGate14', '1', 2),
(5222, 'rezvi\r', '2023-12-07 10:18:07.000000', '2023-12-07 10:18:07.000000', 0, 0, 'DmcGate14', '1', 2),
(5223, 'Mirazuddin\r', '2023-12-07 12:03:39.000000', '2023-12-07 12:03:39.000000', 0, 0, 'DmcGate14', 'DMC74', 2),
(5224, 'Mirazuddin\r', '2023-12-07 12:03:40.000000', '2023-12-07 12:03:40.000000', 0, 0, 'DmcGate14', 'DMC74', 2),
(5225, 'Prince\r', '2023-12-07 13:26:57.000000', '2023-12-07 13:26:57.000000', 0, 0, 'DmcGate14', 'DMC77', 2),
(5226, 'Prince\r', '2023-12-07 13:27:01.000000', '2023-12-07 13:27:01.000000', 0, 0, 'DmcGate14', 'DMC77', 2),
(5227, 'Prince\r', '2023-12-07 13:27:05.000000', '2023-12-07 13:27:05.000000', 0, 0, 'DmcGate14', 'DMC77', 2),
(5228, 'Prince\r', '2023-12-07 13:29:29.000000', '2023-12-07 13:29:29.000000', 0, 0, 'DmcGate14', 'DMC77', 2),
(5229, 'MAMUN\r', '2023-12-07 13:43:41.000000', '2023-12-07 13:43:41.000000', 0, 0, 'DmcGate14', 'DMC69', 2),
(5230, 'MAMUN\r', '2023-12-07 13:44:00.000000', '2023-12-07 13:44:00.000000', 0, 0, 'DmcGate14', 'DMC69', 2),
(5231, 'Prince\r', '2023-12-07 18:01:05.000000', '2023-12-07 18:01:05.000000', 0, 0, 'DmcGate14', 'DMC77', 2),
(5232, 'Prince\r', '2023-12-07 18:01:06.000000', '2023-12-07 18:01:06.000000', 0, 0, 'DmcGate14', 'DMC77', 2),
(5233, 'Mr.Tanim\r', '2023-12-07 18:14:42.000000', '2023-12-07 18:14:42.000000', 0, 0, 'DmcGate14', 'DMC78', 2),
(5234, 'Mr.Tanim\r', '2023-12-07 18:14:45.000000', '2023-12-07 18:14:45.000000', 0, 0, 'DmcGate14', 'DMC78', 2),
(5235, 'Azad\r', '2023-12-10 12:16:41.000000', '2023-12-10 12:16:41.000000', 0, 0, 'DmcGate14', 'DMC75', 2),
(5236, 'Urmi Hera\r', '2023-12-10 12:16:48.000000', '2023-12-10 12:16:48.000000', 0, 0, 'DmcGate14', 'DMC40', 2),
(5237, 'Urmi Hera\r', '2023-12-10 12:35:11.000000', '2023-12-10 12:35:11.000000', 0, 0, 'DmcGate14', 'DMC40', 2),
(5238, 'Urmi Hera\r', '2023-12-10 13:03:17.000000', '2023-12-10 13:03:17.000000', 0, 0, 'DmcGate14', 'DMC40', 2),
(5239, 'NAYEMURRAHMAN\r', '2023-12-10 13:05:49.000000', '2023-12-10 13:05:49.000000', 0, 0, 'DmcGate14', 'DMC70', 2),
(5240, 'Nazmul\r', '2023-12-10 13:09:20.000000', '2023-12-10 13:09:20.000000', 0, 0, 'DmcGate14', 'DMC79', 2),
(5241, 'Nazmul\r', '2023-12-10 13:09:21.000000', '2023-12-10 13:09:21.000000', 0, 0, 'DmcGate14', 'DMC79', 2),
(5242, 'MAMUN\r', '2023-12-10 13:20:23.000000', '2023-12-10 13:20:23.000000', 0, 0, 'DmcGate14', 'DMC69', 2),
(5243, 'Mr.Tanim\r', '2023-12-10 13:20:25.000000', '2023-12-10 13:20:25.000000', 0, 0, 'DmcGate14', 'DMC78', 2),
(5244, 'Mr.Tanim\r', '2023-12-10 13:20:29.000000', '2023-12-10 13:20:29.000000', 0, 0, 'DmcGate14', 'DMC78', 2),
(5245, 'Mr.Tanim\r', '2023-12-10 13:20:32.000000', '2023-12-10 13:20:32.000000', 0, 0, 'DmcGate14', 'DMC78', 2),
(5246, 'MAMUN\r', '2023-12-10 13:20:34.000000', '2023-12-10 13:20:34.000000', 0, 0, 'DmcGate14', 'DMC69', 2),
(5247, 'MAMUN\r', '2023-12-10 13:20:39.000000', '2023-12-10 13:20:39.000000', 0, 0, 'DmcGate14', 'DMC69', 2),
(5248, 'Prince\r', '2023-12-10 13:20:40.000000', '2023-12-10 13:20:40.000000', 0, 0, 'DmcGate14', 'DMC77', 2),
(5249, 'MAMUN\r', '2023-12-10 13:20:41.000000', '2023-12-10 13:20:41.000000', 0, 0, 'DmcGate14', 'DMC69', 2),
(5250, 'Mr.Tanim\r', '2023-12-10 13:20:43.000000', '2023-12-10 13:20:43.000000', 0, 0, 'DmcGate14', 'DMC78', 2),
(5251, 'MAMUN\r', '2023-12-10 13:20:46.000000', '2023-12-10 13:20:46.000000', 0, 0, 'DmcGate14', 'DMC69', 2),
(5252, 'Mr.Tanim\r', '2023-12-10 13:20:49.000000', '2023-12-10 13:20:49.000000', 0, 0, 'DmcGate14', 'DMC78', 2),
(5253, 'Mr.Tanim\r', '2023-12-10 13:20:52.000000', '2023-12-10 13:20:52.000000', 0, 0, 'DmcGate1', 'DMC78', 2),
(5254, 'Mr.Tanim\r', '2023-12-10 13:20:55.000000', '2023-12-10 13:20:55.000000', 0, 0, 'DmcGate14', 'DMC78', 2),
(5255, 'MAMUN\r', '2023-12-10 13:20:58.000000', '2023-12-10 13:20:58.000000', 0, 0, 'DmcGate14', 'DMC69', 2),
(5256, 'Mr.Tanim\r', '2023-12-10 13:20:59.000000', '2023-12-10 13:20:59.000000', 0, 0, 'DmcGate1', 'DMC78', 2),
(5257, 'Mr.Tanim\r', '2023-12-10 13:21:02.000000', '2023-12-10 13:21:02.000000', 0, 0, 'DmcGate14', 'DMC78', 2),
(5258, 'MAMUN\r', '2023-12-10 13:21:07.000000', '2023-12-10 13:21:07.000000', 0, 0, 'DmcGate14', 'DMC69', 2),
(5259, 'MAMUN\r', '2023-12-10 13:21:10.000000', '2023-12-10 13:21:10.000000', 0, 0, 'DmcGate14', 'DMC69', 2),
(5260, 'Mr.Tanim\r', '2023-12-10 13:21:14.000000', '2023-12-10 13:21:14.000000', 0, 0, 'DmcGate14', 'DMC78', 2),
(5261, 'Mr.Tanim\r', '2023-12-10 13:21:27.000000', '2023-12-10 13:21:27.000000', 0, 0, 'DmcGate14', 'DMC78', 2),
(5262, 'Mr.Tanim\r', '2023-12-10 13:21:30.000000', '2023-12-10 13:21:30.000000', 0, 0, 'DmcGate14', 'DMC78', 2),
(5263, 'Mr.Tanim\r', '2023-12-10 13:21:33.000000', '2023-12-10 13:21:33.000000', 0, 0, 'DmcGate14', 'DMC78', 2),
(5264, 'Mr.Tanim\r', '2023-12-10 13:21:37.000000', '2023-12-10 13:21:37.000000', 0, 0, 'DmcGate14', 'DMC78', 2),
(5265, 'MAMUN\r', '2023-12-10 13:22:08.000000', '2023-12-10 13:22:08.000000', 0, 0, 'DmcGate14', 'DMC69', 2),
(5266, 'MAMUN\r', '2023-12-10 13:22:09.000000', '2023-12-10 13:22:09.000000', 0, 0, 'DmcGate14', 'DMC69', 2),
(5267, 'Prince\r', '2023-12-10 13:22:38.000000', '2023-12-10 13:22:38.000000', 0, 0, 'DmcGate14', 'DMC77', 2),
(5268, 'MAMUN\r', '2023-12-10 13:22:58.000000', '2023-12-10 13:22:58.000000', 0, 0, 'DmcGate14', 'DMC69', 2),
(5269, 'Prince\r', '2023-12-10 13:23:08.000000', '2023-12-10 13:23:08.000000', 0, 0, 'DmcGate14', 'DMC77', 2),
(5270, 'Prince\r', '2023-12-10 13:23:15.000000', '2023-12-10 13:23:15.000000', 0, 0, 'DmcGate14', 'DMC77', 2),
(5271, 'MAMUN\r', '2023-12-10 13:24:04.000000', '2023-12-10 13:24:04.000000', 0, 0, 'DmcGate14', 'DMC69', 2),
(5272, 'jiaur\r', '2023-12-10 13:24:12.000000', '2023-12-10 13:24:12.000000', 0, 0, 'DmcGate14', 'DMC60', 2),
(5273, 'jiaur\r', '2023-12-10 13:26:01.000000', '2023-12-10 13:26:01.000000', 0, 0, 'DmcGate14', 'DMC60', 2),
(5274, 'jiaur\r', '2023-12-10 13:26:04.000000', '2023-12-10 13:26:04.000000', 0, 0, 'DmcGate14', 'DMC60', 2),
(5275, 'jiaur\r', '2023-12-10 13:26:07.000000', '2023-12-10 13:26:07.000000', 0, 0, 'DmcGate14', 'DMC60', 2),
(5276, 'Prince\r', '2023-12-10 13:28:52.000000', '2023-12-10 13:28:52.000000', 0, 0, 'DmcGate14', 'DMC77', 2),
(5277, 'Prince\r', '2023-12-10 13:28:56.000000', '2023-12-10 13:28:56.000000', 0, 0, 'DmcGate14', 'DMC77', 2),
(5278, 'Prince\r', '2023-12-10 13:28:59.000000', '2023-12-10 13:28:59.000000', 0, 0, 'DmcGate1', 'DMC77', 2),
(5279, 'Prince\r', '2023-12-10 13:29:02.000000', '2023-12-10 13:29:02.000000', 0, 0, 'DmcGate1', 'DMC77', 2),
(5280, 'Prince\r', '2023-12-10 13:29:06.000000', '2023-12-10 13:29:06.000000', 0, 0, 'DmcGate14', 'DMC77', 2),
(5281, 'Prince\r', '2023-12-10 13:29:12.000000', '2023-12-10 13:29:12.000000', 0, 0, 'DmcGate14', 'DMC77', 2),
(5282, 'Prince\r', '2023-12-10 13:29:15.000000', '2023-12-10 13:29:15.000000', 0, 0, 'DmcGate14', 'DMC77', 2),
(5283, 'Prince\r', '2023-12-10 13:29:18.000000', '2023-12-10 13:29:18.000000', 0, 0, 'DmcGate14', 'DMC77', 2),
(5284, 'Nazmul\r', '2023-12-10 13:30:58.000000', '2023-12-10 13:30:58.000000', 0, 0, 'DmcGate14', 'DMC79', 2),
(5285, 'Prince\r', '2023-12-10 13:31:32.000000', '2023-12-10 13:31:32.000000', 0, 0, 'DmcGate14', 'DMC77', 2),
(5286, 'NAYEMURRAHMAN\r', '2023-12-10 13:40:16.000000', '2023-12-10 13:40:16.000000', 0, 0, 'DmcGate14', 'DMC70', 2),
(5287, 'NAYEMURRAHMAN\r', '2023-12-10 13:40:26.000000', '2023-12-10 13:40:26.000000', 0, 0, 'DmcGate14', 'DMC70', 2),
(5288, 'Mr.Tanim\r', '2023-12-10 13:42:15.000000', '2023-12-10 13:42:15.000000', 0, 0, 'DmcGate14', 'DMC78', 2),
(5289, 'jiaur\r', '2023-12-10 13:44:06.000000', '2023-12-10 13:44:06.000000', 0, 0, 'DmcGate14', 'DMC60', 2),
(5290, 'Azad\r', '2023-12-10 13:56:16.000000', '2023-12-10 13:56:16.000000', 0, 0, 'DmcGate14', 'DMC75', 2),
(5291, 'MAMUN\r', '2023-12-10 14:05:46.000000', '2023-12-10 14:05:46.000000', 0, 0, 'DmcGate14', 'DMC69', 2),
(5292, 'Azad\r', '2023-12-10 14:09:47.000000', '2023-12-10 14:09:47.000000', 0, 0, 'DmcGate14', 'DMC75', 2),
(5293, 'rezvi\r', '2023-12-10 14:24:04.000000', '2023-12-10 14:24:04.000000', 0, 0, 'DmcGate14', '1', 2),
(5294, 'rezvi\r', '2023-12-10 14:27:50.000000', '2023-12-10 14:27:50.000000', 0, 0, 'DmcGate14', '1', 2),
(5295, 'MAMUN\r', '2023-12-10 14:28:00.000000', '2023-12-10 14:28:00.000000', 0, 0, 'DmcGate14', 'DMC69', 2),
(5296, 'rezvi\r', '2023-12-10 14:28:11.000000', '2023-12-10 14:28:11.000000', 0, 0, 'DmcGate14', '1', 2),
(5297, 'rezvi\r', '2023-12-10 14:28:15.000000', '2023-12-10 14:28:15.000000', 0, 0, 'DmcGate14', '1', 2),
(5298, 'rezvi\r', '2023-12-10 14:28:18.000000', '2023-12-10 14:28:18.000000', 0, 0, 'DmcGate14', '1', 2),
(5299, 'rezvi\r', '2023-12-10 14:28:24.000000', '2023-12-10 14:28:24.000000', 0, 0, 'DmcGate14', '1', 2),
(5300, 'rezvi\r', '2023-12-10 14:31:14.000000', '2023-12-10 14:31:14.000000', 0, 0, 'DmcGate14', '1', 2),
(5301, 'rezvi\r', '2023-12-10 14:31:28.000000', '2023-12-10 14:31:28.000000', 0, 0, 'DmcGate14', '1', 2),
(5302, 'rezvi\r', '2023-12-10 14:31:34.000000', '2023-12-10 14:31:34.000000', 0, 0, 'DmcGate14', '1', 2),
(5303, 'rezvi\r', '2023-12-10 14:31:41.000000', '2023-12-10 14:31:41.000000', 0, 0, 'DmcGate14', '1', 2),
(5304, 'rezvi\r', '2023-12-10 14:31:44.000000', '2023-12-10 14:31:44.000000', 0, 0, 'DmcGate14', '1', 2),
(5305, 'rezvi\r', '2023-12-10 14:32:06.000000', '2023-12-10 14:32:06.000000', 0, 0, 'DmcGate14', '1', 2),
(5306, 'NAYEMURRAHMAN\r', '2023-12-10 14:32:12.000000', '2023-12-10 14:32:12.000000', 0, 0, 'DmcGate14', 'DMC70', 2),
(5307, 'NAYEMURRAHMAN\r', '2023-12-10 14:53:47.000000', '2023-12-10 14:53:47.000000', 0, 0, 'DmcGate14', 'DMC70', 2),
(5308, 'NAYEMURRAHMAN\r', '2023-12-10 14:53:55.000000', '2023-12-10 14:53:55.000000', 0, 0, 'DmcGate14', 'DMC70', 2),
(5309, 'NAYEMURRAHMAN\r', '2023-12-10 14:53:59.000000', '2023-12-10 14:53:59.000000', 0, 0, 'DmcGate14', 'DMC70', 2),
(5310, 'Prince\r', '2023-12-10 14:54:11.000000', '2023-12-10 14:54:11.000000', 0, 0, 'DmcGate14', 'DMC77', 2),
(5311, 'Prince\r', '2023-12-10 15:17:02.000000', '2023-12-10 15:17:02.000000', 0, 0, 'DmcGate14', 'DMC77', 2),
(5312, 'Prince\r', '2023-12-10 15:17:06.000000', '2023-12-10 15:17:06.000000', 0, 0, 'DmcGate14', 'DMC77', 2),
(5313, 'Prince\r', '2023-12-10 15:17:09.000000', '2023-12-10 15:17:09.000000', 0, 0, 'DmcGate14', 'DMC77', 2),
(5314, 'Prince\r', '2023-12-10 15:17:12.000000', '2023-12-10 15:17:12.000000', 0, 0, 'DmcGate14', 'DMC77', 2),
(5315, 'Prince\r', '2023-12-10 15:17:16.000000', '2023-12-10 15:17:16.000000', 0, 0, 'DmcGate14', 'DMC77', 2),
(5316, 'jamiul\r', '2023-12-10 15:33:54.000000', '2023-12-10 15:33:54.000000', 0, 0, 'DmcGate14', 'DMC66', 2),
(5317, 'jamiul\r', '2023-12-10 15:33:57.000000', '2023-12-10 15:33:57.000000', 0, 0, 'DmcGate14', 'DMC66', 2),
(5318, 'jamiul\r', '2023-12-10 15:40:48.000000', '2023-12-10 15:40:48.000000', 0, 0, 'DmcGate14', 'DMC66', 2),
(5319, 'jamiul\r', '2023-12-10 15:41:16.000000', '2023-12-10 15:41:16.000000', 0, 0, 'DmcGate14', 'DMC66', 2),
(5320, 'jamiul\r', '2023-12-10 15:59:05.000000', '2023-12-10 15:59:05.000000', 0, 0, 'DmcGate14', 'DMC66', 2),
(5321, 'Urmi Hera\r', '2023-12-10 16:09:41.000000', '2023-12-10 16:09:41.000000', 0, 0, 'DmcGate14', 'DMC40', 2),
(5322, 'Urmi Hera\r', '2023-12-10 16:09:41.000000', '2023-12-10 16:09:41.000000', 0, 0, 'DmcGate14', 'DMC40', 2),
(5323, 'Prince\r', '2023-12-10 16:11:09.000000', '2023-12-10 16:11:09.000000', 0, 0, 'DmcGate14', 'DMC77', 2),
(5324, 'Urmi Hera\r', '2023-12-10 16:16:13.000000', '2023-12-10 16:16:13.000000', 0, 0, 'DmcGate14', 'DMC40', 2),
(5325, 'Azad\r', '2023-12-10 16:16:37.000000', '2023-12-10 16:16:37.000000', 0, 0, 'DmcGate14', 'DMC75', 2),
(5326, 'Prince\r', '2023-12-10 16:18:20.000000', '2023-12-10 16:18:20.000000', 0, 0, 'DmcGate14', 'DMC77', 2),
(5327, 'jiaur\r', '2023-12-10 16:20:58.000000', '2023-12-10 16:20:58.000000', 0, 0, 'DmcGate14', 'DMC60', 2),
(5328, 'Azad\r', '2023-12-10 16:21:37.000000', '2023-12-10 16:21:37.000000', 0, 0, 'DmcGate14', 'DMC75', 2),
(5329, 'Azad\r', '2023-12-10 16:21:37.000000', '2023-12-10 16:21:37.000000', 0, 0, 'DmcGate14', 'DMC75', 2),
(5330, 'Nazmul\r', '2023-12-10 16:25:23.000000', '2023-12-10 16:25:23.000000', 0, 0, 'DmcGate14', 'DMC79', 2),
(5331, 'Mihal\r', '2023-12-10 16:27:14.000000', '2023-12-10 16:27:14.000000', 0, 0, 'DmcGate14', 'DMC76', 2),
(5332, 'Prince\r', '2023-12-10 16:51:39.000000', '2023-12-10 16:51:39.000000', 0, 0, 'DmcGate14', 'DMC77', 2),
(5333, 'Prince\r', '2023-12-10 16:51:42.000000', '2023-12-10 16:51:42.000000', 0, 0, 'DmcGate14', 'DMC77', 2),
(5334, 'Prince\r', '2023-12-10 16:51:45.000000', '2023-12-10 16:51:45.000000', 0, 0, 'DmcGate14', 'DMC77', 2),
(5335, 'Urmi Hera\r', '2023-12-10 16:56:22.000000', '2023-12-10 16:56:22.000000', 0, 0, 'DmcGate14', 'DMC40', 2),
(5336, 'Urmi Hera\r', '2023-12-10 16:56:25.000000', '2023-12-10 16:56:25.000000', 0, 0, 'DmcGate14', 'DMC40', 2),
(5337, 'jiaur\r', '2023-12-10 17:01:36.000000', '2023-12-10 17:01:36.000000', 0, 0, 'DmcGate14', 'DMC60', 2),
(5338, 'jiaur\r', '2023-12-10 17:05:19.000000', '2023-12-10 17:05:19.000000', 0, 0, 'DmcGate14', 'DMC60', 2),
(5339, 'Prince\r', '2023-12-10 17:05:23.000000', '2023-12-10 17:05:23.000000', 0, 0, 'DmcGate14', 'DMC77', 2),
(5340, 'Prince\r', '2023-12-10 17:05:27.000000', '2023-12-10 17:05:27.000000', 0, 0, 'DmcGate14', 'DMC77', 2),
(5341, 'Prince\r', '2023-12-10 17:05:33.000000', '2023-12-10 17:05:33.000000', 0, 0, 'DmcGate14', 'DMC77', 2),
(5342, 'Prince\r', '2023-12-10 17:05:36.000000', '2023-12-10 17:05:36.000000', 0, 0, 'DmcGate14', 'DMC77', 2),
(5343, 'Prince\r', '2023-12-10 17:07:15.000000', '2023-12-10 17:07:15.000000', 0, 0, 'DmcGate14', 'DMC77', 2),
(5344, 'Nazmul\r', '2023-12-10 17:17:31.000000', '2023-12-10 17:17:31.000000', 0, 0, 'DmcGate14', 'DMC79', 2),
(5345, 'Urmi Hera\r', '2023-12-10 17:23:59.000000', '2023-12-10 17:23:59.000000', 0, 0, 'DmcGate14', 'DMC40', 2),
(5346, 'MAMUN\r', '2023-12-10 17:25:00.000000', '2023-12-10 17:25:00.000000', 0, 0, 'DmcGate14', 'DMC69', 2),
(5347, 'Mihal\r', '2023-12-10 17:25:29.000000', '2023-12-10 17:25:29.000000', 0, 0, 'DmcGate14', 'DMC76', 2),
(5348, 'Azad\r', '2023-12-10 17:25:37.000000', '2023-12-10 17:25:37.000000', 0, 0, 'DmcGate14', 'DMC75', 2),
(5349, 'Nazmul\r', '2023-12-10 17:26:03.000000', '2023-12-10 17:26:03.000000', 0, 0, 'DmcGate14', 'DMC79', 2),
(5350, 'Nazmul\r', '2023-12-10 17:26:06.000000', '2023-12-10 17:26:06.000000', 0, 0, 'DmcGate14', 'DMC79', 2),
(5351, 'Prince\r', '2023-12-10 17:32:19.000000', '2023-12-10 17:32:19.000000', 0, 0, 'DmcGate14', 'DMC77', 2),
(5352, 'Prince\r', '2023-12-10 17:32:24.000000', '2023-12-10 17:32:24.000000', 0, 0, 'DmcGate14', 'DMC77', 2),
(5353, 'Prince\r', '2023-12-10 17:34:13.000000', '2023-12-10 17:34:13.000000', 0, 0, 'DmcGate14', 'DMC77', 2),
(5354, 'Prince\r', '2023-12-10 17:34:20.000000', '2023-12-10 17:34:20.000000', 0, 0, 'DmcGate14', 'DMC77', 2),
(5355, 'Prince\r', '2023-12-10 17:34:25.000000', '2023-12-10 17:34:25.000000', 0, 0, 'DmcGate14', 'DMC77', 2),
(5356, 'Prince\r', '2023-12-10 17:34:35.000000', '2023-12-10 17:34:35.000000', 0, 0, 'DmcGate14', 'DMC77', 2),
(5357, 'Prince\r', '2023-12-10 17:34:50.000000', '2023-12-10 17:34:50.000000', 0, 0, 'DmcGate14', 'DMC77', 2),
(5358, 'Prince\r', '2023-12-10 17:35:31.000000', '2023-12-10 17:35:31.000000', 0, 0, 'DmcGate14', 'DMC77', 2),
(5359, 'Urmi Hera\r', '2023-12-10 17:36:55.000000', '2023-12-10 17:36:55.000000', 0, 0, 'DmcGate14', 'DMC40', 2),
(5360, 'Nazmul\r', '2023-12-10 17:45:29.000000', '2023-12-10 17:45:29.000000', 0, 0, 'DmcGate14', 'DMC79', 2),
(5361, 'MAMUN\r', '2023-12-10 18:02:22.000000', '2023-12-10 18:02:22.000000', 0, 0, 'DmcGate14', 'DMC69', 2),
(5362, 'jamiul\r', '2023-12-10 18:04:27.000000', '2023-12-10 18:04:27.000000', 0, 0, 'DmcGate14', 'DMC66', 2),
(5363, 'Azad\r', '2023-12-10 18:04:40.000000', '2023-12-10 18:04:40.000000', 0, 0, 'DmcGate14', 'DMC75', 2),
(5364, 'Mihal\r', '2023-12-10 18:09:44.000000', '2023-12-10 18:09:44.000000', 0, 0, 'DmcGate14', 'DMC76', 2),
(5365, 'Azad\r', '2023-12-10 18:12:45.000000', '2023-12-10 18:12:45.000000', 0, 0, 'DmcGate14', 'DMC75', 2),
(5366, 'Mihal\r', '2023-12-10 18:12:47.000000', '2023-12-10 18:12:47.000000', 0, 0, 'DmcGate14', 'DMC76', 2),
(5367, 'Urmi Hera\r', '2023-12-10 18:23:28.000000', '2023-12-10 18:23:28.000000', 0, 0, 'DmcGate14', 'DMC40', 2),
(5368, 'Mihal\r', '2023-12-10 18:24:26.000000', '2023-12-10 18:24:26.000000', 0, 0, 'DmcGate14', 'DMC76', 2),
(5369, 'Mihal\r', '2023-12-10 18:26:27.000000', '2023-12-10 18:26:27.000000', 0, 0, 'DmcGate14', 'DMC76', 2),
(5370, 'Nazmul\r', '2023-12-10 18:28:23.000000', '2023-12-10 18:28:23.000000', 0, 0, 'DmcGate14', 'DMC79', 2),
(5371, 'Urmi Hera\r', '2023-12-10 18:40:00.000000', '2023-12-10 18:40:00.000000', 0, 0, 'DmcGate1', 'DMC40', 2),
(5372, 'Azad\r', '2023-12-11 08:41:30.000000', '2023-12-11 08:41:30.000000', 0, 0, 'DmcGate14', 'DMC75', 2),
(5373, 'Azad\r', '2023-12-11 08:42:51.000000', '2023-12-11 08:42:51.000000', 0, 0, 'DmcGate14', 'DMC75', 2),
(5374, 'jiaur\r', '2023-12-11 08:55:40.000000', '2023-12-11 08:55:40.000000', 0, 0, 'DmcGate14', 'DMC60', 2),
(5375, 'Azad\r', '2023-12-11 09:04:15.000000', '2023-12-11 09:04:15.000000', 0, 0, 'DmcGate14', 'DMC75', 2),
(5376, 'NAYEMURRAHMAN\r', '2023-12-11 09:14:22.000000', '2023-12-11 09:14:22.000000', 0, 0, 'DmcGate14', 'DMC70', 2),
(5377, 'Prince\r', '2023-12-11 09:14:29.000000', '2023-12-11 09:14:29.000000', 0, 0, 'DmcGate14', 'DMC77', 2),
(5378, 'Prince\r', '2023-12-11 09:15:50.000000', '2023-12-11 09:15:50.000000', 0, 0, 'DmcGate14', 'DMC77', 2),
(5379, 'Mihal\r', '2023-12-11 09:21:41.000000', '2023-12-11 09:21:41.000000', 0, 0, 'DmcGate14', 'DMC76', 2),
(5380, 'Prince\r', '2023-12-11 09:52:40.000000', '2023-12-11 09:52:40.000000', 0, 0, 'DmcGate14', 'DMC77', 2),
(5381, 'Prince\r', '2023-12-11 10:01:04.000000', '2023-12-11 10:01:04.000000', 0, 0, 'DmcGate14', 'DMC77', 2),
(5382, 'jiaur\r', '2023-12-11 10:07:33.000000', '2023-12-11 10:07:33.000000', 0, 0, 'DmcGate14', 'DMC60', 2),
(5383, 'Azad\r', '2023-12-11 10:14:37.000000', '2023-12-11 10:14:37.000000', 0, 0, 'DmcGate14', 'DMC75', 2),
(5384, 'Azad\r', '2023-12-11 10:23:59.000000', '2023-12-11 10:23:59.000000', 0, 0, 'DmcGate14', 'DMC75', 2),
(5385, 'Azad\r', '2023-12-11 10:25:11.000000', '2023-12-11 10:25:11.000000', 0, 0, 'DmcGate1', 'DMC75', 2),
(5386, 'Nazmul\r', '2023-12-11 10:27:06.000000', '2023-12-11 10:27:06.000000', 0, 0, 'DmcGate14', 'DMC79', 2),
(5387, 'Mihal\r', '2023-12-11 10:41:57.000000', '2023-12-11 10:41:57.000000', 0, 0, 'DmcGate14', 'DMC76', 2),
(5388, 'Mihal\r', '2023-12-11 11:15:43.000000', '2023-12-11 11:15:43.000000', 0, 0, 'DmcGate14', 'DMC76', 2),
(5389, 'MAMUN\r', '2023-12-11 11:27:20.000000', '2023-12-11 11:27:20.000000', 0, 0, 'DmcGate14', 'DMC69', 2),
(5390, 'Urmi Hera\r', '2023-12-11 11:27:43.000000', '2023-12-11 11:27:43.000000', 0, 0, 'DmcGate14', 'DMC40', 2),
(5391, 'Urmi Hera\r', '2023-12-11 11:28:30.000000', '2023-12-11 11:28:30.000000', 0, 0, 'DmcGate14', 'DMC40', 2),
(5392, 'Urmi Hera\r', '2023-12-11 11:30:06.000000', '2023-12-11 11:30:06.000000', 0, 0, 'DmcGate14', 'DMC40', 2),
(5393, 'Urmi Hera\r', '2023-12-11 11:30:46.000000', '2023-12-11 11:30:46.000000', 0, 0, 'DmcGate14', 'DMC40', 2),
(5394, 'Azad\r', '2023-12-11 11:34:20.000000', '2023-12-11 11:34:20.000000', 0, 0, 'DmcGate14', 'DMC75', 2),
(5395, 'NAYEMURRAHMAN\r', '2023-12-11 12:10:15.000000', '2023-12-11 12:10:15.000000', 0, 0, 'DmcGate14', 'DMC70', 2),
(5396, 'NAYEMURRAHMAN\r', '2023-12-11 12:10:20.000000', '2023-12-11 12:10:20.000000', 0, 0, 'DmcGate14', 'DMC70', 2),
(5397, 'Prince\r', '2023-12-11 12:20:17.000000', '2023-12-11 12:20:17.000000', 0, 0, 'DmcGate14', 'DMC77', 2),
(5398, 'Urmi Hera\r', '2023-12-11 13:02:57.000000', '2023-12-11 13:02:57.000000', 0, 0, 'DmcGate14', 'DMC40', 2),
(5399, 'Urmi Hera\r', '2023-12-11 13:03:39.000000', '2023-12-11 13:03:39.000000', 0, 0, 'DmcGate14', 'DMC40', 2),
(5400, 'Urmi Hera\r', '2023-12-11 13:04:07.000000', '2023-12-11 13:04:07.000000', 0, 0, 'DmcGate14', 'DMC40', 2),
(5401, 'MAMUN\r', '2023-12-11 13:31:33.000000', '2023-12-11 13:31:33.000000', 0, 0, 'DmcGate14', 'DMC69', 2),
(5402, 'MAMUN\r', '2023-12-11 13:31:41.000000', '2023-12-11 13:31:41.000000', 0, 0, 'DmcGate14', 'DMC69', 2),
(5403, 'MAMUN\r', '2023-12-11 13:37:14.000000', '2023-12-11 13:37:14.000000', 0, 0, 'DmcGate14', 'DMC69', 2),
(5404, 'MAMUN\r', '2023-12-11 13:37:19.000000', '2023-12-11 13:37:19.000000', 0, 0, 'DmcGate14', 'DMC69', 2),
(5405, 'MAMUN\r', '2023-12-11 13:37:22.000000', '2023-12-11 13:37:22.000000', 0, 0, 'DmcGate14', 'DMC69', 2),
(5406, 'MAMUN\r', '2023-12-11 13:37:26.000000', '2023-12-11 13:37:26.000000', 0, 0, 'DmcGate14', 'DMC69', 2),
(5407, 'NAYEMURRAHMAN\r', '2023-12-11 13:42:43.000000', '2023-12-11 13:42:43.000000', 0, 0, 'DmcGate14', 'DMC70', 2),
(5408, 'MAMUN\r', '2023-12-11 13:43:55.000000', '2023-12-11 13:43:55.000000', 0, 0, 'DmcGate14', 'DMC69', 2),
(5409, 'Mirazuddin\r', '2023-12-11 13:44:10.000000', '2023-12-11 13:44:10.000000', 0, 0, 'DmcGate14', 'DMC74', 2),
(5410, 'Mihal\r', '2023-12-11 13:49:50.000000', '2023-12-11 13:49:50.000000', 0, 0, 'DmcGate14', 'DMC76', 2),
(5411, 'Urmi Hera\r', '2023-12-11 14:13:53.000000', '2023-12-11 14:13:53.000000', 0, 0, 'DmcGate14', 'DMC40', 2),
(5412, 'Azad\r', '2023-12-11 14:22:47.000000', '2023-12-11 14:22:47.000000', 0, 0, 'DmcGate14', 'DMC75', 2),
(5413, 'Nazmul\r', '2023-12-11 14:23:00.000000', '2023-12-11 14:23:00.000000', 0, 0, 'DmcGate14', 'DMC79', 2),
(5414, 'Prince\r', '2023-12-11 14:35:08.000000', '2023-12-11 14:35:08.000000', 0, 0, 'DmcGate14', 'DMC77', 2),
(5415, 'Mihal\r', '2023-12-11 14:47:20.000000', '2023-12-11 14:47:20.000000', 0, 0, 'DmcGate14', 'DMC76', 2),
(5416, 'MAMUN\r', '2023-12-11 14:57:16.000000', '2023-12-11 14:57:16.000000', 0, 0, 'DmcGate14', 'DMC69', 2),
(5417, 'MAMUN\r', '2023-12-11 14:58:36.000000', '2023-12-11 14:58:36.000000', 0, 0, 'DmcGate14', 'DMC69', 2),
(5418, 'Mihal\r', '2023-12-11 15:04:41.000000', '2023-12-11 15:04:41.000000', 0, 0, 'DmcGate14', 'DMC76', 2),
(5419, 'Prince\r', '2023-12-11 15:16:17.000000', '2023-12-11 15:16:17.000000', 0, 0, 'DmcGate14', 'DMC77', 2),
(5420, 'Prince\r', '2023-12-11 15:16:33.000000', '2023-12-11 15:16:33.000000', 0, 0, 'DmcGate14', 'DMC77', 2),
(5421, 'jiaur\r', '2023-12-12 08:37:00.000000', '2023-12-12 08:37:00.000000', 0, 0, 'DmcGate14', 'DMC60', 2),
(5422, 'jiaur\r', '2023-12-12 08:37:04.000000', '2023-12-12 08:37:04.000000', 0, 0, 'DmcGate14', 'DMC60', 2),
(5423, 'jiaur\r', '2023-12-12 08:37:07.000000', '2023-12-12 08:37:07.000000', 0, 0, 'DmcGate14', 'DMC60', 2),
(5424, 'jiaur\r', '2023-12-12 08:37:10.000000', '2023-12-12 08:37:10.000000', 0, 0, 'DmcGate14', 'DMC60', 2),
(5425, 'jiaur\r', '2023-12-12 08:37:13.000000', '2023-12-12 08:37:13.000000', 0, 0, 'DmcGate14', 'DMC60', 2),
(5426, 'jiaur\r', '2023-12-12 08:37:16.000000', '2023-12-12 08:37:16.000000', 0, 0, 'DmcGate14', 'DMC60', 2),
(5427, 'jiaur\r', '2023-12-12 08:37:19.000000', '2023-12-12 08:37:19.000000', 0, 0, 'DmcGate14', 'DMC60', 2),
(5428, 'jiaur\r', '2023-12-12 08:37:23.000000', '2023-12-12 08:37:23.000000', 0, 0, 'DmcGate14', 'DMC60', 2),
(5429, 'jiaur\r', '2023-12-12 08:37:26.000000', '2023-12-12 08:37:26.000000', 0, 0, 'DmcGate14', 'DMC60', 2),
(5430, 'jiaur\r', '2023-12-12 08:37:29.000000', '2023-12-12 08:37:29.000000', 0, 0, 'DmcGate14', 'DMC60', 2),
(5431, 'jiaur\r', '2023-12-12 08:37:33.000000', '2023-12-12 08:37:33.000000', 0, 0, 'DmcGate14', 'DMC60', 2),
(5432, 'jiaur\r', '2023-12-12 08:37:36.000000', '2023-12-12 08:37:36.000000', 0, 0, 'DmcGate14', 'DMC60', 2),
(5433, 'jiaur\r', '2023-12-12 08:37:39.000000', '2023-12-12 08:37:39.000000', 0, 0, 'DmcGate14', 'DMC60', 2),
(5434, 'jiaur\r', '2023-12-12 08:37:42.000000', '2023-12-12 08:37:42.000000', 0, 0, 'DmcGate14', 'DMC60', 2),
(5435, 'jiaur\r', '2023-12-12 08:37:48.000000', '2023-12-12 08:37:48.000000', 0, 0, 'DmcGate14', 'DMC60', 2),
(5436, 'jiaur\r', '2023-12-12 08:37:52.000000', '2023-12-12 08:37:52.000000', 0, 0, 'DmcGate14', 'DMC60', 2),
(5437, 'jiaur\r', '2023-12-12 08:37:55.000000', '2023-12-12 08:37:55.000000', 0, 0, 'DmcGate14', 'DMC60', 2),
(5438, 'jiaur\r', '2023-12-12 08:37:59.000000', '2023-12-12 08:37:59.000000', 0, 0, 'DmcGate14', 'DMC60', 2),
(5439, 'jiaur\r', '2023-12-12 08:38:00.000000', '2023-12-12 08:38:00.000000', 0, 0, 'DmcGate14', 'DMC60', 2),
(5440, 'Azad\r', '2023-12-12 08:58:06.000000', '2023-12-12 08:58:06.000000', 0, 0, 'DmcGate14', 'DMC75', 2),
(5441, 'Urmi Hera\r', '2023-12-12 09:04:03.000000', '2023-12-12 09:04:03.000000', 0, 0, 'DmcGate14', 'DMC40', 2),
(5442, 'MAMUN\r', '2023-12-12 09:04:06.000000', '2023-12-12 09:04:06.000000', 0, 0, 'DmcGate14', 'DMC69', 2),
(5443, 'Mihal\r', '2023-12-12 09:05:16.000000', '2023-12-12 09:05:16.000000', 0, 0, 'DmcGate14', 'DMC76', 2),
(5444, 'Urmi Hera\r', '2023-12-12 09:05:51.000000', '2023-12-12 09:05:51.000000', 0, 0, 'DmcGate14', 'DMC40', 2),
(5445, 'Mihal\r', '2023-12-12 09:06:18.000000', '2023-12-12 09:06:18.000000', 0, 0, 'DmcGate14', 'DMC76', 2),
(5446, 'Urmi Hera\r', '2023-12-12 09:18:38.000000', '2023-12-12 09:18:38.000000', 0, 0, 'DmcGate14', 'DMC40', 2),
(5447, 'MAMUN\r', '2023-12-12 09:54:44.000000', '2023-12-12 09:54:44.000000', 0, 0, 'DmcGate14', 'DMC69', 2),
(5448, 'MAMUN\r', '2023-12-12 10:33:15.000000', '2023-12-12 10:33:15.000000', 0, 0, 'DmcGate14', 'DMC69', 2),
(5449, 'MAMUN\r', '2023-12-12 10:35:34.000000', '2023-12-12 10:35:34.000000', 0, 0, 'DmcGate14', 'DMC69', 2),
(5450, 'Nazmul\r', '2023-12-12 10:36:05.000000', '2023-12-12 10:36:05.000000', 0, 0, 'DmcGate14', 'DMC79', 2),
(5451, 'Nazmul\r', '2023-12-12 10:37:08.000000', '2023-12-12 10:37:08.000000', 0, 0, 'DmcGate14', 'DMC79', 2),
(5452, 'jiaur\r', '2023-12-12 10:37:09.000000', '2023-12-12 10:37:09.000000', 0, 0, 'DmcGate14', 'DMC60', 2),
(5453, 'MAMUN\r', '2023-12-12 10:37:12.000000', '2023-12-12 10:37:12.000000', 0, 0, 'DmcGate14', 'DMC69', 2),
(5454, 'Prince\r', '2023-12-12 10:55:33.000000', '2023-12-12 10:55:33.000000', 0, 0, 'DmcGate14', 'DMC77', 2),
(5455, 'Prince\r', '2023-12-12 11:05:03.000000', '2023-12-12 11:05:03.000000', 0, 0, 'DmcGate14', 'DMC77', 2),
(5456, 'Prince\r', '2023-12-12 11:05:06.000000', '2023-12-12 11:05:06.000000', 0, 0, 'DmcGate14', 'DMC77', 2),
(5457, 'Prince\r', '2023-12-12 11:05:18.000000', '2023-12-12 11:05:18.000000', 0, 0, 'DmcGate14', 'DMC77', 2),
(5458, 'Mihal\r', '2023-12-12 11:08:46.000000', '2023-12-12 11:08:46.000000', 0, 0, 'DmcGate14', 'DMC76', 2),
(5459, 'Prince\r', '2023-12-12 11:09:25.000000', '2023-12-12 11:09:25.000000', 0, 0, 'DmcGate14', 'DMC77', 2),
(5460, 'Prince\r', '2023-12-12 11:12:02.000000', '2023-12-12 11:12:02.000000', 0, 0, 'DmcGate14', 'DMC77', 2),
(5461, 'Prince\r', '2023-12-12 11:12:02.000000', '2023-12-12 11:12:02.000000', 0, 0, 'DmcGate14', 'DMC77', 2),
(5462, 'Prince\r', '2023-12-12 11:18:37.000000', '2023-12-12 11:18:37.000000', 0, 0, 'DmcGate14', 'DMC77', 2),
(5463, 'Prince\r', '2023-12-12 11:18:45.000000', '2023-12-12 11:18:45.000000', 0, 0, 'DmcGate14', 'DMC77', 2),
(5464, 'Prince\r', '2023-12-12 11:18:50.000000', '2023-12-12 11:18:50.000000', 0, 0, 'DmcGate14', 'DMC77', 2),
(5465, 'Prince\r', '2023-12-12 11:19:06.000000', '2023-12-12 11:19:06.000000', 0, 0, 'DmcGate14', 'DMC77', 2),
(5466, 'Prince\r', '2023-12-12 11:19:27.000000', '2023-12-12 11:19:27.000000', 0, 0, 'DmcGate14', 'DMC77', 2),
(5467, 'Prince\r', '2023-12-12 11:20:20.000000', '2023-12-12 11:20:20.000000', 0, 0, 'DmcGate14', 'DMC77', 2),
(5468, 'MAMUN\r', '2023-12-12 11:23:46.000000', '2023-12-12 11:23:46.000000', 0, 0, 'DmcGate14', 'DMC69', 2),
(5469, 'Prince\r', '2023-12-12 11:24:17.000000', '2023-12-12 11:24:17.000000', 0, 0, 'DmcGate14', 'DMC77', 2),
(5470, 'jiaur\r', '2023-12-12 11:24:19.000000', '2023-12-12 11:24:19.000000', 0, 0, 'DmcGate14', 'DMC60', 2),
(5471, 'Prince\r', '2023-12-12 11:24:30.000000', '2023-12-12 11:24:30.000000', 0, 0, 'DmcGate14', 'DMC77', 2),
(5472, 'Prince\r', '2023-12-12 11:26:00.000000', '2023-12-12 11:26:00.000000', 0, 0, 'DmcGate14', 'DMC77', 2),
(5473, 'Mihal\r', '2023-12-12 11:28:43.000000', '2023-12-12 11:28:43.000000', 0, 0, 'DmcGate14', 'DMC76', 2),
(5474, 'Azad\r', '2023-12-12 11:34:54.000000', '2023-12-12 11:34:54.000000', 0, 0, 'DmcGate14', 'DMC75', 2),
(5475, 'Prince\r', '2023-12-12 11:36:31.000000', '2023-12-12 11:36:31.000000', 0, 0, 'DmcGate14', 'DMC77', 2),
(5476, 'Prince\r', '2023-12-12 11:37:41.000000', '2023-12-12 11:37:41.000000', 0, 0, 'DmcGate14', 'DMC77', 2),
(5477, 'Prince\r', '2023-12-12 11:37:45.000000', '2023-12-12 11:37:45.000000', 0, 0, 'DmcGate14', 'DMC77', 2),
(5478, 'Prince\r', '2023-12-12 11:37:49.000000', '2023-12-12 11:37:49.000000', 0, 0, 'DmcGate14', 'DMC77', 2),
(5479, 'Azad\r', '2023-12-12 11:39:10.000000', '2023-12-12 11:39:10.000000', 0, 0, 'DmcGate14', 'DMC75', 2),
(5480, 'Azad\r', '2023-12-12 11:39:10.000000', '2023-12-12 11:39:10.000000', 0, 0, 'DmcGate14', 'DMC75', 2),
(5481, 'Azad\r', '2023-12-12 11:39:10.000000', '2023-12-12 11:39:10.000000', 0, 0, 'DmcGate14', 'DMC75', 2),
(5482, 'Prince\r', '2023-12-12 11:40:00.000000', '2023-12-12 11:40:00.000000', 0, 0, 'DmcGate14', 'DMC77', 2),
(5483, 'Prince\r', '2023-12-12 11:41:22.000000', '2023-12-12 11:41:22.000000', 0, 0, 'DmcGate14', 'DMC77', 2),
(5484, 'Prince\r', '2023-12-12 11:43:03.000000', '2023-12-12 11:43:03.000000', 0, 0, 'DmcGate14', 'DMC77', 2),
(5485, 'Urmi Hera\r', '2023-12-12 11:45:51.000000', '2023-12-12 11:45:51.000000', 0, 0, 'DmcGate14', 'DMC40', 2),
(5486, 'Urmi Hera\r', '2023-12-12 11:45:51.000000', '2023-12-12 11:45:51.000000', 0, 0, 'DmcGate14', 'DMC40', 2),
(5487, 'MOSHARRAF HOSEN\r', '2023-12-12 11:47:10.000000', '2023-12-12 11:47:10.000000', 0, 0, 'DmcGate14', 'DMC107', 2),
(5488, 'MOSHARRAF HOSEN\r', '2023-12-12 11:47:10.000000', '2023-12-12 11:47:10.000000', 0, 0, 'DmcGate14', 'DMC107', 2),
(5489, 'Prince\r', '2023-12-12 11:47:44.000000', '2023-12-12 11:47:44.000000', 0, 0, 'DmcGate14', 'DMC77', 2),
(5490, 'Urmi Hera\r', '2023-12-12 11:50:51.000000', '2023-12-12 11:50:51.000000', 0, 0, 'DmcGate14', 'DMC40', 2),
(5491, 'Prince\r', '2023-12-12 11:51:04.000000', '2023-12-12 11:51:04.000000', 0, 0, 'DmcGate14', 'DMC77', 2),
(5492, 'MAMUN\r', '2023-12-12 11:57:25.000000', '2023-12-12 11:57:25.000000', 0, 0, 'DmcGate14', 'DMC69', 2),
(5493, 'MAMUN\r', '2023-12-12 11:57:29.000000', '2023-12-12 11:57:29.000000', 0, 0, 'DmcGate14', 'DMC69', 2),
(5494, 'Prince\r', '2023-12-12 11:57:45.000000', '2023-12-12 11:57:45.000000', 0, 0, 'DmcGate14', 'DMC77', 2),
(5495, 'jiaur\r', '2023-12-12 11:58:07.000000', '2023-12-12 11:58:07.000000', 0, 0, 'DmcGate14', 'DMC60', 2),
(5496, 'Nazmul\r', '2023-12-12 12:04:11.000000', '2023-12-12 12:04:11.000000', 0, 0, 'DmcGate14', 'DMC79', 2),
(5497, 'Nazmul\r', '2023-12-12 12:04:14.000000', '2023-12-12 12:04:14.000000', 0, 0, 'DmcGate14', 'DMC79', 2),
(5498, 'Nazmul\r', '2023-12-12 12:04:18.000000', '2023-12-12 12:04:18.000000', 0, 0, 'DmcGate14', 'DMC79', 2),
(5499, 'Nazmul\r', '2023-12-12 12:04:36.000000', '2023-12-12 12:04:36.000000', 0, 0, 'DmcGate14', 'DMC79', 2),
(5500, 'rezvi\r', '2023-12-12 12:04:40.000000', '2023-12-12 12:04:40.000000', 0, 0, 'DmcGate14', '1', 2),
(5501, 'rezvi\r', '2023-12-12 12:04:43.000000', '2023-12-12 12:04:43.000000', 0, 0, 'DmcGate14', '1', 2),
(5502, 'Nazmul\r', '2023-12-12 12:04:46.000000', '2023-12-12 12:04:46.000000', 0, 0, 'DmcGate14', 'DMC79', 2),
(5503, 'Nazmul\r', '2023-12-12 12:05:18.000000', '2023-12-12 12:05:18.000000', 0, 0, 'DmcGate14', 'DMC79', 2),
(5504, 'Nazmul\r', '2023-12-12 12:05:32.000000', '2023-12-12 12:05:32.000000', 0, 0, 'DmcGate14', 'DMC79', 2),
(5505, 'Nazmul\r', '2023-12-12 12:05:42.000000', '2023-12-12 12:05:42.000000', 0, 0, 'DmcGate14', 'DMC79', 2),
(5506, 'Nazmul\r', '2023-12-12 12:05:45.000000', '2023-12-12 12:05:45.000000', 0, 0, 'DmcGate14', 'DMC79', 2),
(5507, 'Nazmul\r', '2023-12-12 12:05:48.000000', '2023-12-12 12:05:48.000000', 0, 0, 'DmcGate14', 'DMC79', 2),
(5508, 'Nazmul\r', '2023-12-12 12:05:51.000000', '2023-12-12 12:05:51.000000', 0, 0, 'DmcGate14', 'DMC79', 2),
(5509, 'Nazmul\r', '2023-12-12 12:05:59.000000', '2023-12-12 12:05:59.000000', 0, 0, 'DmcGate14', 'DMC79', 2),
(5510, 'Nazmul\r', '2023-12-12 12:11:05.000000', '2023-12-12 12:11:05.000000', 0, 0, 'DmcGate14', 'DMC79', 2),
(5511, 'Nazmul\r', '2023-12-12 12:12:27.000000', '2023-12-12 12:12:27.000000', 0, 0, 'DmcGate14', 'DMC79', 2),
(5512, 'Nazmul\r', '2023-12-12 12:12:33.000000', '2023-12-12 12:12:33.000000', 0, 0, 'DmcGate14', 'DMC79', 2),
(5513, 'NAYEMURRAHMAN\r', '2023-12-12 12:17:08.000000', '2023-12-12 12:17:08.000000', 0, 0, 'DmcGate14', 'DMC70', 2),
(5514, 'Mihal\r', '2023-12-12 12:17:55.000000', '2023-12-12 12:17:55.000000', 0, 0, 'DmcGate14', 'DMC76', 2),
(5515, 'Mihal\r', '2023-12-12 12:17:58.000000', '2023-12-12 12:17:58.000000', 0, 0, 'DmcGate14', 'DMC76', 2);
INSERT INTO `structuedlog_structuredlog` (`ID`, `username`, `InTime`, `OutTime`, `total_work_minutes`, `cumalative_work_minutes`, `device_id_id`, `employee_id_id`, `group_id_id`) VALUES
(5516, 'Mihal\r', '2023-12-12 12:18:01.000000', '2023-12-12 12:18:01.000000', 0, 0, 'DmcGate14', 'DMC76', 2),
(5517, 'Mihal\r', '2023-12-12 12:18:03.000000', '2023-12-12 12:18:03.000000', 0, 0, 'DmcGate14', 'DMC76', 2),
(5518, 'Mihal\r', '2023-12-12 12:18:07.000000', '2023-12-12 12:18:07.000000', 0, 0, 'DmcGate14', 'DMC76', 2),
(5519, 'MAMUN\r', '2023-12-12 12:19:01.000000', '2023-12-12 12:19:01.000000', 0, 0, 'DmcGate14', 'DMC69', 2),
(5520, 'rezvi\r', '2023-12-12 12:57:47.000000', '2023-12-12 12:57:47.000000', 0, 0, 'DmcGate1', '1', 2),
(5521, 'Nazmul\r', '2023-12-12 12:57:58.000000', '2023-12-12 12:57:58.000000', 0, 0, 'DmcGate1', 'DMC79', 2),
(5522, 'Sathy Akter\r', '2023-12-12 12:59:43.000000', '2023-12-12 12:59:43.000000', 0, 0, 'DmcGate1', 'DMC100', 2),
(5523, 'rezvi\r', '2023-12-12 13:02:14.000000', '2023-12-12 13:02:14.000000', 0, 0, 'DmcGate1', '1', 2),
(5524, 'Prince\r', '2023-12-12 13:02:19.000000', '2023-12-12 13:02:19.000000', 0, 0, 'DmcGate1', 'DMC77', 2),
(5525, 'Prince\r', '2023-12-12 13:06:39.000000', '2023-12-12 13:06:39.000000', 0, 0, 'DmcGate1', 'DMC77', 2),
(5526, 'Prince\r', '2023-12-12 13:07:40.000000', '2023-12-12 13:07:40.000000', 0, 0, 'DmcGate1', 'DMC77', 2),
(5527, 'Prince\r', '2023-12-12 13:10:33.000000', '2023-12-12 13:10:33.000000', 0, 0, 'DmcGate1', 'DMC77', 2),
(5528, 'Prince\r', '2023-12-12 13:17:23.000000', '2023-12-12 13:17:23.000000', 0, 0, 'DmcGate1', 'DMC77', 2),
(5529, 'jiaur\r', '2023-12-12 12:35:48.000000', '2023-12-12 12:35:48.000000', 0, 0, 'DmcGate14', 'DMC60', 2),
(5530, 'Prince\r', '2023-12-12 12:42:26.000000', '2023-12-12 12:42:26.000000', 0, 0, 'DmcGate14', 'DMC77', 2),
(5531, 'Prince\r', '2023-12-12 12:47:36.000000', '2023-12-12 12:47:36.000000', 0, 0, 'DmcGate14', 'DMC77', 2),
(5532, 'Urmi Hera\r', '2023-12-12 12:49:33.000000', '2023-12-12 12:49:33.000000', 0, 0, 'DmcGate14', 'DMC40', 2),
(5533, 'Prince\r', '2023-12-12 12:51:37.000000', '2023-12-12 12:51:37.000000', 0, 0, 'DmcGate14', 'DMC77', 2),
(5534, 'Prince\r', '2023-12-12 12:51:40.000000', '2023-12-12 12:51:40.000000', 0, 0, 'DmcGate14', 'DMC77', 2),
(5535, 'Prince\r', '2023-12-12 12:51:46.000000', '2023-12-12 12:51:46.000000', 0, 0, 'DmcGate14', 'DMC77', 2),
(5536, 'Prince\r', '2023-12-12 12:51:53.000000', '2023-12-12 12:51:53.000000', 0, 0, 'DmcGate14', 'DMC77', 2),
(5537, 'Prince\r', '2023-12-12 12:52:01.000000', '2023-12-12 12:52:01.000000', 0, 0, 'DmcGate14', 'DMC77', 2),
(5538, 'Prince\r', '2023-12-12 12:52:06.000000', '2023-12-12 12:52:06.000000', 0, 0, 'DmcGate14', 'DMC77', 2),
(5539, 'Prince\r', '2023-12-12 12:52:13.000000', '2023-12-12 12:52:13.000000', 0, 0, 'DmcGate14', 'DMC77', 2),
(5540, 'Urmi Hera\r', '2023-12-12 12:55:38.000000', '2023-12-12 12:55:38.000000', 0, 0, 'DmcGate14', 'DMC40', 2),
(5541, 'Prince\r', '2023-12-12 12:55:46.000000', '2023-12-12 12:55:46.000000', 0, 0, 'DmcGate14', 'DMC77', 2),
(5542, 'Prince\r', '2023-12-12 13:17:24.000000', '2023-12-12 13:17:24.000000', 0, 0, 'DmcGate14', 'DMC77', 2),
(5543, 'Prince\r', '2023-12-12 13:17:25.000000', '2023-12-12 13:17:25.000000', 0, 0, 'DmcGate14', 'DMC77', 2),
(5544, 'Prince\r', '2023-12-12 13:19:24.000000', '2023-12-12 13:19:24.000000', 0, 0, 'DmcGate14', 'DMC77', 2),
(5545, 'MAMUN\r', '2023-12-12 13:22:58.000000', '2023-12-12 13:22:58.000000', 0, 0, 'DmcGate14', 'DMC69', 2),
(5546, 'MAMUN\r', '2023-12-12 13:23:01.000000', '2023-12-12 13:23:01.000000', 0, 0, 'DmcGate14', 'DMC69', 2),
(5547, 'MAMUN\r', '2023-12-12 13:23:06.000000', '2023-12-12 13:23:06.000000', 0, 0, 'DmcGate14', 'DMC69', 2),
(5548, 'MAMUN\r', '2023-12-12 13:23:09.000000', '2023-12-12 13:23:09.000000', 0, 0, 'DmcGate14', 'DMC69', 2),
(5549, 'jiaur\r', '2023-12-12 13:26:11.000000', '2023-12-12 13:26:11.000000', 0, 0, 'DmcGate14', 'DMC60', 2),
(5550, 'Mihal\r', '2023-12-12 13:27:59.000000', '2023-12-12 13:27:59.000000', 0, 0, 'DmcGate14', 'DMC76', 2),
(5551, 'Azad\r', '2023-12-12 13:29:04.000000', '2023-12-12 13:29:04.000000', 0, 0, 'DmcGate14', 'DMC75', 2),
(5552, 'Mirazuddin\r', '2023-12-12 13:39:26.000000', '2023-12-12 13:39:26.000000', 0, 0, 'DmcGate14', 'DMC74', 2),
(5553, 'NAYEMURRAHMAN\r', '2023-12-12 13:42:13.000000', '2023-12-12 13:42:13.000000', 0, 0, 'DmcGate14', 'DMC70', 2),
(5554, 'NAYEMURRAHMAN\r', '2023-12-12 13:42:24.000000', '2023-12-12 13:42:24.000000', 0, 0, 'DmcGate14', 'DMC70', 2),
(5555, 'Prince\r', '2023-12-12 13:48:15.000000', '2023-12-12 13:48:15.000000', 0, 0, 'DmcGate14', 'DMC77', 2),
(5556, 'Prince\r', '2023-12-12 13:49:49.000000', '2023-12-12 13:49:49.000000', 0, 0, 'DmcGate14', 'DMC77', 2),
(5557, 'Prince\r', '2023-12-12 13:53:05.000000', '2023-12-12 13:53:05.000000', 0, 0, 'DmcGate14', 'DMC77', 2),
(5558, 'Prince\r', '2023-12-12 13:53:17.000000', '2023-12-12 13:53:17.000000', 0, 0, 'DmcGate14', 'DMC77', 2),
(5559, 'Prince\r', '2023-12-12 14:26:05.000000', '2023-12-12 14:26:05.000000', 0, 0, 'DmcGate14', 'DMC77', 2),
(5560, 'Azad\r', '2023-12-12 14:34:48.000000', '2023-12-12 14:34:48.000000', 0, 0, 'DmcGate14', 'DMC75', 2),
(5561, 'Prince\r', '2023-12-12 14:37:57.000000', '2023-12-12 14:37:57.000000', 0, 0, 'DmcGate14', 'DMC77', 2),
(5562, 'Prince\r', '2023-12-12 14:38:28.000000', '2023-12-12 14:38:28.000000', 0, 0, 'DmcGate14', 'DMC77', 2),
(5563, 'MAMUN\r', '2023-12-12 14:50:59.000000', '2023-12-12 14:50:59.000000', 0, 0, 'DmcGate14', 'DMC69', 2),
(5564, 'MAMUN\r', '2023-12-12 14:51:03.000000', '2023-12-12 14:51:03.000000', 0, 0, 'DmcGate14', 'DMC69', 2),
(5565, 'Sathy Akter\r', '2023-12-12 14:51:13.000000', '2023-12-12 14:51:13.000000', 0, 0, 'DmcGate14', 'DMC100', 2),
(5566, 'Sathy Akter\r', '2023-12-12 14:51:13.000000', '2023-12-12 14:51:13.000000', 0, 0, 'DmcGate14', 'DMC100', 2),
(5567, 'Prince\r', '2023-12-12 14:52:35.000000', '2023-12-12 14:52:35.000000', 0, 0, 'DmcGate14', 'DMC77', 2),
(5568, 'Prince\r', '2023-12-12 14:52:49.000000', '2023-12-12 14:52:49.000000', 0, 0, 'DmcGate14', 'DMC77', 2),
(5569, 'MAMUN\r', '2023-12-12 14:54:48.000000', '2023-12-12 14:54:48.000000', 0, 0, 'DmcGate14', 'DMC69', 2),
(5570, 'MAMUN\r', '2023-12-12 14:58:54.000000', '2023-12-12 14:58:54.000000', 0, 0, 'DmcGate14', 'DMC69', 2),
(5571, 'MAMUN\r', '2023-12-12 14:58:57.000000', '2023-12-12 14:58:57.000000', 0, 0, 'DmcGate14', 'DMC69', 2),
(5572, 'NAYEMURRAHMAN\r', '2023-12-12 15:04:31.000000', '2023-12-12 15:04:31.000000', 0, 0, 'DmcGate14', 'DMC70', 2),
(5573, 'Prince\r', '2023-12-12 15:07:43.000000', '2023-12-12 15:07:43.000000', 0, 0, 'DmcGate14', 'DMC77', 2),
(5574, 'jiaur\r', '2023-12-12 15:39:09.000000', '2023-12-12 15:39:09.000000', 0, 0, 'DmcGate14', 'DMC60', 2),
(5575, 'jiaur\r', '2023-12-12 15:39:09.000000', '2023-12-12 15:39:09.000000', 0, 0, 'DmcGate14', 'DMC60', 2),
(5576, 'Prince\r', '2023-12-12 16:05:13.000000', '2023-12-12 16:05:13.000000', 0, 0, 'DmcGate14', 'DMC77', 2),
(5577, 'Prince\r', '2023-12-12 16:05:16.000000', '2023-12-12 16:05:16.000000', 0, 0, 'DmcGate14', 'DMC77', 2),
(5578, 'Mihal\r', '2023-12-12 16:05:40.000000', '2023-12-12 16:05:40.000000', 0, 0, 'DmcGate14', 'DMC76', 2),
(5579, 'MAMUN\r', '2023-12-12 16:10:36.000000', '2023-12-12 16:10:36.000000', 0, 0, 'DmcGate14', 'DMC69', 2),
(5580, 'Prince\r', '2023-12-12 16:10:39.000000', '2023-12-12 16:10:39.000000', 0, 0, 'DmcGate14', 'DMC77', 2),
(5581, 'jiaur\r', '2023-12-12 17:01:34.000000', '2023-12-12 17:01:34.000000', 0, 0, 'DmcGate14', 'DMC60', 2),
(5582, 'jiaur\r', '2023-12-12 17:10:02.000000', '2023-12-12 17:10:02.000000', 0, 0, 'DmcGate14', 'DMC60', 2),
(5583, 'Nazmul\r', '2023-12-12 17:28:54.000000', '2023-12-12 17:28:54.000000', 0, 0, 'DmcGate14', 'DMC79', 2),
(5584, 'MD Rubel\r', '2023-12-12 17:30:29.000000', '2023-12-12 17:30:29.000000', 0, 0, 'DmcGate14', 'DMC81', 2),
(5585, 'Mirazuddin\r', '2023-12-12 17:38:10.000000', '2023-12-12 17:38:10.000000', 0, 0, 'DmcGate14', 'DMC74', 2),
(5586, 'Sathy Akter\r', '2023-12-13 09:02:01.000000', '2023-12-13 09:02:01.000000', 0, 0, 'DmcGate14', 'DMC100', 2),
(5587, 'Sathy Akter\r', '2023-12-13 09:02:05.000000', '2023-12-13 09:02:05.000000', 0, 0, 'DmcGate14', 'DMC100', 2),
(5588, 'Sathy Akter\r', '2023-12-13 09:02:16.000000', '2023-12-13 09:02:16.000000', 0, 0, 'DmcGate14', 'DMC100', 2),
(5589, 'Mihal\r', '2023-12-13 09:02:23.000000', '2023-12-13 09:02:23.000000', 0, 0, 'DmcGate14', 'DMC76', 2),
(5590, 'MAMUN\r', '2023-12-13 09:38:12.000000', '2023-12-13 09:38:12.000000', 0, 0, 'DmcGate14', 'DMC69', 2),
(5591, 'MAMUN\r', '2023-12-13 09:39:24.000000', '2023-12-13 09:39:24.000000', 0, 0, 'DmcGate14', 'DMC69', 2),
(5592, 'jiaur\r', '2023-12-13 09:58:19.000000', '2023-12-13 09:58:19.000000', 0, 0, 'DmcGate14', 'DMC60', 2),
(5593, 'jiaur\r', '2023-12-13 10:23:16.000000', '2023-12-13 10:23:16.000000', 0, 0, 'DmcGate14', 'DMC60', 2),
(5594, 'jiaur\r', '2023-12-13 10:23:41.000000', '2023-12-13 10:23:41.000000', 0, 0, 'DmcGate14', 'DMC60', 2);

-- --------------------------------------------------------

--
-- Table structure for table `syncinfo_syncinfotable`
--

CREATE TABLE `syncinfo_syncinfotable` (
  `id` int(11) NOT NULL,
  `syncTime` datetime(6) NOT NULL,
  `employee_id` varchar(100) NOT NULL
) ENGINE=InnoDB DEFAULT CHARSET=utf8mb4 COLLATE=utf8mb4_general_ci;

--
-- Dumping data for table `syncinfo_syncinfotable`
--

INSERT INTO `syncinfo_syncinfotable` (`id`, `syncTime`, `employee_id`) VALUES
(1, '2023-12-11 09:52:39.568886', 'DMC24'),
(2, '2023-12-11 10:02:56.192271', 'DMC24'),
(3, '2023-12-11 10:11:34.518649', 'DMC24'),
(4, '2023-12-11 10:12:32.365901', 'DMC24'),
(5, '2023-12-11 10:20:59.377306', 'DMC24'),
(6, '2023-12-11 10:22:01.264581', 'DMC24'),
(7, '2023-12-11 10:25:30.813471', 'DMC24'),
(8, '2023-12-11 10:26:30.350469', 'DMC24'),
(9, '2023-12-11 10:28:27.515436', 'DMC24'),
(10, '2023-12-11 10:29:00.004259', 'DMC24'),
(11, '2023-12-11 10:31:05.799429', 'DMC24'),
(12, '2023-12-11 11:22:04.407156', 'DMC24'),
(13, '2023-12-11 11:23:49.367870', 'DMC24'),
(14, '2023-12-11 11:26:02.791989', 'DMC24'),
(15, '2023-12-11 17:32:33.152479', 'DMC24'),
(16, '2023-12-12 10:05:27.259373', 'DMC24'),
(17, '2023-12-12 10:10:23.607117', 'DMC24'),
(18, '2023-12-12 12:24:05.464895', 'DMC24'),
(19, '2023-12-12 12:27:00.239420', 'DMC24'),
(20, '2023-12-12 12:28:47.733496', 'DMC24'),
(21, '2023-12-12 12:29:38.191247', 'DMC24'),
(22, '2023-12-12 12:30:13.441925', 'DMC24'),
(23, '2023-12-12 12:35:05.208609', 'DMC24'),
(24, '2023-12-12 12:36:10.246232', 'DMC24'),
(25, '2023-12-12 12:38:13.007776', 'DMC24'),
(26, '2023-12-12 12:38:52.906009', 'DMC24'),
(27, '2023-12-12 12:45:47.827388', 'DMC24'),
(28, '2023-12-12 12:48:51.138849', 'DMC24'),
(29, '2023-12-12 12:51:40.397015', 'DMC24'),
(30, '2023-12-12 12:56:12.421127', 'DMC24'),
(31, '2023-12-12 12:56:59.840787', 'DMC24'),
(32, '2023-12-12 12:57:34.294398', 'DMC24'),
(33, '2023-12-12 12:59:00.590840', 'DMC24'),
(34, '2023-12-12 12:59:25.248913', 'DMC24'),
(35, '2023-12-12 13:00:23.308227', 'DMC24'),
(36, '2023-12-12 13:04:30.868791', 'DMC24'),
(37, '2023-12-12 13:15:00.052675', 'DMC24'),
(38, '2023-12-12 13:15:05.962973', 'DMC24'),
(39, '2023-12-12 13:15:14.867342', 'DMC24'),
(40, '2023-12-12 13:18:01.919029', 'DMC24'),
(41, '2023-12-12 13:19:03.795938', 'DMC24'),
(42, '2023-12-12 13:19:53.739180', 'DMC24'),
(43, '2023-12-12 13:20:15.855057', 'DMC24'),
(44, '2023-12-12 13:25:30.741127', 'DMC24'),
(45, '2023-12-12 13:26:25.010755', 'DMC24');

--
-- Indexes for dumped tables
--

--
-- Indexes for table `api_task`
--
ALTER TABLE `api_task`
  ADD PRIMARY KEY (`id`);

--
-- Indexes for table `attendance_report_attendancereport`
--
ALTER TABLE `attendance_report_attendancereport`
  ADD PRIMARY KEY (`ID`),
  ADD KEY `attendance_report_at_device_id_id_18a8ec92_fk_device_de` (`device_id_id`),
  ADD KEY `attendance_report_at_employee_id_id_49800e6b_fk_employee_` (`employee_id_id`),
  ADD KEY `attendance_report_at_group_id_id_a7042c14_fk_empgrp_gr` (`group_id_id`);

--
-- Indexes for table `auth_group`
--
ALTER TABLE `auth_group`
  ADD PRIMARY KEY (`id`),
  ADD UNIQUE KEY `name` (`name`);

--
-- Indexes for table `auth_group_permissions`
--
ALTER TABLE `auth_group_permissions`
  ADD PRIMARY KEY (`id`),
  ADD UNIQUE KEY `auth_group_permissions_group_id_permission_id_0cd325b0_uniq` (`group_id`,`permission_id`),
  ADD KEY `auth_group_permissio_permission_id_84c5c92e_fk_auth_perm` (`permission_id`);

--
-- Indexes for table `auth_permission`
--
ALTER TABLE `auth_permission`
  ADD PRIMARY KEY (`id`),
  ADD UNIQUE KEY `auth_permission_content_type_id_codename_01ab375a_uniq` (`content_type_id`,`codename`);

--
-- Indexes for table `auth_user`
--
ALTER TABLE `auth_user`
  ADD PRIMARY KEY (`id`),
  ADD UNIQUE KEY `username` (`username`);

--
-- Indexes for table `auth_user_groups`
--
ALTER TABLE `auth_user_groups`
  ADD PRIMARY KEY (`id`),
  ADD UNIQUE KEY `auth_user_groups_user_id_group_id_94350c0c_uniq` (`user_id`,`group_id`),
  ADD KEY `auth_user_groups_group_id_97559544_fk_auth_group_id` (`group_id`);

--
-- Indexes for table `auth_user_user_permissions`
--
ALTER TABLE `auth_user_user_permissions`
  ADD PRIMARY KEY (`id`),
  ADD UNIQUE KEY `auth_user_user_permissions_user_id_permission_id_14a6b632_uniq` (`user_id`,`permission_id`),
  ADD KEY `auth_user_user_permi_permission_id_1fbb5f2c_fk_auth_perm` (`permission_id`);

--
-- Indexes for table `department_department`
--
ALTER TABLE `department_department`
  ADD PRIMARY KEY (`id`);

--
-- Indexes for table `designation_designation`
--
ALTER TABLE `designation_designation`
  ADD PRIMARY KEY (`id`);

--
-- Indexes for table `device_device`
--
ALTER TABLE `device_device`
  ADD PRIMARY KEY (`device_id`),
  ADD KEY `device_device_group_id_id_27cc8972_fk_empgrp_group_group_id` (`group_id_id`);

--
-- Indexes for table `django_admin_log`
--
ALTER TABLE `django_admin_log`
  ADD PRIMARY KEY (`id`),
  ADD KEY `django_admin_log_content_type_id_c4bce8eb_fk_django_co` (`content_type_id`),
  ADD KEY `django_admin_log_user_id_c564eba6_fk_auth_user_id` (`user_id`);

--
-- Indexes for table `django_content_type`
--
ALTER TABLE `django_content_type`
  ADD PRIMARY KEY (`id`),
  ADD UNIQUE KEY `django_content_type_app_label_model_76bd3d3b_uniq` (`app_label`,`model`);

--
-- Indexes for table `django_migrations`
--
ALTER TABLE `django_migrations`
  ADD PRIMARY KEY (`id`);

--
-- Indexes for table `django_session`
--
ALTER TABLE `django_session`
  ADD PRIMARY KEY (`session_key`),
  ADD KEY `django_session_expire_date_a5c62663` (`expire_date`);

--
-- Indexes for table `empfiles_employeefiles`
--
ALTER TABLE `empfiles_employeefiles`
  ADD PRIMARY KEY (`id`),
  ADD KEY `empfiles_employeefil_employee_id_id_754e0345_fk_employee_` (`employee_id_id`);

--
-- Indexes for table `empgrpdev_groupbydevice`
--
ALTER TABLE `empgrpdev_groupbydevice`
  ADD PRIMARY KEY (`id`);

--
-- Indexes for table `empgrp_group`
--
ALTER TABLE `empgrp_group`
  ADD PRIMARY KEY (`group_id`);

--
-- Indexes for table `employee_employee`
--
ALTER TABLE `employee_employee`
  ADD PRIMARY KEY (`employee_id`),
  ADD KEY `employee_employee_group_id_id_da518927_fk_empgrp_group_group_id` (`group_id_id`),
  ADD KEY `employee_employee_department_id_8fce1a05_fk_departmen` (`department_id`),
  ADD KEY `employee_employee_designation_id_c8b301b9_fk_designati` (`designation_id`),
  ADD KEY `employee_employee_shift_id_id_0bd25cb6` (`shift_id_id`);

--
-- Indexes for table `employee_employeegroup`
--
ALTER TABLE `employee_employeegroup`
  ADD PRIMARY KEY (`id`),
  ADD KEY `employee_employeegro_employee_id_e70dc23c_fk_employee_` (`employee_id`),
  ADD KEY `employee_employeegroup_group_id_92c1d15c_fk_auth_group_id` (`group_id`);

--
-- Indexes for table `employee_employeegroupdevice`
--
ALTER TABLE `employee_employeegroupdevice`
  ADD PRIMARY KEY (`id`),
  ADD KEY `employee_employeegro_device_id_id_9a7f7213_fk_device_de` (`device_id_id`),
  ADD KEY `employee_employeegro_employee_id_id_97b09ae4_fk_employee_` (`employee_id_id`),
  ADD KEY `employee_employeegro_group_id_id_8527138b_fk_auth_grou` (`group_id_id`);

--
-- Indexes for table `employee_employeepermission`
--
ALTER TABLE `employee_employeepermission`
  ADD PRIMARY KEY (`id`),
  ADD KEY `employee_employeeper_employee_id_d0fac65d_fk_employee_` (`employee_id`),
  ADD KEY `employee_employeeper_permission_id_5436a46a_fk_auth_perm` (`permission_id`);

--
-- Indexes for table `forget_password_forgetpassword`
--
ALTER TABLE `forget_password_forgetpassword`
  ADD PRIMARY KEY (`ID`),
  ADD KEY `forget_password_forg_employee_id_id_f9143f22_fk_employee_` (`employee_id_id`);

--
-- Indexes for table `grpdev_groupdevice`
--
ALTER TABLE `grpdev_groupdevice`
  ADD PRIMARY KEY (`id`),
  ADD KEY `grpdev_groupdevice_device_id_id_58fe9d4a_fk_device_de` (`device_id_id`),
  ADD KEY `grpdev_groupdevice_group_id_id_8a0f00e2_fk_empgrp_group_group_id` (`group_id_id`);

--
-- Indexes for table `login_loginlog`
--
ALTER TABLE `login_loginlog`
  ADD PRIMARY KEY (`id`),
  ADD KEY `login_loginlog_employee_id_id_ae799f6a` (`employee_id_id`);

--
-- Indexes for table `log_log`
--
ALTER TABLE `log_log`
  ADD PRIMARY KEY (`r_clsf_record_id`),
  ADD KEY `log_log_device_id_id_9b2f7b50_fk_device_device_device_id` (`device_id_id`),
  ADD KEY `log_log_employee_id_id_73254996_fk_employee_employee_employee_id` (`employee_id_id`);

--
-- Indexes for table `role_role`
--
ALTER TABLE `role_role`
  ADD PRIMARY KEY (`role_id`),
  ADD UNIQUE KEY `role_role_role_69f0b6b0_uniq` (`role`);

--
-- Indexes for table `shift_management_shiftmanagement`
--
ALTER TABLE `shift_management_shiftmanagement`
  ADD PRIMARY KEY (`shift_id`);

--
-- Indexes for table `structuedlog_structuredlog`
--
ALTER TABLE `structuedlog_structuredlog`
  ADD PRIMARY KEY (`ID`),
  ADD KEY `structuedlog_structu_device_id_id_23c1c761_fk_device_de` (`device_id_id`),
  ADD KEY `structuedlog_structu_employee_id_id_db29e624_fk_employee_` (`employee_id_id`),
  ADD KEY `structuedlog_structu_group_id_id_dc15fcd6_fk_empgrp_gr` (`group_id_id`);

--
-- Indexes for table `syncinfo_syncinfotable`
--
ALTER TABLE `syncinfo_syncinfotable`
  ADD PRIMARY KEY (`id`);

--
-- AUTO_INCREMENT for dumped tables
--

--
-- AUTO_INCREMENT for table `api_task`
--
ALTER TABLE `api_task`
  MODIFY `id` bigint(20) NOT NULL AUTO_INCREMENT, AUTO_INCREMENT=4;

--
-- AUTO_INCREMENT for table `attendance_report_attendancereport`
--
ALTER TABLE `attendance_report_attendancereport`
  MODIFY `ID` int(11) NOT NULL AUTO_INCREMENT, AUTO_INCREMENT=433;

--
-- AUTO_INCREMENT for table `auth_group`
--
ALTER TABLE `auth_group`
  MODIFY `id` int(11) NOT NULL AUTO_INCREMENT;

--
-- AUTO_INCREMENT for table `auth_group_permissions`
--
ALTER TABLE `auth_group_permissions`
  MODIFY `id` bigint(20) NOT NULL AUTO_INCREMENT;

--
-- AUTO_INCREMENT for table `auth_permission`
--
ALTER TABLE `auth_permission`
  MODIFY `id` int(11) NOT NULL AUTO_INCREMENT, AUTO_INCREMENT=109;

--
-- AUTO_INCREMENT for table `auth_user`
--
ALTER TABLE `auth_user`
  MODIFY `id` int(11) NOT NULL AUTO_INCREMENT;

--
-- AUTO_INCREMENT for table `auth_user_groups`
--
ALTER TABLE `auth_user_groups`
  MODIFY `id` bigint(20) NOT NULL AUTO_INCREMENT;

--
-- AUTO_INCREMENT for table `auth_user_user_permissions`
--
ALTER TABLE `auth_user_user_permissions`
  MODIFY `id` bigint(20) NOT NULL AUTO_INCREMENT;

--
-- AUTO_INCREMENT for table `department_department`
--
ALTER TABLE `department_department`
  MODIFY `id` int(11) NOT NULL AUTO_INCREMENT, AUTO_INCREMENT=120;

--
-- AUTO_INCREMENT for table `designation_designation`
--
ALTER TABLE `designation_designation`
  MODIFY `id` int(11) NOT NULL AUTO_INCREMENT, AUTO_INCREMENT=12;

--
-- AUTO_INCREMENT for table `django_admin_log`
--
ALTER TABLE `django_admin_log`
  MODIFY `id` int(11) NOT NULL AUTO_INCREMENT;

--
-- AUTO_INCREMENT for table `django_content_type`
--
ALTER TABLE `django_content_type`
  MODIFY `id` int(11) NOT NULL AUTO_INCREMENT, AUTO_INCREMENT=28;

--
-- AUTO_INCREMENT for table `django_migrations`
--
ALTER TABLE `django_migrations`
  MODIFY `id` bigint(20) NOT NULL AUTO_INCREMENT, AUTO_INCREMENT=107;

--
-- AUTO_INCREMENT for table `empfiles_employeefiles`
--
ALTER TABLE `empfiles_employeefiles`
  MODIFY `id` bigint(20) NOT NULL AUTO_INCREMENT, AUTO_INCREMENT=6;

--
-- AUTO_INCREMENT for table `empgrpdev_groupbydevice`
--
ALTER TABLE `empgrpdev_groupbydevice`
  MODIFY `id` int(11) NOT NULL AUTO_INCREMENT, AUTO_INCREMENT=2;

--
-- AUTO_INCREMENT for table `empgrp_group`
--
ALTER TABLE `empgrp_group`
  MODIFY `group_id` int(11) NOT NULL AUTO_INCREMENT, AUTO_INCREMENT=6;

--
-- AUTO_INCREMENT for table `employee_employeegroup`
--
ALTER TABLE `employee_employeegroup`
  MODIFY `id` bigint(20) NOT NULL AUTO_INCREMENT;

--
-- AUTO_INCREMENT for table `employee_employeegroupdevice`
--
ALTER TABLE `employee_employeegroupdevice`
  MODIFY `id` int(11) NOT NULL AUTO_INCREMENT;

--
-- AUTO_INCREMENT for table `employee_employeepermission`
--
ALTER TABLE `employee_employeepermission`
  MODIFY `id` bigint(20) NOT NULL AUTO_INCREMENT;

--
-- AUTO_INCREMENT for table `forget_password_forgetpassword`
--
ALTER TABLE `forget_password_forgetpassword`
  MODIFY `ID` int(11) NOT NULL AUTO_INCREMENT, AUTO_INCREMENT=48;

--
-- AUTO_INCREMENT for table `grpdev_groupdevice`
--
ALTER TABLE `grpdev_groupdevice`
  MODIFY `id` int(11) NOT NULL AUTO_INCREMENT, AUTO_INCREMENT=11;

--
-- AUTO_INCREMENT for table `login_loginlog`
--
ALTER TABLE `login_loginlog`
  MODIFY `id` int(11) NOT NULL AUTO_INCREMENT, AUTO_INCREMENT=89;

--
-- AUTO_INCREMENT for table `log_log`
--
ALTER TABLE `log_log`
  MODIFY `r_clsf_record_id` int(11) NOT NULL AUTO_INCREMENT, AUTO_INCREMENT=1045;

--
-- AUTO_INCREMENT for table `role_role`
--
ALTER TABLE `role_role`
  MODIFY `role_id` int(11) NOT NULL AUTO_INCREMENT, AUTO_INCREMENT=9;

--
-- AUTO_INCREMENT for table `shift_management_shiftmanagement`
--
ALTER TABLE `shift_management_shiftmanagement`
  MODIFY `shift_id` int(11) NOT NULL AUTO_INCREMENT, AUTO_INCREMENT=3;

--
-- AUTO_INCREMENT for table `structuedlog_structuredlog`
--
ALTER TABLE `structuedlog_structuredlog`
  MODIFY `ID` int(11) NOT NULL AUTO_INCREMENT, AUTO_INCREMENT=5595;

--
-- AUTO_INCREMENT for table `syncinfo_syncinfotable`
--
ALTER TABLE `syncinfo_syncinfotable`
  MODIFY `id` int(11) NOT NULL AUTO_INCREMENT, AUTO_INCREMENT=46;

--
-- Constraints for dumped tables
--

--
-- Constraints for table `attendance_report_attendancereport`
--
ALTER TABLE `attendance_report_attendancereport`
  ADD CONSTRAINT `attendance_report_at_device_id_id_18a8ec92_fk_device_de` FOREIGN KEY (`device_id_id`) REFERENCES `device_device` (`device_id`),
  ADD CONSTRAINT `attendance_report_at_employee_id_id_49800e6b_fk_employee_` FOREIGN KEY (`employee_id_id`) REFERENCES `employee_employee` (`employee_id`),
  ADD CONSTRAINT `attendance_report_at_group_id_id_a7042c14_fk_empgrp_gr` FOREIGN KEY (`group_id_id`) REFERENCES `empgrp_group` (`group_id`);

--
-- Constraints for table `auth_group_permissions`
--
ALTER TABLE `auth_group_permissions`
  ADD CONSTRAINT `auth_group_permissio_permission_id_84c5c92e_fk_auth_perm` FOREIGN KEY (`permission_id`) REFERENCES `auth_permission` (`id`),
  ADD CONSTRAINT `auth_group_permissions_group_id_b120cbf9_fk_auth_group_id` FOREIGN KEY (`group_id`) REFERENCES `auth_group` (`id`);

--
-- Constraints for table `auth_permission`
--
ALTER TABLE `auth_permission`
  ADD CONSTRAINT `auth_permission_content_type_id_2f476e4b_fk_django_co` FOREIGN KEY (`content_type_id`) REFERENCES `django_content_type` (`id`);

--
-- Constraints for table `auth_user_groups`
--
ALTER TABLE `auth_user_groups`
  ADD CONSTRAINT `auth_user_groups_group_id_97559544_fk_auth_group_id` FOREIGN KEY (`group_id`) REFERENCES `auth_group` (`id`),
  ADD CONSTRAINT `auth_user_groups_user_id_6a12ed8b_fk_auth_user_id` FOREIGN KEY (`user_id`) REFERENCES `auth_user` (`id`);

--
-- Constraints for table `auth_user_user_permissions`
--
ALTER TABLE `auth_user_user_permissions`
  ADD CONSTRAINT `auth_user_user_permi_permission_id_1fbb5f2c_fk_auth_perm` FOREIGN KEY (`permission_id`) REFERENCES `auth_permission` (`id`),
  ADD CONSTRAINT `auth_user_user_permissions_user_id_a95ead1b_fk_auth_user_id` FOREIGN KEY (`user_id`) REFERENCES `auth_user` (`id`);

--
-- Constraints for table `device_device`
--
ALTER TABLE `device_device`
  ADD CONSTRAINT `device_device_group_id_id_27cc8972_fk_empgrp_group_group_id` FOREIGN KEY (`group_id_id`) REFERENCES `empgrp_group` (`group_id`);

--
-- Constraints for table `django_admin_log`
--
ALTER TABLE `django_admin_log`
  ADD CONSTRAINT `django_admin_log_content_type_id_c4bce8eb_fk_django_co` FOREIGN KEY (`content_type_id`) REFERENCES `django_content_type` (`id`),
  ADD CONSTRAINT `django_admin_log_user_id_c564eba6_fk_auth_user_id` FOREIGN KEY (`user_id`) REFERENCES `auth_user` (`id`);

--
-- Constraints for table `empfiles_employeefiles`
--
ALTER TABLE `empfiles_employeefiles`
  ADD CONSTRAINT `empfiles_employeefil_employee_id_id_754e0345_fk_employee_` FOREIGN KEY (`employee_id_id`) REFERENCES `employee_employee` (`employee_id`);

--
-- Constraints for table `empgrpdev_groupbydevice`
--
ALTER TABLE `empgrpdev_groupbydevice`
  ADD CONSTRAINT `empgrpdev_groupbydev_device_ip_id_cfe75a12_fk_device_de` FOREIGN KEY (`device_ip_id`) REFERENCES `device_device` (`device_id`);

--
-- Constraints for table `employee_employee`
--
ALTER TABLE `employee_employee`
  ADD CONSTRAINT `employee_employee_department_id_8fce1a05_fk_departmen` FOREIGN KEY (`department_id`) REFERENCES `department_department` (`id`),
  ADD CONSTRAINT `employee_employee_designation_id_c8b301b9_fk_designati` FOREIGN KEY (`designation_id`) REFERENCES `designation_designation` (`id`),
  ADD CONSTRAINT `employee_employee_group_id_id_da518927_fk_empgrp_group_group_id` FOREIGN KEY (`group_id_id`) REFERENCES `empgrp_group` (`group_id`);

--
-- Constraints for table `employee_employeegroup`
--
ALTER TABLE `employee_employeegroup`
  ADD CONSTRAINT `employee_employeegro_employee_id_e70dc23c_fk_employee_` FOREIGN KEY (`employee_id`) REFERENCES `employee_employee` (`employee_id`),
  ADD CONSTRAINT `employee_employeegroup_group_id_92c1d15c_fk_auth_group_id` FOREIGN KEY (`group_id`) REFERENCES `auth_group` (`id`);

--
-- Constraints for table `employee_employeegroupdevice`
--
ALTER TABLE `employee_employeegroupdevice`
  ADD CONSTRAINT `employee_employeegro_device_id_id_9a7f7213_fk_device_de` FOREIGN KEY (`device_id_id`) REFERENCES `device_device` (`device_id`),
  ADD CONSTRAINT `employee_employeegro_employee_id_id_97b09ae4_fk_employee_` FOREIGN KEY (`employee_id_id`) REFERENCES `employee_employee` (`employee_id`),
  ADD CONSTRAINT `employee_employeegro_group_id_id_8527138b_fk_auth_grou` FOREIGN KEY (`group_id_id`) REFERENCES `auth_group` (`id`);

--
-- Constraints for table `employee_employeepermission`
--
ALTER TABLE `employee_employeepermission`
  ADD CONSTRAINT `employee_employeeper_employee_id_d0fac65d_fk_employee_` FOREIGN KEY (`employee_id`) REFERENCES `employee_employee` (`employee_id`),
  ADD CONSTRAINT `employee_employeeper_permission_id_5436a46a_fk_auth_perm` FOREIGN KEY (`permission_id`) REFERENCES `auth_permission` (`id`);

--
-- Constraints for table `forget_password_forgetpassword`
--
ALTER TABLE `forget_password_forgetpassword`
  ADD CONSTRAINT `forget_password_forg_employee_id_id_f9143f22_fk_employee_` FOREIGN KEY (`employee_id_id`) REFERENCES `employee_employee` (`employee_id`);

--
-- Constraints for table `grpdev_groupdevice`
--
ALTER TABLE `grpdev_groupdevice`
  ADD CONSTRAINT `grpdev_groupdevice_device_id_id_58fe9d4a_fk_device_de` FOREIGN KEY (`device_id_id`) REFERENCES `device_device` (`device_id`),
  ADD CONSTRAINT `grpdev_groupdevice_group_id_id_8a0f00e2_fk_empgrp_group_group_id` FOREIGN KEY (`group_id_id`) REFERENCES `empgrp_group` (`group_id`);

--
-- Constraints for table `login_loginlog`
--
ALTER TABLE `login_loginlog`
  ADD CONSTRAINT `login_loginlog_employee_id_id_ae799f6a_fk_employee_` FOREIGN KEY (`employee_id_id`) REFERENCES `employee_employee` (`employee_id`);

--
-- Constraints for table `log_log`
--
ALTER TABLE `log_log`
  ADD CONSTRAINT `log_log_device_id_id_9b2f7b50_fk_device_device_device_id` FOREIGN KEY (`device_id_id`) REFERENCES `device_device` (`device_id`),
  ADD CONSTRAINT `log_log_employee_id_id_73254996_fk_employee_employee_employee_id` FOREIGN KEY (`employee_id_id`) REFERENCES `employee_employee` (`employee_id`);

--
-- Constraints for table `structuedlog_structuredlog`
--
ALTER TABLE `structuedlog_structuredlog`
  ADD CONSTRAINT `structuedlog_structu_device_id_id_23c1c761_fk_device_de` FOREIGN KEY (`device_id_id`) REFERENCES `device_device` (`device_id`),
  ADD CONSTRAINT `structuedlog_structu_employee_id_id_db29e624_fk_employee_` FOREIGN KEY (`employee_id_id`) REFERENCES `employee_employee` (`employee_id`),
  ADD CONSTRAINT `structuedlog_structu_group_id_id_dc15fcd6_fk_empgrp_gr` FOREIGN KEY (`group_id_id`) REFERENCES `empgrp_group` (`group_id`);
COMMIT;

/*!40101 SET CHARACTER_SET_CLIENT=@OLD_CHARACTER_SET_CLIENT */;
/*!40101 SET CHARACTER_SET_RESULTS=@OLD_CHARACTER_SET_RESULTS */;
/*!40101 SET COLLATION_CONNECTION=@OLD_COLLATION_CONNECTION */;
